Season,Name,Team,Name,Team,Season,IP,Pitches,K%,NameASCII,PlayerId,MLBAMID
2002,"Kevin Appier","ANA","Kevin Appier","ANA",2002,188.1,3177,0.16603774,"Kevin Appier",3,110293
2002,"Ramon Ortiz","ANA","Ramon Ortiz","ANA",2002,217.1,3270,0.18080357,"Ramon Ortiz",27,150009
2002,"Scott Schoeneweis","ANA","Scott Schoeneweis","ANA",2002,118,1758,0.12745098,"Scott Schoeneweis",33,150011
2002,"Aaron Sele","ANA","Aaron Sele","ANA",2002,160,2609,0.11614731,"Aaron Sele",34,121986
2002,"Jarrod Washburn","ANA","Jarrod Washburn","ANA",2002,206,3350,0.16314554,"Jarrod Washburn",40,132220
2002,"Brian Anderson","ARI","Brian Anderson","ARI",2002,156,2325,0.12291351,"Brian Anderson",44,110230
2002,"Miguel Batista","ARI","Miguel Batista","ARI",2002,184.2,2804,0.14177215,"Miguel Batista",46,110683
2002,"Rick Helling","ARI","Rick Helling","ARI",2002,175.2,2794,0.15978695,"Rick Helling",58,115727
2002,"Randy Johnson","ARI","Randy Johnson","ARI",2002,260,3993,0.32270531,"Randy Johnson",60,116615
2002,"Curt Schilling","ARI","Curt Schilling","ARI",2002,259.1,3722,0.3107178,"Curt Schilling",73,121811
2002,"Tom Glavine","ATL","Tom Glavine","ATL",2002,224.2,3597,0.13568376,"Tom Glavine",90,114849
2002,"Greg Maddux","ATL","Greg Maddux","ATL",2002,199.1,2679,0.14390244,"Greg Maddux",104,118120
2002,"Jason Marquis","ATL","Jason Marquis","ATL",2002,114.1,1947,0.16568047,"Jason Marquis",105,150302
2002,"Kevin Millwood","ATL","Kevin Millwood","ATL",2002,217,3338,0.19888268,"Kevin Millwood",106,119154
2002,"Damian Moss","ATL","Damian Moss","ATL",2002,179,2898,0.14939435,"Damian Moss",107,150305
2002,"Travis Driskill","BAL","Travis Driskill","BAL",2002,132.2,2185,0.13242784,"Travis Driskill",134,150344
2002,"Scott Erickson","BAL","Scott Erickson","BAL",2002,160.2,2683,0.10292072,"Scott Erickson",137,113884
2002,"Jason Johnson","BAL","Jason Johnson","BAL",2002,131.1,2123,0.17290553,"Jason Johnson",147,116595
2002,"Rodrigo Lopez","BAL","Rodrigo Lopez","BAL",2002,196.2,2987,0.16810878,"Rodrigo Lopez",150,150438
2002,"Sidney Ponson","BAL","Sidney Ponson","BAL",2002,176,2774,0.16304348,"Sidney Ponson",161,132260
2002,"John Burkett","BOS","John Burkett","BOS",2002,173,2698,0.16315789,"John Burkett",179,111734
2002,"Frank Castillo","BOS","Frank Castillo","BOS",2002,163.1,2773,0.15752461,"Frank Castillo",180,112113
2002,"Casey Fossum","BOS","Casey Fossum","BOS",2002,106.2,1809,0.21908894,"Casey Fossum",188,407154
2002,"Derek Lowe","BOS","Derek Lowe","BOS",2002,219.2,3076,0.14871194,"Derek Lowe",199,117955
2002,"Pedro Martínez","BOS","Pedro Martínez","BOS",2002,199.1,3096,0.30368488,"Pedro Martinez",200,118377
2002,"Tim Wakefield","BOS","Tim Wakefield","BOS",2002,163.1,2453,0.20395738,"Tim Wakefield",219,123801
2002,"Mark Buehrle","CHW","Mark Buehrle","CHW",2002,239,3512,0.13617886,"Mark Buehrle",225,279824
2002,"Jon Garland","CHW","Jon Garland","CHW",2002,192.2,3101,0.13542926,"Jon Garland",232,279782
2002,"Gary Glover","CHW","Gary Glover","CHW",2002,138.1,2298,0.11589404,"Gary Glover",234,150474
2002,"Todd Ritchie","CHW","Todd Ritchie","CHW",2002,133.2,2297,0.12359551,"Todd Ritchie",253,121234
2002,"Dan Wright","CHW","Dan Wright","CHW",2002,196.1,3148,0.15906433,"Dan Wright",258,216106
2002,"Matt Clement","CHC","Matt Clement","CHC",2002,205,3244,0.25058275,"Matt Clement",271,136725
2002,"Jon Lieber","CHC","Jon Lieber","CHC",2002,141,1939,0.14948454,"Jon Lieber",287,117758
2002,"Mark Prior","CHC","Mark Prior","CHC",2002,116.2,2027,0.30246914,"Mark Prior",301,407578
2002,"Kerry Wood","CHC","Kerry Wood","CHC",2002,213.2,3386,0.2424581,"Kerry Wood",304,134268
2002,"Carlos Zambrano","CHC","Carlos Zambrano","CHC",2002,108.1,1893,0.19496855,"Carlos Zambrano",305,407296
2002,"Elmer Dessens","CIN","Elmer Dessens","CIN",2002,178,2700,0.12618725,"Elmer Dessens",317,113296
2002,"Joey Hamilton","CIN","Joey Hamilton","CIN",2002,124.2,1974,0.1534296,"Joey Hamilton",328,115383
2002,"Jimmy Haynes","CIN","Jimmy Haynes","CIN",2002,196.2,3242,0.14788732,"Jimmy Haynes",329,115649
2002,"Chris Reitsma","CIN","Chris Reitsma","CIN",2002,138.1,2117,0.14046823,"Chris Reitsma",348,277410
2002,"Danys Baez","CLE","Danys Baez","CLE",2002,165.1,2904,0.17906336,"Danys Baez",367,276056
2002,"Bartolo Colon","- - -","Bartolo Colon","- - -",2002,233.1,3553,0.15424431,"Bartolo Colon",375,112526
2002,"Ryan Drese","CLE","Ryan Drese","CLE",2002,137.1,2445,0.16062992,"Ryan Drese",379,400181
2002,"Chuck Finley","- - -","Chuck Finley","- - -",2002,190.2,3130,0.21508035,"Chuck Finley",384,114133
2002,"CC Sabathia","CLE","CC Sabathia","CLE",2002,210,3391,0.16722783,"CC Sabathia",404,282332
2002,"Shawn Chacon","COL","Shawn Chacon","COL",2002,119.1,2015,0.12476723,"Shawn Chacon",424,276336
2002,"Mike Hampton","COL","Mike Hampton","COL",2002,178.2,3002,0.08830549,"Mike Hampton",430,115399
2002,"Jason Jennings","COL","Jason Jennings","COL",2002,185.1,3023,0.15717822,"Jason Jennings",434,407298
2002,"Denny Neagle","COL","Denny Neagle","COL",2002,164.1,2686,0.15331492,"Denny Neagle",441,119673
2002,"Denny Stark","COL","Denny Stark","COL",2002,128.1,2102,0.11552347,"Denny Stark",452,150128
2002,"John Thomson","- - -","John Thomson","- - -",2002,181.2,2953,0.13375,"John Thomson",453,123307
2002,"Adam Bernero","DET","Adam Bernero","DET",2002,101.2,1618,0.1503268,"Adam Bernero",460,333293
2002,"Mark Redman","DET","Mark Redman","DET",2002,203,3173,0.12703963,"Mark Redman",491,150230
2002,"Steve Sparks","DET","Steve Sparks","DET",2002,189,3075,0.11290323,"Steve Sparks",499,122562
2002,"Jeff Weaver","- - -","Jeff Weaver","- - -",2002,199.2,3097,0.15714286,"Jeff Weaver",503,213711
2002,"Josh Beckett","FLA","Josh Beckett","FLA",2002,107.2,1787,0.24889868,"Josh Beckett",510,277417
2002,"A.J. Burnett","FLA","A.J. Burnett","FLA",2002,204.1,3265,0.24052133,"A.J. Burnett",512,150359
2002,"Ryan Dempster","- - -","Ryan Dempster","- - -",2002,209,3348,0.16721311,"Ryan Dempster",517,133225
2002,"Brad Penny","FLA","Brad Penny","FLA",2002,129.1,2091,0.16202091,"Brad Penny",535,207267
2002,"Julian Tavarez","FLA","Julian Tavarez","FLA",2002,153.2,2599,0.09383754,"Julian Tavarez",541,123118
2002,"Michael Tejera","FLA","Michael Tejera","FLA",2002,139.2,2343,0.15548282,"Michael Tejera",542,150373
2002,"Carlos Hernández","HOU","Carlos Hernández","HOU",2002,111,1936,0.18787879,"Carlos Hernandez",560,400056
2002,"Wade Miller","HOU","Wade Miller","HOU",2002,164.2,2571,0.20930233,"Wade Miller",568,150063
2002,"Roy Oswalt","HOU","Roy Oswalt","HOU",2002,233,3428,0.21757322,"Roy Oswalt",571,400061
2002,"Miguel Asencio","KCR","Miguel Asencio","KCR",2002,123.1,2135,0.10412926,"Miguel Asencio",586,407900
2002,"Paul Byrd","KCR","Paul Byrd","KCR",2002,228.1,3220,0.13796791,"Paul Byrd",594,111838
2002,"Darrell May","KCR","Darrell May","KCR",2002,131.1,2199,0.16407599,"Darrell May",613,118469
2002,"Jeff Suppan","KCR","Jeff Suppan","KCR",2002,208,3446,0.11951754,"Jeff Suppan",633,122987
2002,"Andy Ashby","LAD","Andy Ashby","LAD",2002,181.2,2739,0.1387808,"Andy Ashby",637,110351
2002,"Omar Daal","LAD","Omar Daal","LAD",2002,161.1,2397,0.15718563,"Omar Daal",646,112984
2002,"Kaz Ishii","LAD","Kaz Ishii","LAD",2002,154,2713,0.2066474,"Kaz Ishii",655,408193
2002,"Hideo Nomo","LAD","Hideo Nomo","LAD",2002,220.1,3468,0.20842333,"Hideo Nomo",666,119827
2002,"Odalis Perez","LAD","Odalis Perez","LAD",2002,222.1,3027,0.17836594,"Odalis Perez",668,136602
2002,"Jose Cabrera","MIL","Jose Cabrera","MIL",2002,103.1,1809,0.12869198,"Jose Cabrera",679,111850
2002,"Ruben Quevedo","MIL","Ruben Quevedo","MIL",2002,139,2389,0.1466877,"Ruben Quevedo",705,275935
2002,"Glendon Rusch","MIL","Glendon Rusch","MIL",2002,210.2,3619,0.15334064,"Glendon Rusch",707,121556
2002,"Ben Sheets","MIL","Ben Sheets","MIL",2002,216.2,3515,0.18201285,"Ben Sheets",710,282656
2002,"Jamey Wright","- - -","Jamey Wright","- - -",2002,129.1,2112,0.13162393,"Jamey Wright",715,124604
2002,"Kyle Lohse","MIN","Kyle Lohse","MIN",2002,180.2,2984,0.15836526,"Kyle Lohse",739,346798
2002,"Eric Milton","MIN","Eric Milton","MIN",2002,171,2704,0.17114569,"Eric Milton",743,132980
2002,"Brad Radke","MIN","Brad Radke","MIN",2002,118.1,1729,0.12653061,"Brad Radke",748,120878
2002,"Rick Reed","MIN","Rick Reed","MIN",2002,188,2846,0.15552699,"Rick Reed",750,120999
2002,"Johan Santana","MIN","Johan Santana","MIN",2002,108.1,1842,0.30309735,"Johan Santana",755,276371
2002,"Tony Armas","MON","Tony Armas","MON",2002,164.1,2723,0.1858156,"Tony Armas",761,150393
2002,"Tomo Ohka","MON","Tomo Ohka","MON",2002,192.2,2863,0.14640199,"Tomo Ohka",788,219594
2002,"Carl Pavano","- - -","Carl Pavano","- - -",2002,136,2173,0.14862682,"Carl Pavano",790,134321
2002,"Javier Vazquez","MON","Javier Vazquez","MON",2002,230.1,3558,0.18434604,"Javier Vazquez",801,134320
2002,"Masato Yoshii","MON","Masato Yoshii","MON",2002,131.1,1871,0.13381555,"Masato Yoshii",807,134180
2002,"Roger Clemens","NYY","Roger Clemens","NYY",2002,180,3003,0.25,"Roger Clemens",815,112388
2002,"Orlando Hernandez","NYY","Orlando Hernandez","NYY",2002,146,2308,0.18646865,"Orlando Hernandez",823,133340
2002,"Ted Lilly","- - -","Ted Lilly","- - -",2002,100,1536,0.18644068,"Ted Lilly",833,150404
2002,"Mike Mussina","NYY","Mike Mussina","NYY",2002,215.2,3353,0.20541761,"Mike Mussina",837,119608
2002,"Andy Pettitte","NYY","Andy Pettitte","NYY",2002,134.2,2129,0.17017544,"Andy Pettitte",840,120485
2002,"David Wells","NYY","David Wells","NYY",2002,206.1,3137,0.15693013,"David Wells",855,124071
2002,"Pedro Astacio","NYM","Pedro Astacio","NYM",2002,191.2,3003,0.18357488,"Pedro Astacio",862,110359
2002,"Jeff D'Amico","NYM","Jeff D'Amico","NYM",2002,145.2,2313,0.1626409,"Jeff D'Amico",871,113026
2002,"Shawn Estes","- - -","Shawn Estes","- - -",2002,160.2,2737,0.15287518,"Shawn Estes",873,113915
2002,"Al Leiter","NYM","Al Leiter","NYM",2002,204.1,3415,0.19815668,"Al Leiter",883,117652
2002,"Steve Trachsel","NYM","Steve Trachsel","NYM",2002,173.2,2853,0.1417004,"Steve Trachsel",898,123431
2002,"Tim Hudson","OAK","Tim Hudson","OAK",2002,238.1,3455,0.15462869,"Tim Hudson",921,218596
2002,"Cory Lidle","OAK","Cory Lidle","OAK",2002,192,2873,0.13944724,"Cory Lidle",926,117756
2002,"Mark Mulder","OAK","Mark Mulder","OAK",2002,207.1,3013,0.18445476,"Mark Mulder",932,150426
2002,"Barry Zito","OAK","Barry Zito","OAK",2002,229.1,3702,0.19382322,"Barry Zito",944,217096
2002,"Terry Adams","PHI","Terry Adams","PHI",2002,136.2,2203,0.16271186,"Terry Adams",946,110067
2002,"Brandon Duckworth","PHI","Brandon Duckworth","PHI",2002,163,2889,0.23034483,"Brandon Duckworth",954,346855
2002,"Vicente Padilla","PHI","Vicente Padilla","PHI",2002,206,3042,0.14849188,"Vicente Padilla",964,218894
2002,"Randy Wolf","PHI","Randy Wolf","PHI",2002,210.2,3207,0.20116959,"Randy Wolf",976,150116
2002,"Jimmy Anderson","PIT","Jimmy Anderson","PIT",2002,140.2,2247,0.07389937,"Jimmy Anderson",977,150247
2002,"Kris Benson","PIT","Kris Benson","PIT",2002,130.1,2086,0.13715278,"Kris Benson",982,150249
2002,"Josh Fogg","PIT","Josh Fogg","PIT",2002,194.1,2953,0.13581731,"Josh Fogg",989,150319
2002,"Kip Wells","PIT","Kip Wells","PIT",2002,198.1,3088,0.15857988,"Kip Wells",1012,150337
2002,"Bobby Jones","SDP","Bobby Jones","SDP",2002,108,1698,0.12631579,"Bobby Jones",1039,116717
2002,"Brian Lawrence","SDP","Brian Lawrence","SDP",2002,210,3105,0.16666667,"Brian Lawrence",1045,400147
2002,"Brett Tomko","SDP","Brett Tomko","SDP",2002,204.1,3072,0.14466131,"Brett Tomko",1056,123387
2002,"James Baldwin","SEA","James Baldwin","SEA",2002,150,2301,0.13293051,"James Baldwin",1064,110503
2002,"Ryan Franklin","SEA","Ryan Franklin","SEA",2002,118.2,1749,0.13131313,"Ryan Franklin",1076,211041
2002,"Freddy Garcia","SEA","Freddy Garcia","SEA",2002,223.2,3610,0.1895288,"Freddy Garcia",1077,150119
2002,"John Halama","SEA","John Halama","SEA",2002,101,1604,0.15981735,"John Halama",1080,134280
2002,"Jamie Moyer","SEA","Jamie Moyer","SEA",2002,230.2,3447,0.15789474,"Jamie Moyer",1091,119469
2002,"Joel Pineiro","SEA","Joel Pineiro","SEA",2002,194.1,3095,0.16748768,"Joel Pineiro",1094,334492
2002,"Livan Hernandez","SFG","Livan Hernandez","SFG",2002,216,3476,0.14549403,"Livan Hernandez",1116,115817
2002,"Ryan Jensen","SFG","Ryan Jensen","SFG",2002,171.2,2765,0.14112903,"Ryan Jensen",1117,276528
2002,"Russ Ortiz","SFG","Russ Ortiz","SFG",2002,214.1,3599,0.15038419,"Russ Ortiz",1124,133460
2002,"Kirk Rueter","SFG","Kirk Rueter","SFG",2002,203.2,3269,0.08983452,"Kirk Rueter",1128,121541
2002,"Jason Schmidt","SFG","Jason Schmidt","SFG",2002,185.1,3032,0.25487646,"Jason Schmidt",1131,121834
2002,"Matt Morris","STL","Matt Morris","STL",2002,210.1,3208,0.19213483,"Matt Morris",1172,119403
2002,"Jason Simontacchi","STL","Jason Simontacchi","STL",2002,143.1,2184,0.12,"Jason Simontacchi",1181,421004
2002,"Woody Williams","STL","Woody Williams","STL",2002,103.1,1569,0.18446602,"Woody Williams",1190,124315
2002,"Joe Kennedy","TBD","Joe Kennedy","TBD",2002,196.2,3107,0.1297619,"Joe Kennedy",1217,406773
2002,"Tanyon Sturtze","TBD","Tanyon Sturtze","TBD",2002,224,3579,0.1359127,"Tanyon Sturtze",1230,122915
2002,"Paul Wilson","TBD","Paul Wilson","TBD",2002,193.2,3115,0.13043478,"Paul Wilson",1234,124417
2002,"Victor Zambrano","TBD","Victor Zambrano","TBD",2002,114,1911,0.14065511,"Victor Zambrano",1237,406913
2002,"Dave Burba","- - -","Dave Burba","- - -",2002,145.1,2418,0.14705882,"Dave Burba",1239,111692
2002,"Chan Ho Park","TEX","Chan Ho Park","TEX",2002,145.2,2545,0.18168168,"Chan Ho Park",1267,120221
2002,"Kenny Rogers","TEX","Kenny Rogers","TEX",2002,210.2,3332,0.11995516,"Kenny Rogers",1277,121386
2002,"Ismael Valdez","- - -","Ismael Valdez","- - -",2002,196,2959,0.12469438,"Ismael Valdez",1283,123595
2002,"Roy Halladay","TOR","Roy Halladay","TOR",2002,239.1,3509,0.16918429,"Roy Halladay",1303,136880
2002,"Esteban Loaiza","TOR","Esteban Loaiza","TOR",2002,151.1,2345,0.12985075,"Esteban Loaiza",1310,117842
2002,"Justin Miller","TOR","Justin Miller","TOR",2002,102.1,1773,0.14498934,"Justin Miller",1313,277405
2002,"Pete Walker","- - -","Pete Walker","- - -",2002,140.1,2248,0.13355593,"Pete Walker",1325,123839
2002,"John Lackey","ANA","John Lackey","ANA",2002,108.1,1774,0.1483871,"John Lackey",1507,407793
2002,"Mike Maroth","DET","Mike Maroth","DET",2002,128.2,1990,0.10780669,"Mike Maroth",1508,400077
2003,"Kevin Appier","- - -","Kevin Appier","- - -",2003,111.2,2006,0.11022044,"Kevin Appier",3,110293
2003,"Ramon Ortiz","ANA","Ramon Ortiz","ANA",2003,180,3018,0.11547912,"Ramon Ortiz",27,150009
2003,"Aaron Sele","ANA","Aaron Sele","ANA",2003,121.2,2086,0.09584087,"Aaron Sele",34,121986
2003,"Scot Shields","ANA","Scot Shields","ANA",2003,148.1,2281,0.18226601,"Scot Shields",35,276912
2003,"Jarrod Washburn","ANA","Jarrod Washburn","ANA",2003,207.1,3232,0.1347032,"Jarrod Washburn",40,132220
2003,"Brian Anderson","- - -","Brian Anderson","- - -",2003,197.2,2969,0.10596833,"Brian Anderson",44,110230
2003,"Miguel Batista","ARI","Miguel Batista","ARI",2003,193.1,2875,0.17274939,"Miguel Batista",46,110683
2003,"Rick Helling","- - -","Rick Helling","- - -",2003,155,2625,0.14736842,"Rick Helling",58,115727
2003,"Randy Johnson","ARI","Randy Johnson","ARI",2003,114,1809,0.25562372,"Randy Johnson",60,116615
2003,"Byung-Hyun Kim","- - -","Byung-Hyun Kim","- - -",2003,122.1,1954,0.19729207,"Byung-Hyun Kim",61,218294
2003,"Curt Schilling","ARI","Curt Schilling","ARI",2003,168,2452,0.28826152,"Curt Schilling",73,121811
2003,"Tom Glavine","NYM","Tom Glavine","NYM",2003,183.1,2925,0.10366625,"Tom Glavine",90,114849
2003,"Greg Maddux","ATL","Greg Maddux","ATL",2003,218.1,2935,0.13762486,"Greg Maddux",104,118120
2003,"Kevin Millwood","PHI","Kevin Millwood","PHI",2003,222,3487,0.18172043,"Kevin Millwood",106,119154
2003,"Damian Moss","- - -","Damian Moss","- - -",2003,165.2,2796,0.10367454,"Damian Moss",107,150305
2003,"Horacio Ramirez","ATL","Horacio Ramirez","ATL",2003,182.1,2842,0.12804097,"Horacio Ramirez",110,400141
2003,"Pat Hentgen","BAL","Pat Hentgen","BAL",2003,160.2,2566,0.14792899,"Pat Hentgen",145,115797
2003,"Jason Johnson","BAL","Jason Johnson","BAL",2003,189.2,3237,0.13752914,"Jason Johnson",147,116595
2003,"Rodrigo Lopez","BAL","Rodrigo Lopez","BAL",2003,147,2484,0.15535445,"Rodrigo Lopez",150,150438
2003,"Sidney Ponson","- - -","Sidney Ponson","- - -",2003,216,3081,0.14922049,"Sidney Ponson",161,132260
2003,"John Burkett","BOS","John Burkett","BOS",2003,181.2,2882,0.13630573,"John Burkett",179,111734
2003,"Derek Lowe","BOS","Derek Lowe","BOS",2003,203.1,3137,0.1241535,"Derek Lowe",199,117955
2003,"Pedro Martínez","BOS","Pedro Martínez","BOS",2003,186.2,2831,0.27503338,"Pedro Martinez",200,118377
2003,"Darren Oliver","COL","Darren Oliver","COL",2003,180.1,2747,0.11195929,"Darren Oliver",206,119984
2003,"Tim Wakefield","BOS","Tim Wakefield","BOS",2003,202.1,3176,0.19380734,"Tim Wakefield",219,123801
2003,"Mark Buehrle","CHW","Mark Buehrle","CHW",2003,230.1,3498,0.12167689,"Mark Buehrle",225,279824
2003,"Jon Garland","CHW","Jon Garland","CHW",2003,191.2,3034,0.13284133,"Jon Garland",232,279782
2003,"Matt Clement","CHC","Matt Clement","CHC",2003,201.2,3148,0.20094007,"Matt Clement",271,136725
2003,"Mark Prior","CHC","Mark Prior","CHC",2003,211.1,3399,0.2838934,"Mark Prior",301,407578
2003,"Kerry Wood","CHC","Kerry Wood","CHC",2003,211,3542,0.29988726,"Kerry Wood",304,134268
2003,"Carlos Zambrano","CHC","Carlos Zambrano","CHC",2003,214,3404,0.18522602,"Carlos Zambrano",305,407296
2003,"Jim Brower","SFG","Jim Brower","SFG",2003,100,1541,0.15815085,"Jim Brower",313,150342
2003,"Elmer Dessens","ARI","Elmer Dessens","ARI",2003,175.2,2907,0.1446863,"Elmer Dessens",317,113296
2003,"Danny Graves","CIN","Danny Graves","CIN",2003,169,2481,0.08097166,"Danny Graves",326,115056
2003,"Bartolo Colon","CHW","Bartolo Colon","CHW",2003,242,3523,0.17581301,"Bartolo Colon",375,112526
2003,"CC Sabathia","CLE","CC Sabathia","CLE",2003,197.2,3144,0.16947115,"CC Sabathia",404,282332
2003,"Billy Traber","CLE","Billy Traber","CLE",2003,111.2,1861,0.1749503,"Billy Traber",410,407896
2003,"Jake Westbrook","CLE","Jake Westbrook","CLE",2003,133,2090,0.1,"Jake Westbrook",412,150414
2003,"Shawn Chacon","COL","Shawn Chacon","COL",2003,137,2205,0.15604027,"Shawn Chacon",424,276336
2003,"Mike Hampton","ATL","Mike Hampton","ATL",2003,190,2976,0.13365735,"Mike Hampton",430,115399
2003,"Jason Jennings","COL","Jason Jennings","COL",2003,181.1,3044,0.14512195,"Jason Jennings",434,407298
2003,"Jose Jimenez","COL","Jose Jimenez","COL",2003,101.2,1681,0.0955414,"Jose Jimenez",435,150455
2003,"John Thomson","TEX","John Thomson","TEX",2003,217,3334,0.14945055,"John Thomson",453,123307
2003,"Adam Bernero","- - -","Adam Bernero","- - -",2003,133.1,2164,0.13582343,"Adam Bernero",460,333293
2003,"Nate Cornejo","DET","Nate Cornejo","DET",2003,194.2,2985,0.05463183,"Nate Cornejo",462,407074
2003,"Mark Redman","FLA","Mark Redman","FLA",2003,190.2,3193,0.1882793,"Mark Redman",491,150230
2003,"Steve Sparks","- - -","Steve Sparks","- - -",2003,107,1624,0.1173913,"Steve Sparks",499,122562
2003,"Jeff Weaver","NYY","Jeff Weaver","NYY",2003,159.1,2669,0.12653061,"Jeff Weaver",503,213711
2003,"Josh Beckett","FLA","Josh Beckett","FLA",2003,142,2295,0.25291181,"Josh Beckett",510,277417
2003,"Ryan Dempster","CIN","Ryan Dempster","CIN",2003,115.2,1979,0.15412844,"Ryan Dempster",517,133225
2003,"Brad Penny","FLA","Brad Penny","FLA",2003,196.1,3056,0.1701603,"Brad Penny",535,207267
2003,"Wayne Franklin","MIL","Wayne Franklin","MIL",2003,194.2,3225,0.13333333,"Wayne Franklin",557,276356
2003,"Wade Miller","HOU","Wade Miller","HOU",2003,187.1,3123,0.20200753,"Wade Miller",568,150063
2003,"Roy Oswalt","HOU","Roy Oswalt","HOU",2003,127.1,1923,0.21011673,"Roy Oswalt",571,400061
2003,"Tim Redding","HOU","Tim Redding","HOU",2003,176,2928,0.15084525,"Tim Redding",573,400062
2003,"Shane Reynolds","ATL","Shane Reynolds","ATL",2003,167.1,2660,0.12859097,"Shane Reynolds",574,121110
2003,"Jeremy Affeldt","KCR","Jeremy Affeldt","KCR",2003,126,2079,0.18386492,"Jeremy Affeldt",583,346793
2003,"Darrell May","KCR","Darrell May","KCR",2003,210,3252,0.13248848,"Darrell May",613,118469
2003,"Jeff Suppan","- - -","Jeff Suppan","- - -",2003,204,3202,0.12600229,"Jeff Suppan",633,122987
2003,"Kevin Brown","LAD","Kevin Brown","LAD",2003,211,3102,0.2161215,"Kevin Brown",642,111554
2003,"Kaz Ishii","LAD","Kaz Ishii","LAD",2003,147,2668,0.21341463,"Kaz Ishii",655,408193
2003,"Hideo Nomo","LAD","Hideo Nomo","LAD",2003,218.1,3269,0.19732441,"Hideo Nomo",666,119827
2003,"Odalis Perez","LAD","Odalis Perez","LAD",2003,185.1,2853,0.18264249,"Odalis Perez",668,136602
2003,"Glendon Rusch","MIL","Glendon Rusch","MIL",2003,123.1,2146,0.16230366,"Glendon Rusch",707,121556
2003,"Ben Sheets","MIL","Ben Sheets","MIL",2003,220.2,3357,0.16863588,"Ben Sheets",710,282656
2003,"Matt Kinney","MIL","Matt Kinney","MIL",2003,190.2,3163,0.17945691,"Matt Kinney",737,150219
2003,"Kyle Lohse","MIN","Kyle Lohse","MIN",2003,201,3039,0.15294118,"Kyle Lohse",739,346798
2003,"Joe Mays","MIN","Joe Mays","MIN",2003,130,1985,0.08680556,"Joe Mays",740,150222
2003,"Brad Radke","MIN","Brad Radke","MIN",2003,212.1,3130,0.13513514,"Brad Radke",748,120878
2003,"Rick Reed","MIN","Rick Reed","MIN",2003,135,2053,0.12178388,"Rick Reed",750,120999
2003,"Johan Santana","MIN","Johan Santana","MIN",2003,158.1,2495,0.26242236,"Johan Santana",755,276371
2003,"Tomo Ohka","MON","Tomo Ohka","MON",2003,199,2975,0.13657407,"Tomo Ohka",788,219594
2003,"Carl Pavano","FLA","Carl Pavano","FLA",2003,201,3056,0.1572104,"Carl Pavano",790,134321
2003,"Javier Vazquez","MON","Javier Vazquez","MON",2003,230.2,3734,0.25692964,"Javier Vazquez",801,134320
2003,"Roger Clemens","NYY","Roger Clemens","NYY",2003,211.2,3458,0.21640091,"Roger Clemens",815,112388
2003,"Ted Lilly","OAK","Ted Lilly","OAK",2003,178.1,2929,0.19016818,"Ted Lilly",833,150404
2003,"Mike Mussina","NYY","Mike Mussina","NYY",2003,214.2,3238,0.22807018,"Mike Mussina",837,119608
2003,"Andy Pettitte","NYY","Andy Pettitte","NYY",2003,208.1,3387,0.20089286,"Andy Pettitte",840,120485
2003,"David Wells","NYY","David Wells","NYY",2003,213,3001,0.11386697,"David Wells",855,124071
2003,"Jeff D'Amico","PIT","Jeff D'Amico","PIT",2003,175.1,2654,0.13071895,"Jeff D'Amico",871,113026
2003,"Shawn Estes","CHC","Shawn Estes","CHC",2003,152.1,2612,0.14735336,"Shawn Estes",873,113915
2003,"Al Leiter","NYM","Al Leiter","NYM",2003,180.2,3246,0.17418546,"Al Leiter",883,117652
2003,"Jae Weong Seo","NYM","Jae Weong Seo","NYM",2003,188.1,2941,0.13647643,"Jae Weong Seo",895,150242
2003,"Steve Trachsel","NYM","Steve Trachsel","NYM",2003,204.2,3325,0.12952159,"Steve Trachsel",898,123431
2003,"Tim Hudson","OAK","Tim Hudson","OAK",2003,240,3494,0.16752844,"Tim Hudson",921,218596
2003,"Cory Lidle","TOR","Cory Lidle","TOR",2003,192.2,2953,0.13333333,"Cory Lidle",926,117756
2003,"Mark Mulder","OAK","Mark Mulder","OAK",2003,186.2,2619,0.17135207,"Mark Mulder",932,150426
2003,"Barry Zito","OAK","Barry Zito","OAK",2003,231.2,3752,0.15256008,"Barry Zito",944,217096
2003,"Brett Myers","PHI","Brett Myers","PHI",2003,193,3013,0.16863208,"Brett Myers",962,408206
2003,"Vicente Padilla","PHI","Vicente Padilla","PHI",2003,208.2,3166,0.15182648,"Vicente Padilla",964,218894
2003,"Randy Wolf","PHI","Randy Wolf","PHI",2003,200,3275,0.20823529,"Randy Wolf",976,150116
2003,"Kris Benson","PIT","Kris Benson","PIT",2003,105,1737,0.14315789,"Kris Benson",982,150249
2003,"Josh Fogg","PIT","Josh Fogg","PIT",2003,142,2122,0.1136,"Josh Fogg",989,150319
2003,"Ron Villone","HOU","Ron Villone","HOU",2003,106.2,1790,0.20267261,"Ron Villone",1010,123725
2003,"Kip Wells","PIT","Kip Wells","PIT",2003,197.1,3201,0.1760479,"Kip Wells",1012,150337
2003,"Adam Eaton","SDP","Adam Eaton","SDP",2003,183,3056,0.18504436,"Adam Eaton",1029,284566
2003,"Brian Lawrence","SDP","Brian Lawrence","SDP",2003,210.2,3115,0.13122172,"Brian Lawrence",1045,400147
2003,"Jake Peavy","SDP","Jake Peavy","SDP",2003,194.2,3223,0.18863362,"Jake Peavy",1051,408241
2003,"Brett Tomko","STL","Brett Tomko","STL",2003,202.2,3280,0.12624585,"Brett Tomko",1056,123387
2003,"Ryan Franklin","SEA","Ryan Franklin","SEA",2003,212,3174,0.11288483,"Ryan Franklin",1076,211041
2003,"Freddy Garcia","SEA","Freddy Garcia","SEA",2003,201.1,3373,0.16705336,"Freddy Garcia",1077,150119
2003,"John Halama","OAK","John Halama","OAK",2003,108.2,1666,0.1053719,"John Halama",1080,134280
2003,"Gil Meche","SEA","Gil Meche","SEA",2003,186.1,3057,0.1656051,"Gil Meche",1089,219194
2003,"Jamie Moyer","SEA","Jamie Moyer","SEA",2003,215,3447,0.14381271,"Jamie Moyer",1091,119469
2003,"Joel Pineiro","SEA","Joel Pineiro","SEA",2003,211.2,3494,0.16966292,"Joel Pineiro",1094,334492
2003,"Livan Hernandez","MON","Livan Hernandez","MON",2003,233.1,3571,0.18407446,"Livan Hernandez",1116,115817
2003,"Russ Ortiz","ATL","Russ Ortiz","ATL",2003,212.1,3567,0.16337719,"Russ Ortiz",1124,133460
2003,"Kirk Rueter","SFG","Kirk Rueter","SFG",2003,147,2421,0.06487342,"Kirk Rueter",1128,121541
2003,"Jason Schmidt","SFG","Jason Schmidt","SFG",2003,207.2,3099,0.25396825,"Jason Schmidt",1131,121834
2003,"Jerome Williams","SFG","Jerome Williams","SFG",2003,131,2041,0.16146789,"Jerome Williams",1137,425532
2003,"Matt Morris","STL","Matt Morris","STL",2003,172.1,2502,0.17069701,"Matt Morris",1172,119403
2003,"Jason Simontacchi","STL","Jason Simontacchi","STL",2003,126.1,2050,0.13143872,"Jason Simontacchi",1181,421004
2003,"Garrett Stephenson","STL","Garrett Stephenson","STL",2003,174.1,2758,0.12182062,"Garrett Stephenson",1185,122751
2003,"Woody Williams","STL","Woody Williams","STL",2003,220.2,3641,0.16207627,"Woody Williams",1190,124315
2003,"Joe Kennedy","TBD","Joe Kennedy","TBD",2003,133.2,2252,0.12439418,"Joe Kennedy",1217,406773
2003,"Jorge Sosa","TBD","Jorge Sosa","TBD",2003,128.2,2124,0.12720848,"Jorge Sosa",1228,407901
2003,"Paul Wilson","CIN","Paul Wilson","CIN",2003,166.2,2591,0.12739726,"Paul Wilson",1234,124417
2003,"Victor Zambrano","TBD","Victor Zambrano","TBD",2003,188.1,3134,0.15789474,"Victor Zambrano",1237,406913
2003,"Doug Davis","- - -","Doug Davis","- - -",2003,109.1,1906,0.12627291,"Doug Davis",1244,150277
2003,"R.A. Dickey","TEX","R.A. Dickey","TEX",2003,116.2,2003,0.18323587,"R.A. Dickey",1245,285079
2003,"Colby Lewis","TEX","Colby Lewis","TEX",2003,127,2305,0.14814815,"Colby Lewis",1259,407890
2003,"Kenny Rogers","MIN","Kenny Rogers","MIN",2003,195,3109,0.13631022,"Kenny Rogers",1277,121386
2003,"Ismael Valdez","TEX","Ismael Valdez","TEX",2003,115,1828,0.09197652,"Ismael Valdez",1283,123595
2003,"Kelvim Escobar","TOR","Kelvim Escobar","TOR",2003,180.1,2984,0.19949812,"Kelvim Escobar",1298,113898
2003,"Roy Halladay","TOR","Roy Halladay","TOR",2003,266,3627,0.19047619,"Roy Halladay",1303,136880
2003,"Esteban Loaiza","CHW","Esteban Loaiza","CHW",2003,226.1,3503,0.22451193,"Esteban Loaiza",1310,117842
2003,"Joaquín Benoit","TEX","Joaquín Benoit","TEX",2003,105,1941,0.18831169,"Joaquin Benoit",1437,276542
2003,"Guillermo Mota","LAD","Guillermo Mota","LAD",2003,105,1578,0.24146341,"Guillermo Mota",1467,150407
2003,"Rob Bell","TBD","Rob Bell","TBD",2003,101,1590,0.1,"Rob Bell",1492,150174
2003,"Zach Day","MON","Zach Day","MON",2003,131.1,2072,0.10517241,"Zach Day",1496,400180
2003,"John Lackey","ANA","John Lackey","ANA",2003,204,3288,0.17062147,"John Lackey",1507,407793
2003,"Mike Maroth","DET","Mike Maroth","DET",2003,193.1,3124,0.10271547,"Mike Maroth",1508,400077
2003,"Oliver Pérez","- - -","Oliver Pérez","- - -",2003,126.2,2305,0.24352332,"Oliver Perez",1514,424144
2003,"John Riedling","CIN","John Riedling","CIN",2003,101,1666,0.14285714,"John Riedling",1515,150180
2003,"Aaron Cook","COL","Aaron Cook","COL",2003,124,2020,0.07426598,"Aaron Cook",1571,346871
2003,"Mark Hendrickson","TOR","Mark Hendrickson","TOR",2003,158.1,2536,0.10810811,"Mark Hendrickson",1574,424805
2003,"Jason Davis","CLE","Jason Davis","CLE",2003,165.1,2465,0.12212644,"Jason Davis",1598,425186
2003,"Jeriome Robertson","HOU","Jeriome Robertson","HOU",2003,160.2,2598,0.13924051,"Jeriome Robertson",1619,276359
2003,"Salomon Torres","PIT","Salomon Torres","PIT",2003,121,1855,0.16216216,"Salomon Torres",1628,123415
2003,"Jeremy Bonderman","DET","Jeremy Bonderman","DET",2003,162,2567,0.14855571,"Jeremy Bonderman",1667,425827
2003,"Matt Roney","DET","Matt Roney","DET",2003,100.2,1687,0.10467706,"Matt Roney",1670,425662
2003,"Jesse Foppert","SFG","Jesse Foppert","SFG",2003,111,2035,0.202,"Jesse Foppert",1688,425817
2003,"Brandon Webb","ARI","Brandon Webb","ARI",2003,180.2,2828,0.22933333,"Brandon Webb",1692,425630
2003,"Claudio Vargas","MON","Claudio Vargas","MON",2003,114,1882,0.12601626,"Claudio Vargas",1695,282567
2003,"Dontrelle Willis","FLA","Dontrelle Willis","FLA",2003,160.2,2661,0.21257485,"Dontrelle Willis",1703,425883
2003,"Geremi Gonzalez","TBD","Geremi Gonzalez","TBD",2003,156.1,2727,0.14520958,"Geremi Gonzalez",1711,114928
2004,"Ramon Ortiz","ANA","Ramon Ortiz","ANA",2004,128,1956,0.15101289,"Ramon Ortiz",27,150009
2004,"Scott Schoeneweis","CHW","Scott Schoeneweis","CHW",2004,112.2,1917,0.138,"Scott Schoeneweis",33,150011
2004,"Aaron Sele","ANA","Aaron Sele","ANA",2004,132,2250,0.08600337,"Aaron Sele",34,121986
2004,"Scot Shields","ANA","Scot Shields","ANA",2004,105.1,1721,0.24008811,"Scot Shields",35,276912
2004,"Jarrod Washburn","ANA","Jarrod Washburn","ANA",2004,149.1,2414,0.134375,"Jarrod Washburn",40,132220
2004,"Brian Anderson","KCR","Brian Anderson","KCR",2004,166,2772,0.09395973,"Brian Anderson",44,110230
2004,"Miguel Batista","TOR","Miguel Batista","TOR",2004,198.2,3262,0.11995386,"Miguel Batista",46,110683
2004,"Randy Johnson","ARI","Randy Johnson","ARI",2004,245.2,3633,0.30082988,"Randy Johnson",60,116615
2004,"Curt Schilling","BOS","Curt Schilling","BOS",2004,226.2,3410,0.22307692,"Curt Schilling",73,121811
2004,"Tom Glavine","NYM","Tom Glavine","NYM",2004,212.1,3396,0.12057522,"Tom Glavine",90,114849
2004,"Greg Maddux","CHC","Greg Maddux","CHC",2004,212.2,2924,0.17316514,"Greg Maddux",104,118120
2004,"Jason Marquis","STL","Jason Marquis","STL",2004,201.1,3325,0.15789474,"Jason Marquis",105,150302
2004,"Kevin Millwood","PHI","Kevin Millwood","PHI",2004,141,2341,0.19904459,"Kevin Millwood",106,119154
2004,"Erik Bedard","BAL","Erik Bedard","BAL",2004,137.1,2667,0.19115324,"Erik Bedard",126,407853
2004,"Jason Johnson","DET","Jason Johnson","DET",2004,196.2,3150,0.14551804,"Jason Johnson",147,116595
2004,"Rodrigo Lopez","BAL","Rodrigo Lopez","BAL",2004,170.2,2727,0.16946779,"Rodrigo Lopez",150,150438
2004,"Sidney Ponson","BAL","Sidney Ponson","BAL",2004,215.2,3312,0.12054507,"Sidney Ponson",161,132260
2004,"Casey Fossum","ARI","Casey Fossum","ARI",2004,142,2404,0.17944785,"Casey Fossum",188,407154
2004,"Dustin Hermanson","SFG","Dustin Hermanson","SFG",2004,131,2099,0.18053097,"Dustin Hermanson",195,115812
2004,"Sun-Woo Kim","MON","Sun-Woo Kim","MON",2004,135.2,2114,0.14427861,"Sun-Woo Kim",197,279615
2004,"Derek Lowe","BOS","Derek Lowe","BOS",2004,182.2,3070,0.12514899,"Derek Lowe",199,117955
2004,"Pedro Martínez","BOS","Pedro Martínez","BOS",2004,217,3488,0.25138427,"Pedro Martinez",200,118377
2004,"Tim Wakefield","BOS","Tim Wakefield","BOS",2004,188.1,2990,0.13959085,"Tim Wakefield",219,123801
2004,"Mark Buehrle","CHW","Mark Buehrle","CHW",2004,245.1,3689,0.16240157,"Mark Buehrle",225,279824
2004,"Jon Garland","CHW","Jon Garland","CHW",2004,217,3412,0.12242687,"Jon Garland",232,279782
2004,"Matt Clement","CHC","Matt Clement","CHC",2004,181,2995,0.24516129,"Matt Clement",271,136725
2004,"Jeff Fassero","- - -","Jeff Fassero","- - -",2004,112,1769,0.11811024,"Jeff Fassero",279,114032
2004,"Jon Lieber","NYY","Jon Lieber","NYY",2004,176.2,2545,0.13618158,"Jon Lieber",287,117758
2004,"Mark Prior","CHC","Mark Prior","CHC",2004,118.2,2060,0.27254902,"Mark Prior",301,407578
2004,"Kerry Wood","CHC","Kerry Wood","CHC",2004,140.1,2219,0.24201681,"Kerry Wood",304,134268
2004,"Carlos Zambrano","CHC","Carlos Zambrano","CHC",2004,209.2,3467,0.21195039,"Carlos Zambrano",305,407296
2004,"Jose Acevedo","CIN","Jose Acevedo","CIN",2004,157.2,2525,0.16619318,"Jose Acevedo",307,406895
2004,"Elmer Dessens","- - -","Elmer Dessens","- - -",2004,105,1801,0.15598291,"Elmer Dessens",317,113296
2004,"Bartolo Colon","ANA","Bartolo Colon","ANA",2004,208.1,3403,0.1761427,"Bartolo Colon",375,112526
2004,"Ryan Drese","TEX","Ryan Drese","TEX",2004,207.2,3100,0.10925307,"Ryan Drese",379,400181
2004,"CC Sabathia","CLE","CC Sabathia","CLE",2004,188,3105,0.17662008,"CC Sabathia",404,282332
2004,"Jake Westbrook","CLE","Jake Westbrook","CLE",2004,215.2,3144,0.12960894,"Jake Westbrook",412,150414
2004,"Jaret Wright","ATL","Jaret Wright","ATL",2004,186.1,2984,0.20358515,"Jaret Wright",415,124605
2004,"Scott Elarton","- - -","Scott Elarton","- - -",2004,158.2,2784,0.14777618,"Scott Elarton",426,134003
2004,"Mike Hampton","ATL","Mike Hampton","ATL",2004,172.1,2731,0.11447368,"Mike Hampton",430,115399
2004,"Jason Jennings","COL","Jason Jennings","COL",2004,201,3344,0.14378378,"Jason Jennings",434,407298
2004,"Dennys Reyes","KCR","Dennys Reyes","KCR",2004,108,1815,0.1884058,"Dennys Reyes",444,121096
2004,"Victor Santos","MIL","Victor Santos","MIL",2004,154,2602,0.16812865,"Victor Santos",446,276343
2004,"John Thomson","ATL","John Thomson","ATL",2004,198.1,2935,0.15947242,"John Thomson",453,123307
2004,"Jose Lima","LAD","Jose Lima","LAD",2004,170.1,2411,0.13247863,"Jose Lima",475,117769
2004,"Mark Redman","OAK","Mark Redman","OAK",2004,191,3118,0.12259615,"Mark Redman",491,150230
2004,"Steve Sparks","ARI","Steve Sparks","ARI",2004,120.2,1941,0.10458716,"Steve Sparks",499,122562
2004,"Jeff Weaver","LAD","Jeff Weaver","LAD",2004,220,3427,0.16363636,"Jeff Weaver",503,213711
2004,"Josh Beckett","FLA","Josh Beckett","FLA",2004,156.2,2451,0.2324159,"Josh Beckett",510,277417
2004,"A.J. Burnett","FLA","A.J. Burnett","FLA",2004,120,1816,0.23061224,"A.J. Burnett",512,150359
2004,"Brad Penny","- - -","Brad Penny","- - -",2004,143,2287,0.18813559,"Brad Penny",535,207267
2004,"Roy Oswalt","HOU","Roy Oswalt","HOU",2004,237,3587,0.20956256,"Roy Oswalt",571,400061
2004,"Tim Redding","HOU","Tim Redding","HOU",2004,100.2,1783,0.12043011,"Tim Redding",573,400062
2004,"Paul Byrd","ATL","Paul Byrd","ATL",2004,114.1,1666,0.16390041,"Paul Byrd",594,111838
2004,"Darrell May","KCR","Darrell May","KCR",2004,186,3001,0.14423077,"Darrell May",613,118469
2004,"Jeff Suppan","STL","Jeff Suppan","STL",2004,188,3049,0.13563502,"Jeff Suppan",633,122987
2004,"Kevin Brown","NYY","Kevin Brown","NYY",2004,132,2045,0.15063521,"Kevin Brown",642,111554
2004,"Kaz Ishii","LAD","Kaz Ishii","LAD",2004,172,2801,0.13217623,"Kaz Ishii",655,408193
2004,"Terry Mulholland","MIN","Terry Mulholland","MIN",2004,123.1,1878,0.10928962,"Terry Mulholland",665,119488
2004,"Odalis Perez","LAD","Odalis Perez","LAD",2004,196.1,2820,0.16264295,"Odalis Perez",668,136602
2004,"Glendon Rusch","CHC","Glendon Rusch","CHC",2004,129.2,2185,0.16513761,"Glendon Rusch",707,121556
2004,"Ben Sheets","MIL","Ben Sheets","MIL",2004,237,3580,0.28175027,"Ben Sheets",710,282656
2004,"Kyle Lohse","MIN","Kyle Lohse","MIN",2004,194,3330,0.12570781,"Kyle Lohse",739,346798
2004,"Eric Milton","PHI","Eric Milton","PHI",2004,201,3437,0.18677494,"Eric Milton",743,132980
2004,"Brad Radke","MIN","Brad Radke","MIN",2004,219.2,3340,0.15871254,"Brad Radke",748,120878
2004,"Johan Santana","MIN","Johan Santana","MIN",2004,228,3423,0.30079455,"Johan Santana",755,276371
2004,"Carl Pavano","FLA","Carl Pavano","FLA",2004,222.1,3155,0.15291529,"Carl Pavano",790,134321
2004,"Javier Vazquez","NYY","Javier Vazquez","NYY",2004,198,3206,0.17667845,"Javier Vazquez",801,134320
2004,"Roger Clemens","HOU","Roger Clemens","HOU",2004,214.1,3431,0.24829157,"Roger Clemens",815,112388
2004,"Ted Lilly","TOR","Ted Lilly","TOR",2004,197.1,3306,0.19881657,"Ted Lilly",833,150404
2004,"Mike Mussina","NYY","Mike Mussina","NYY",2004,164.2,2603,0.18938307,"Mike Mussina",837,119608
2004,"David Wells","SDP","David Wells","SDP",2004,195.2,2805,0.12562189,"David Wells",855,124071
2004,"Shawn Estes","COL","Shawn Estes","COL",2004,202,3371,0.12942478,"Shawn Estes",873,113915
2004,"Al Leiter","NYM","Al Leiter","NYM",2004,173.2,3246,0.156,"Al Leiter",883,117652
2004,"Jae Weong Seo","NYM","Jae Weong Seo","NYM",2004,117.2,1820,0.10546875,"Jae Weong Seo",895,150242
2004,"Steve Trachsel","NYM","Steve Trachsel","NYM",2004,202.2,3348,0.13280363,"Steve Trachsel",898,123431
2004,"Tim Hudson","OAK","Tim Hudson","OAK",2004,188.2,2764,0.12988651,"Tim Hudson",921,218596
2004,"Cory Lidle","- - -","Cory Lidle","- - -",2004,211.1,3137,0.13830955,"Cory Lidle",926,117756
2004,"Mark Mulder","OAK","Mark Mulder","OAK",2004,225.2,3295,0.14705882,"Mark Mulder",932,150426
2004,"Barry Zito","OAK","Barry Zito","OAK",2004,213,3688,0.17602592,"Barry Zito",944,217096
2004,"Brett Myers","PHI","Brett Myers","PHI",2004,176,2827,0.14910026,"Brett Myers",962,408206
2004,"Vicente Padilla","PHI","Vicente Padilla","PHI",2004,115.1,1782,0.16302187,"Vicente Padilla",964,218894
2004,"Carlos Silva","MIN","Carlos Silva","MIN",2004,203,2893,0.08745685,"Carlos Silva",973,400067
2004,"Randy Wolf","PHI","Randy Wolf","PHI",2004,136.2,2119,0.15213675,"Randy Wolf",976,150116
2004,"Bronson Arroyo","BOS","Bronson Arroyo","BOS",2004,178.2,2813,0.18586387,"Bronson Arroyo",978,276520
2004,"Kris Benson","- - -","Kris Benson","- - -",2004,200.1,3159,0.15690867,"Kris Benson",982,150249
2004,"Josh Fogg","PIT","Josh Fogg","PIT",2004,178.1,2793,0.10649351,"Josh Fogg",989,150319
2004,"Ron Villone","SEA","Ron Villone","SEA",2004,117,2073,0.16443595,"Ron Villone",1010,123725
2004,"Ryan Vogelsong","PIT","Ryan Vogelsong","PIT",2004,133,2304,0.15081967,"Ryan Vogelsong",1011,285064
2004,"Kip Wells","PIT","Kip Wells","PIT",2004,138.1,2402,0.18679549,"Kip Wells",1012,150337
2004,"Adam Eaton","SDP","Adam Eaton","SDP",2004,199.1,3258,0.18042453,"Adam Eaton",1029,284566
2004,"Brian Lawrence","SDP","Brian Lawrence","SDP",2004,203,3022,0.13908046,"Brian Lawrence",1045,400147
2004,"Jake Peavy","SDP","Jake Peavy","SDP",2004,166.1,2683,0.24927954,"Jake Peavy",1051,408241
2004,"Brett Tomko","SFG","Brett Tomko","SFG",2004,194,3171,0.13090909,"Brett Tomko",1056,123387
2004,"Ryan Franklin","SEA","Ryan Franklin","SEA",2004,200.1,3208,0.11954023,"Ryan Franklin",1076,211041
2004,"Freddy Garcia","- - -","Freddy Garcia","- - -",2004,210,3290,0.2095672,"Freddy Garcia",1077,150119
2004,"John Halama","TBD","John Halama","TBD",2004,118.2,1775,0.11500975,"John Halama",1080,134280
2004,"Gil Meche","SEA","Gil Meche","SEA",2004,127.2,2313,0.17522124,"Gil Meche",1089,219194
2004,"Jamie Moyer","SEA","Jamie Moyer","SEA",2004,202,3414,0.14076577,"Jamie Moyer",1091,119469
2004,"Joel Pineiro","SEA","Joel Pineiro","SEA",2004,140.2,2245,0.18624161,"Joel Pineiro",1094,334492
2004,"Livan Hernandez","MON","Livan Hernandez","MON",2004,255,3926,0.17663818,"Livan Hernandez",1116,115817
2004,"Russ Ortiz","ATL","Russ Ortiz","ATL",2004,204.2,3469,0.15959821,"Russ Ortiz",1124,133460
2004,"Kirk Rueter","SFG","Kirk Rueter","SFG",2004,190.1,3286,0.06666667,"Kirk Rueter",1128,121541
2004,"Jason Schmidt","SFG","Jason Schmidt","SFG",2004,225,3606,0.27673649,"Jason Schmidt",1131,121834
2004,"Jerome Williams","SFG","Jerome Williams","SFG",2004,129.1,2008,0.1431127,"Jerome Williams",1137,425532
2004,"Matt Morris","STL","Matt Morris","STL",2004,202,3078,0.15411765,"Matt Morris",1172,119403
2004,"Woody Williams","STL","Woody Williams","STL",2004,189.2,3129,0.16034272,"Woody Williams",1190,124315
2004,"Wilson Alvarez","LAD","Wilson Alvarez","LAD",2004,120.2,1894,0.20440882,"Wilson Alvarez",1193,110209
2004,"Dewon Brazelton","TBD","Dewon Brazelton","TBD",2004,120.2,2031,0.11962617,"Dewon Brazelton",1195,407376
2004,"Joe Kennedy","COL","Joe Kennedy","COL",2004,162.1,2507,0.16595745,"Joe Kennedy",1217,406773
2004,"Paul Wilson","CIN","Paul Wilson","CIN",2004,183.2,2875,0.14661654,"Paul Wilson",1234,124417
2004,"Victor Zambrano","- - -","Victor Zambrano","- - -",2004,142,2649,0.18923077,"Victor Zambrano",1237,406913
2004,"Doug Davis","MIL","Doug Davis","MIL",2004,207.1,3406,0.18863636,"Doug Davis",1244,150277
2004,"R.A. Dickey","TEX","R.A. Dickey","TEX",2004,104.1,1812,0.11875,"R.A. Dickey",1245,285079
2004,"Kenny Rogers","TEX","Kenny Rogers","TEX",2004,211.2,3506,0.13475936,"Kenny Rogers",1277,121386
2004,"Ismael Valdez","- - -","Ismael Valdez","- - -",2004,170,2684,0.08921438,"Ismael Valdez",1283,123595
2004,"Todd Van Poppel","CIN","Todd Van Poppel","CIN",2004,115.1,1897,0.14342629,"Todd Van Poppel",1284,123650
2004,"Chris Carpenter","STL","Chris Carpenter","STL",2004,182,2695,0.20375335,"Chris Carpenter",1292,112020
2004,"Kelvim Escobar","ANA","Kelvim Escobar","ANA",2004,208.1,3431,0.21753986,"Kelvim Escobar",1298,113898
2004,"Roy Halladay","TOR","Roy Halladay","TOR",2004,133,2050,0.16934046,"Roy Halladay",1303,136880
2004,"Esteban Loaiza","- - -","Esteban Loaiza","- - -",2004,183,3108,0.14303178,"Esteban Loaiza",1310,117842
2004,"Gary Knotts","DET","Gary Knotts","DET",2004,135.1,2179,0.13522538,"Gary Knotts",1428,276352
2004,"Joaquín Benoit","TEX","Joaquín Benoit","TEX",2004,103,1819,0.20833333,"Joaquin Benoit",1437,276542
2004,"Aaron Harang","CIN","Aaron Harang","CIN",2004,161,2729,0.17580872,"Aaron Harang",1451,421685
2004,"Josh Towers","TOR","Josh Towers","TOR",2004,116.1,1660,0.0984556,"Josh Towers",1489,346869
2004,"Rob Bell","TBD","Rob Bell","TBD",2004,123,1885,0.10775047,"Rob Bell",1492,150174
2004,"Zach Day","MON","Zach Day","MON",2004,116.2,1826,0.12298387,"Zach Day",1496,400180
2004,"John Lackey","ANA","John Lackey","ANA",2004,198.1,3203,0.16842105,"John Lackey",1507,407793
2004,"Mike Maroth","DET","Mike Maroth","DET",2004,217,3340,0.11637931,"Mike Maroth",1508,400077
2004,"Oliver Pérez","PIT","Oliver Pérez","PIT",2004,196,3134,0.29689441,"Oliver Perez",1514,424144
2004,"Mark Hendrickson","TBD","Mark Hendrickson","TBD",2004,183.1,2876,0.10834371,"Mark Hendrickson",1574,424805
2004,"Jason Davis","CLE","Jason Davis","CLE",2004,114.1,1978,0.13333333,"Jason Davis",1598,425186
2004,"Nate Robertson","DET","Nate Robertson","DET",2004,196.2,3076,0.18192488,"Nate Robertson",1620,425146
2004,"Cliff Lee","CLE","Cliff Lee","CLE",2004,179,3171,0.20074813,"Cliff Lee",1636,424324
2004,"Wes Obermueller","MIL","Wes Obermueller","MIL",2004,118,1915,0.11153119,"Wes Obermueller",1637,425286
2004,"Jose Contreras","- - -","Jose Contreras","- - -",2004,170.1,2993,0.19788918,"Jose Contreras",1660,425747
2004,"Jeremy Bonderman","DET","Jeremy Bonderman","DET",2004,184,2909,0.21185372,"Jeremy Bonderman",1667,425827
2004,"Brandon Webb","ARI","Brandon Webb","ARI",2004,208,3441,0.17577706,"Brandon Webb",1692,425630
2004,"Claudio Vargas","MON","Claudio Vargas","MON",2004,118.1,2137,0.16792453,"Claudio Vargas",1695,282567
2004,"Dontrelle Willis","FLA","Dontrelle Willis","FLA",2004,197,3126,0.16391509,"Dontrelle Willis",1703,425883
2004,"Rich Harden","OAK","Rich Harden","OAK",2004,189.2,3154,0.20797011,"Rich Harden",1772,425848
2004,"Jimmy Gobble","KCR","Jimmy Gobble","KCR",2004,148,2284,0.07680251,"Jimmy Gobble",1791,425471
2004,"Mike Wood","KCR","Mike Wood","KCR",2004,100,1569,0.125,"Mike Wood",1806,430061
2004,"Daniel Cabrera","BAL","Daniel Cabrera","BAL",2004,147.2,2496,0.11480363,"Daniel Cabrera",1931,425555
2004,"Zack Greinke","KCR","Zack Greinke","KCR",2004,145,2282,0.16694491,"Zack Greinke",1943,425844
2005,"Ramon Ortiz","CIN","Ramon Ortiz","CIN",2005,171.1,2637,0.12715232,"Ramon Ortiz",27,150009
2005,"Aaron Sele","SEA","Aaron Sele","SEA",2005,116,1950,0.10133843,"Aaron Sele",34,121986
2005,"Jarrod Washburn","LAA","Jarrod Washburn","LAA",2005,177.1,2711,0.12702703,"Jarrod Washburn",40,132220
2005,"Randy Johnson","NYY","Randy Johnson","NYY",2005,225.2,3426,0.22934783,"Randy Johnson",60,116615
2005,"Byung-Hyun Kim","COL","Byung-Hyun Kim","COL",2005,148,2577,0.17241379,"Byung-Hyun Kim",61,218294
2005,"John Patterson","WSN","John Patterson","WSN",2005,198.1,3179,0.22643819,"John Patterson",71,279568
2005,"Tom Glavine","NYM","Tom Glavine","NYM",2005,211.1,3270,0.11653718,"Tom Glavine",90,114849
2005,"Greg Maddux","CHC","Greg Maddux","CHC",2005,225,3099,0.14529915,"Greg Maddux",104,118120
2005,"Jason Marquis","STL","Jason Marquis","STL",2005,207,3238,0.11520737,"Jason Marquis",105,150302
2005,"Kevin Millwood","CLE","Kevin Millwood","CLE",2005,192,2964,0.18272841,"Kevin Millwood",106,119154
2005,"Horacio Ramirez","ATL","Horacio Ramirez","ATL",2005,202.1,3047,0.094451,"Horacio Ramirez",110,400141
2005,"John Smoltz","ATL","John Smoltz","ATL",2005,229.2,3298,0.18152524,"John Smoltz",115,122477
2005,"Erik Bedard","BAL","Erik Bedard","BAL",2005,141.2,2464,0.20627063,"Erik Bedard",126,407853
2005,"Jason Johnson","DET","Jason Johnson","DET",2005,210,3002,0.10472973,"Jason Johnson",147,116595
2005,"Rodrigo Lopez","BAL","Rodrigo Lopez","BAL",2005,209.1,3297,0.12854031,"Rodrigo Lopez",150,150438
2005,"Sidney Ponson","BAL","Sidney Ponson","BAL",2005,130.1,2070,0.11428571,"Sidney Ponson",161,132260
2005,"Casey Fossum","TBD","Casey Fossum","TBD",2005,162.2,2822,0.17655172,"Casey Fossum",188,407154
2005,"Derek Lowe","LAD","Derek Lowe","LAD",2005,222,3321,0.15631692,"Derek Lowe",199,117955
2005,"Pedro Martínez","NYM","Pedro Martínez","NYM",2005,217,3044,0.24673784,"Pedro Martinez",200,118377
2005,"Tim Wakefield","BOS","Tim Wakefield","BOS",2005,225.1,3393,0.16012725,"Tim Wakefield",219,123801
2005,"Mark Buehrle","CHW","Mark Buehrle","CHW",2005,236.2,3477,0.15345005,"Mark Buehrle",225,279824
2005,"Jon Garland","CHW","Jon Garland","CHW",2005,221,3314,0.12763596,"Jon Garland",232,279782
2005,"Matt Clement","BOS","Matt Clement","BOS",2005,191,3181,0.17590361,"Matt Clement",271,136725
2005,"Jon Lieber","PHI","Jon Lieber","PHI",2005,218.1,3127,0.16337719,"Jon Lieber",287,117758
2005,"Mark Prior","CHC","Mark Prior","CHC",2005,166.2,2827,0.2681883,"Mark Prior",301,407578
2005,"Carlos Zambrano","CHC","Carlos Zambrano","CHC",2005,223.1,3562,0.22222222,"Carlos Zambrano",305,407296
2005,"Bartolo Colon","LAA","Bartolo Colon","LAA",2005,222.2,3248,0.17328918,"Bartolo Colon",375,112526
2005,"Ryan Drese","- - -","Ryan Drese","- - -",2005,129.1,2040,0.07890223,"Ryan Drese",379,400181
2005,"CC Sabathia","CLE","CC Sabathia","CLE",2005,196.2,3152,0.19562576,"CC Sabathia",404,282332
2005,"Jake Westbrook","CLE","Jake Westbrook","CLE",2005,210.2,3210,0.13296089,"Jake Westbrook",412,150414
2005,"Shawn Chacon","- - -","Shawn Chacon","- - -",2005,151.2,2496,0.12116564,"Shawn Chacon",424,276336
2005,"Scott Elarton","CLE","Scott Elarton","CLE",2005,181.2,2856,0.13307494,"Scott Elarton",426,134003
2005,"Jason Jennings","COL","Jason Jennings","COL",2005,122,1985,0.13611615,"Jason Jennings",434,407298
2005,"Victor Santos","MIL","Victor Santos","MIL",2005,141.2,2412,0.1390625,"Victor Santos",446,276343
2005,"Jose Lima","KCR","Jose Lima","KCR",2005,168.2,2868,0.1025641,"Jose Lima",475,117769
2005,"Brian Moehler","FLA","Brian Moehler","FLA",2005,158.1,2473,0.13649425,"Brian Moehler",480,119215
2005,"Mark Redman","PIT","Mark Redman","PIT",2005,178.1,2729,0.13448735,"Mark Redman",491,150230
2005,"Jeff Weaver","LAD","Jeff Weaver","LAD",2005,224,3374,0.1688172,"Jeff Weaver",503,213711
2005,"Josh Beckett","FLA","Josh Beckett","FLA",2005,178.2,2806,0.22770919,"Josh Beckett",510,277417
2005,"A.J. Burnett","FLA","A.J. Burnett","FLA",2005,209,3296,0.22680412,"A.J. Burnett",512,150359
2005,"Brad Penny","LAD","Brad Penny","LAD",2005,175.1,2784,0.16531165,"Brad Penny",535,207267
2005,"Roy Oswalt","HOU","Roy Oswalt","HOU",2005,241.2,3600,0.18363273,"Roy Oswalt",571,400061
2005,"Paul Byrd","LAA","Paul Byrd","LAA",2005,204.1,2918,0.12114014,"Paul Byrd",594,111838
2005,"Jeff Suppan","STL","Jeff Suppan","STL",2005,194.1,3032,0.13669065,"Jeff Suppan",633,122987
2005,"Hideo Nomo","TBD","Hideo Nomo","TBD",2005,100.2,1739,0.125,"Hideo Nomo",666,119827
2005,"Odalis Perez","LAD","Odalis Perez","LAD",2005,108.2,1640,0.16335541,"Odalis Perez",668,136602
2005,"Glendon Rusch","CHC","Glendon Rusch","CHC",2005,145.1,2566,0.16946565,"Glendon Rusch",707,121556
2005,"Ben Sheets","MIL","Ben Sheets","MIL",2005,156.2,2298,0.22274882,"Ben Sheets",710,282656
2005,"Jamey Wright","COL","Jamey Wright","COL",2005,171.1,2726,0.12915601,"Jamey Wright",715,124604
2005,"Kyle Lohse","MIN","Kyle Lohse","MIN",2005,178.2,2875,0.11183355,"Kyle Lohse",739,346798
2005,"Joe Mays","MIN","Joe Mays","MIN",2005,156,2394,0.08550725,"Joe Mays",740,150222
2005,"Eric Milton","CIN","Eric Milton","CIN",2005,186.1,3164,0.14385965,"Eric Milton",743,132980
2005,"Brad Radke","MIN","Brad Radke","MIN",2005,200.2,2936,0.14079422,"Brad Radke",748,120878
2005,"Johan Santana","MIN","Johan Santana","MIN",2005,231.2,3335,0.26153846,"Johan Santana",755,276371
2005,"Tony Armas","WSN","Tony Armas","WSN",2005,101.1,1789,0.13053097,"Tony Armas",761,150393
2005,"Bruce Chen","BAL","Bruce Chen","BAL",2005,197.1,3141,0.15985577,"Bruce Chen",769,136600
2005,"Tomo Ohka","- - -","Tomo Ohka","- - -",2005,180.1,2824,0.12661499,"Tomo Ohka",788,219594
2005,"Carl Pavano","NYY","Carl Pavano","NYY",2005,100,1552,0.12669683,"Carl Pavano",790,134321
2005,"Javier Vazquez","ARI","Javier Vazquez","ARI",2005,215.2,3322,0.21238938,"Javier Vazquez",801,134320
2005,"Brandon Claussen","CIN","Brandon Claussen","CIN",2005,166.2,2844,0.16552668,"Brandon Claussen",814,407799
2005,"Roger Clemens","HOU","Roger Clemens","HOU",2005,211.1,3203,0.22076372,"Roger Clemens",815,112388
2005,"Orlando Hernandez","CHW","Orlando Hernandez","CHW",2005,128.1,2247,0.16021127,"Orlando Hernandez",823,133340
2005,"Ted Lilly","TOR","Ted Lilly","TOR",2005,126.1,2139,0.16961131,"Ted Lilly",833,150404
2005,"Mike Mussina","NYY","Mike Mussina","NYY",2005,179.2,2978,0.18537859,"Mike Mussina",837,119608
2005,"Andy Pettitte","HOU","Andy Pettitte","HOU",2005,222.1,3191,0.19542857,"Andy Pettitte",840,120485
2005,"David Wells","BOS","David Wells","BOS",2005,184,2775,0.13717949,"David Wells",855,124071
2005,"Pedro Astacio","- - -","Pedro Astacio","- - -",2005,126.2,1990,0.14444444,"Pedro Astacio",862,110359
2005,"Shawn Estes","ARI","Shawn Estes","ARI",2005,123.2,1938,0.11775701,"Shawn Estes",873,113915
2005,"Al Leiter","- - -","Al Leiter","- - -",2005,142.1,2845,0.14499253,"Al Leiter",883,117652
2005,"Tim Hudson","ATL","Tim Hudson","ATL",2005,192,2890,0.14075887,"Tim Hudson",921,218596
2005,"Cory Lidle","PHI","Cory Lidle","PHI",2005,184.2,2793,0.15277778,"Cory Lidle",926,117756
2005,"Mark Mulder","STL","Mark Mulder","STL",2005,205,3015,0.12788018,"Mark Mulder",932,150426
2005,"Barry Zito","OAK","Barry Zito","OAK",2005,228.1,3804,0.17943337,"Barry Zito",944,217096
2005,"Brett Myers","PHI","Brett Myers","PHI",2005,215.1,3474,0.22983425,"Brett Myers",962,408206
2005,"Vicente Padilla","PHI","Vicente Padilla","PHI",2005,147,2552,0.15749235,"Vicente Padilla",964,218894
2005,"Carlos Silva","MIN","Carlos Silva","MIN",2005,188.1,2294,0.09479306,"Carlos Silva",973,400067
2005,"Bronson Arroyo","BOS","Bronson Arroyo","BOS",2005,205.1,3300,0.11389522,"Bronson Arroyo",978,276520
2005,"Kris Benson","NYM","Kris Benson","NYM",2005,174.1,2739,0.12890095,"Kris Benson",982,150249
2005,"Josh Fogg","PIT","Josh Fogg","PIT",2005,169.1,2707,0.11455526,"Josh Fogg",989,150319
2005,"Kip Wells","PIT","Kip Wells","PIT",2005,182,3106,0.15942029,"Kip Wells",1012,150337
2005,"Dave Williams","PIT","Dave Williams","PIT",2005,138.2,2227,0.14666667,"Dave Williams",1013,400063
2005,"Adam Eaton","SDP","Adam Eaton","SDP",2005,128.2,2234,0.17605634,"Adam Eaton",1029,284566
2005,"Brian Lawrence","SDP","Brian Lawrence","SDP",2005,195.2,2942,0.12793427,"Brian Lawrence",1045,400147
2005,"Jake Peavy","SDP","Jake Peavy","SDP",2005,203,3157,0.26600985,"Jake Peavy",1051,408241
2005,"Brett Tomko","SFG","Brett Tomko","SFG",2005,190.2,3079,0.13851762,"Brett Tomko",1056,123387
2005,"Ryan Franklin","SEA","Ryan Franklin","SEA",2005,190.2,2929,0.11177885,"Ryan Franklin",1076,211041
2005,"Freddy Garcia","CHW","Freddy Garcia","CHW",2005,228,3395,0.15482503,"Freddy Garcia",1077,150119
2005,"Gil Meche","SEA","Gil Meche","SEA",2005,143.1,2580,0.13009404,"Gil Meche",1089,219194
2005,"Jamie Moyer","SEA","Jamie Moyer","SEA",2005,200,3263,0.11751152,"Jamie Moyer",1091,119469
2005,"Joel Pineiro","SEA","Joel Pineiro","SEA",2005,189,2925,0.13017032,"Joel Pineiro",1094,334492
2005,"Livan Hernandez","WSN","Livan Hernandez","WSN",2005,246.1,4009,0.13802817,"Livan Hernandez",1116,115817
2005,"Russ Ortiz","ARI","Russ Ortiz","ARI",2005,115,2077,0.08348457,"Russ Ortiz",1124,133460
2005,"Kirk Rueter","SFG","Kirk Rueter","SFG",2005,107.1,1851,0.05112474,"Kirk Rueter",1128,121541
2005,"Jason Schmidt","SFG","Jason Schmidt","SFG",2005,172,3049,0.21796565,"Jason Schmidt",1131,121834
2005,"Jerome Williams","- - -","Jerome Williams","- - -",2005,122.2,1936,0.13157895,"Jerome Williams",1137,425532
2005,"Matt Morris","STL","Matt Morris","STL",2005,192.2,2875,0.14303178,"Matt Morris",1172,119403
2005,"Woody Williams","SDP","Woody Williams","SDP",2005,159.2,2684,0.15208034,"Woody Williams",1190,124315
2005,"Joe Kennedy","- - -","Joe Kennedy","- - -",2005,152.2,2578,0.13778409,"Joe Kennedy",1217,406773
2005,"Jorge Sosa","ATL","Jorge Sosa","ATL",2005,134,2164,0.14731369,"Jorge Sosa",1228,407901
2005,"Victor Zambrano","NYM","Victor Zambrano","NYM",2005,166.1,2787,0.14973262,"Victor Zambrano",1237,406913
2005,"Doug Davis","MIL","Doug Davis","MIL",2005,222.2,3726,0.21987315,"Doug Davis",1244,150277
2005,"Chan Ho Park","- - -","Chan Ho Park","- - -",2005,155.1,2870,0.15804196,"Chan Ho Park",1267,120221
2005,"Kenny Rogers","TEX","Kenny Rogers","TEX",2005,195.1,3013,0.10507246,"Kenny Rogers",1277,121386
2005,"Chris Carpenter","STL","Chris Carpenter","STL",2005,241.2,3395,0.22350472,"Chris Carpenter",1292,112020
2005,"Roy Halladay","TOR","Roy Halladay","TOR",2005,141.2,1911,0.19529837,"Roy Halladay",1303,136880
2005,"Esteban Loaiza","WSN","Esteban Loaiza","WSN",2005,217,3341,0.18969298,"Esteban Loaiza",1310,117842
2005,"Aaron Harang","CIN","Aaron Harang","CIN",2005,211.2,3413,0.1837655,"Aaron Harang",1451,421685
2005,"Josh Towers","TOR","Josh Towers","TOR",2005,208.2,2954,0.12785388,"Josh Towers",1489,346869
2005,"John Lackey","LAA","John Lackey","LAA",2005,209,3489,0.22309417,"John Lackey",1507,407793
2005,"Mike Maroth","DET","Mike Maroth","DET",2005,209,3252,0.12935883,"Mike Maroth",1508,400077
2005,"Oliver Pérez","PIT","Oliver Pérez","PIT",2005,103,1871,0.2059448,"Oliver Perez",1514,424144
2005,"Kirk Saarloos","OAK","Kirk Saarloos","OAK",2005,159.2,2404,0.07771261,"Kirk Saarloos",1516,424164
2005,"Runelvys Hernandez","KCR","Runelvys Hernandez","KCR",2005,159.2,2550,0.12464589,"Runelvys Hernandez",1528,424465
2005,"Brandon Backe","HOU","Brandon Backe","HOU",2005,149.1,2316,0.14854518,"Brandon Backe",1529,407840
2005,"Mark Hendrickson","TBD","Mark Hendrickson","TBD",2005,178.1,2826,0.11180905,"Mark Hendrickson",1574,424805
2005,"Nate Robertson","DET","Nate Robertson","DET",2005,196.2,2931,0.14420804,"Nate Robertson",1620,425146
2005,"Cliff Lee","CLE","Cliff Lee","CLE",2005,202,3097,0.17064439,"Cliff Lee",1636,424324
2005,"Seth McClung","TBD","Seth McClung","TBD",2005,109.1,1987,0.184,"Seth McClung",1657,425528
2005,"Jose Contreras","CHW","Jose Contreras","CHW",2005,204.2,3169,0.17969662,"Jose Contreras",1660,425747
2005,"D.J. Carrasco","KCR","D.J. Carrasco","KCR",2005,114.2,1828,0.09589041,"D.J. Carrasco",1666,425647
2005,"Jeremy Bonderman","DET","Jeremy Bonderman","DET",2005,189,2855,0.18102372,"Jeremy Bonderman",1667,425827
2005,"Brandon Webb","ARI","Brandon Webb","ARI",2005,229,3374,0.18239661,"Brandon Webb",1692,425630
2005,"Claudio Vargas","- - -","Claudio Vargas","- - -",2005,132.1,2250,0.16211604,"Claudio Vargas",1695,282567
2005,"Chris Capuano","MIL","Chris Capuano","MIL",2005,219,3641,0.18545838,"Chris Capuano",1701,425626
2005,"Dontrelle Willis","FLA","Dontrelle Willis","FLA",2005,236.1,3556,0.17708333,"Dontrelle Willis",1703,425883
2005,"Aaron Heilman","NYM","Aaron Heilman","NYM",2005,108,1741,0.24145786,"Aaron Heilman",1751,408310
2005,"Dan Haren","OAK","Dan Haren","OAK",2005,217,3373,0.18171683,"Dan Haren",1757,429717
2005,"Rich Harden","OAK","Rich Harden","OAK",2005,128,1961,0.23540856,"Rich Harden",1772,425848
2005,"Mike Wood","KCR","Mike Wood","KCR",2005,115,1893,0.11538462,"Mike Wood",1806,430061
2005,"Doug Waechter","TBD","Doug Waechter","TBD",2005,157,2332,0.12572254,"Doug Waechter",1814,425531
2005,"Noah Lowry","SFG","Noah Lowry","SFG",2005,204.2,3546,0.19657143,"Noah Lowry",1833,430161
2005,"Daniel Cabrera","BAL","Daniel Cabrera","BAL",2005,161.1,2866,0.21927374,"Daniel Cabrera",1931,425555
2005,"Zack Greinke","KCR","Zack Greinke","KCR",2005,183,3091,0.13751508,"Zack Greinke",1943,425844
2005,"Gustavo Chacin","TOR","Gustavo Chacin","TOR",2005,203,3245,0.13876147,"Gustavo Chacin",2060,407860
2005,"Chien-Ming Wang","NYY","Chien-Ming Wang","NYY",2005,116.1,1597,0.09670782,"Chien-Ming Wang",2074,425426
2005,"Wandy Rodriguez","HOU","Wandy Rodriguez","HOU",2005,128.2,2076,0.14285714,"Wandy Rodriguez",2586,434643
2005,"Chris Young","TEX","Chris Young","TEX",2005,164.2,2859,0.19571429,"Chris Young",3196,432934
2005,"Ervin Santana","LAA","Ervin Santana","LAA",2005,133.2,2255,0.16981132,"Ervin Santana",3200,429722
2005,"D.J. Houlton","LAD","D.J. Houlton","LAD",2005,129,2179,0.15570934,"D.J. Houlton",3566,434885
2005,"Brad Hennessey","SFG","Brad Hennessey","SFG",2005,118.1,1964,0.12284069,"Brad Hennessey",3720,430913
2005,"Dave Bush","TOR","Dave Bush","TOR",2005,136.1,2138,0.13043478,"Dave Bush",4635,433657
2005,"Jeff Francis","COL","Jeff Francis","COL",2005,183.2,3150,0.15458937,"Jeff Francis",4684,433585
2005,"Brad Halsey","ARI","Brad Halsey","ARI",2005,160,2414,0.11714286,"Brad Halsey",4760,433517
2005,"Joe Blanton","OAK","Joe Blanton","OAK",2005,201.1,3071,0.13892216,"Joe Blanton",4849,430599
2005,"Scott Kazmir","TBD","Scott Kazmir","TBD",2005,186,3297,0.21271394,"Scott Kazmir",4897,431148
2006,"Ramon Ortiz","WSN","Ramon Ortiz","WSN",2006,190.2,3135,0.11940299,"Ramon Ortiz",27,150009
2006,"Aaron Sele","LAD","Aaron Sele","LAD",2006,103.1,1687,0.12638581,"Aaron Sele",34,121986
2006,"Jarrod Washburn","SEA","Jarrod Washburn","SEA",2006,187,3072,0.12731768,"Jarrod Washburn",40,132220
2006,"Miguel Batista","ARI","Miguel Batista","ARI",2006,206.1,3264,0.12087912,"Miguel Batista",46,110683
2006,"Randy Johnson","NYY","Randy Johnson","NYY",2006,205,3259,0.2,"Randy Johnson",60,116615
2006,"Byung-Hyun Kim","COL","Byung-Hyun Kim","COL",2006,155,2535,0.18722787,"Byung-Hyun Kim",61,218294
2006,"Curt Schilling","BOS","Curt Schilling","BOS",2006,204,3246,0.21942446,"Curt Schilling",73,121811
2006,"Tom Glavine","NYM","Tom Glavine","NYM",2006,198,3266,0.15558195,"Tom Glavine",90,114849
2006,"Greg Maddux","- - -","Greg Maddux","- - -",2006,210,2802,0.13573086,"Greg Maddux",104,118120
2006,"Jason Marquis","STL","Jason Marquis","STL",2006,194.1,3080,0.11034483,"Jason Marquis",105,150302
2006,"Kevin Millwood","TEX","Kevin Millwood","TEX",2006,215,3306,0.17309813,"Kevin Millwood",106,119154
2006,"John Smoltz","ATL","John Smoltz","ATL",2006,232,3535,0.21979167,"John Smoltz",115,122477
2006,"Erik Bedard","BAL","Erik Bedard","BAL",2006,196.1,3299,0.20260664,"Erik Bedard",126,407853
2006,"Jason Johnson","- - -","Jason Johnson","- - -",2006,115,1867,0.10246679,"Jason Johnson",147,116595
2006,"Rodrigo Lopez","BAL","Rodrigo Lopez","BAL",2006,189,3059,0.16056671,"Rodrigo Lopez",150,150438
2006,"Casey Fossum","TBD","Casey Fossum","TBD",2006,130,2187,0.14814815,"Casey Fossum",188,407154
2006,"Derek Lowe","LAD","Derek Lowe","LAD",2006,218,3276,0.1347207,"Derek Lowe",199,117955
2006,"Pedro Martínez","NYM","Pedro Martínez","NYM",2006,132.2,2112,0.24909091,"Pedro Martinez",200,118377
2006,"Tim Wakefield","BOS","Tim Wakefield","BOS",2006,140,2252,0.14754098,"Tim Wakefield",219,123801
2006,"Mark Buehrle","CHW","Mark Buehrle","CHW",2006,204,3103,0.11187215,"Mark Buehrle",225,279824
2006,"Jon Garland","CHW","Jon Garland","CHW",2006,211.1,3349,0.12444444,"Jon Garland",232,279782
2006,"Jon Lieber","PHI","Jon Lieber","PHI",2006,168,2495,0.14005602,"Jon Lieber",287,117758
2006,"Carlos Zambrano","CHC","Carlos Zambrano","CHC",2006,214,3626,0.22900763,"Carlos Zambrano",305,407296
2006,"CC Sabathia","CLE","CC Sabathia","CLE",2006,192.2,2931,0.21446384,"CC Sabathia",404,282332
2006,"Jake Westbrook","CLE","Jake Westbrook","CLE",2006,211.1,3272,0.12057522,"Jake Westbrook",412,150414
2006,"Jaret Wright","NYY","Jaret Wright","NYY",2006,140.1,2359,0.1344,"Jaret Wright",415,124605
2006,"Shawn Chacon","- - -","Shawn Chacon","- - -",2006,109,1933,0.12015504,"Shawn Chacon",424,276336
2006,"Scott Elarton","KCR","Scott Elarton","KCR",2006,114.2,1901,0.09780439,"Scott Elarton",426,134003
2006,"Jason Jennings","COL","Jason Jennings","COL",2006,212,3284,0.15742794,"Jason Jennings",434,407298
2006,"Victor Santos","PIT","Victor Santos","PIT",2006,115.1,2037,0.15517241,"Victor Santos",446,276343
2006,"Brian Moehler","FLA","Brian Moehler","FLA",2006,122,1947,0.10431655,"Brian Moehler",480,119215
2006,"Mark Redman","KCR","Mark Redman","KCR",2006,167,2759,0.1027027,"Mark Redman",491,150230
2006,"Jeff Weaver","- - -","Jeff Weaver","- - -",2006,172,2880,0.13896104,"Jeff Weaver",503,213711
2006,"Josh Beckett","BOS","Josh Beckett","BOS",2006,204.2,3237,0.18181818,"Josh Beckett",510,277417
2006,"A.J. Burnett","TOR","A.J. Burnett","TOR",2006,135.2,2171,0.20450607,"A.J. Burnett",512,150359
2006,"Brad Penny","LAD","Brad Penny","LAD",2006,189,3235,0.18204182,"Brad Penny",535,207267
2006,"Roy Oswalt","HOU","Roy Oswalt","HOU",2006,220.2,3255,0.18526786,"Roy Oswalt",571,400061
2006,"Paul Byrd","CLE","Paul Byrd","CLE",2006,179,2859,0.10931677,"Paul Byrd",594,111838
2006,"Jeff Suppan","STL","Jeff Suppan","STL",2006,190,3067,0.12425329,"Jeff Suppan",633,122987
2006,"Odalis Perez","- - -","Odalis Perez","- - -",2006,126.1,2085,0.14136126,"Odalis Perez",668,136602
2006,"Ben Sheets","MIL","Ben Sheets","MIL",2006,106,1569,0.26976744,"Ben Sheets",710,282656
2006,"Jamey Wright","SFG","Jamey Wright","SFG",2006,156,2387,0.11686391,"Jamey Wright",715,124604
2006,"Kyle Lohse","- - -","Kyle Lohse","- - -",2006,126.2,2096,0.17137809,"Kyle Lohse",739,346798
2006,"Eric Milton","CIN","Eric Milton","CIN",2006,152.2,2374,0.13595166,"Eric Milton",743,132980
2006,"Brad Radke","MIN","Brad Radke","MIN",2006,162.1,2478,0.12046444,"Brad Radke",748,120878
2006,"Johan Santana","MIN","Johan Santana","MIN",2006,233.2,3450,0.26543879,"Johan Santana",755,276371
2006,"Tony Armas","WSN","Tony Armas","WSN",2006,154,2772,0.13997114,"Tony Armas",761,150393
2006,"Javier Vazquez","CHW","Javier Vazquez","CHW",2006,202.2,3317,0.21100917,"Javier Vazquez",801,134320
2006,"Roger Clemens","HOU","Roger Clemens","HOU",2006,113.1,1823,0.22616408,"Roger Clemens",815,112388
2006,"Orlando Hernandez","- - -","Orlando Hernandez","- - -",2006,162.1,2847,0.23462089,"Orlando Hernandez",823,133340
2006,"Ted Lilly","TOR","Ted Lilly","TOR",2006,181.2,3184,0.20075282,"Ted Lilly",833,150404
2006,"Mike Mussina","NYY","Mike Mussina","NYY",2006,197.1,3038,0.21393035,"Mike Mussina",837,119608
2006,"Andy Pettitte","HOU","Andy Pettitte","HOU",2006,214.1,3486,0.19160388,"Andy Pettitte",840,120485
2006,"Jae Weong Seo","- - -","Jae Weong Seo","- - -",2006,157,2576,0.12446959,"Jae Weong Seo",895,150242
2006,"Steve Trachsel","NYM","Steve Trachsel","NYM",2006,164.2,2816,0.10733696,"Steve Trachsel",898,123431
2006,"Tim Hudson","ATL","Tim Hudson","ATL",2006,218.1,3418,0.14702815,"Tim Hudson",921,218596
2006,"Cory Lidle","- - -","Cory Lidle","- - -",2006,170.2,2766,0.17449664,"Cory Lidle",926,117756
2006,"Barry Zito","OAK","Barry Zito","OAK",2006,221,3665,0.15978836,"Barry Zito",944,217096
2006,"Brett Myers","PHI","Brett Myers","PHI",2006,198,3216,0.22689076,"Brett Myers",962,408206
2006,"Vicente Padilla","TEX","Vicente Padilla","TEX",2006,200,3283,0.17889908,"Vicente Padilla",964,218894
2006,"Carlos Silva","MIN","Carlos Silva","MIN",2006,180.1,2694,0.08631319,"Carlos Silva",973,400067
2006,"Bronson Arroyo","CIN","Bronson Arroyo","CIN",2006,240.2,3852,0.18548387,"Bronson Arroyo",978,276520
2006,"Kris Benson","BAL","Kris Benson","BAL",2006,183,2849,0.11267606,"Kris Benson",982,150249
2006,"Josh Fogg","COL","Josh Fogg","COL",2006,172,2763,0.12156863,"Josh Fogg",989,150319
2006,"Jake Peavy","SDP","Jake Peavy","SDP",2006,202.1,3354,0.25413712,"Jake Peavy",1051,408241
2006,"Brett Tomko","LAD","Brett Tomko","LAD",2006,112.1,1925,0.15478615,"Brett Tomko",1056,123387
2006,"Freddy Garcia","CHW","Freddy Garcia","CHW",2006,216.1,3317,0.14721919,"Freddy Garcia",1077,150119
2006,"Gil Meche","SEA","Gil Meche","SEA",2006,186.2,3297,0.19235512,"Gil Meche",1089,219194
2006,"Jamie Moyer","- - -","Jamie Moyer","- - -",2006,211.1,3273,0.12080537,"Jamie Moyer",1091,119469
2006,"Joel Pineiro","SEA","Joel Pineiro","SEA",2006,165.2,2751,0.11553785,"Joel Pineiro",1094,334492
2006,"Livan Hernandez","- - -","Livan Hernandez","- - -",2006,216,3489,0.13347237,"Livan Hernandez",1116,115817
2006,"Jason Schmidt","SFG","Jason Schmidt","SFG",2006,213.1,3461,0.20134228,"Jason Schmidt",1131,121834
2006,"Matt Morris","SFG","Matt Morris","SFG",2006,207.2,3270,0.12956811,"Matt Morris",1172,119403
2006,"Woody Williams","SDP","Woody Williams","SDP",2006,145.1,2285,0.11538462,"Woody Williams",1190,124315
2006,"Jorge Sosa","- - -","Jorge Sosa","- - -",2006,118,1963,0.14312977,"Jorge Sosa",1228,407901
2006,"Hector Carrasco","LAA","Hector Carrasco","LAA",2006,100.1,1517,0.17266187,"Hector Carrasco",1240,112031
2006,"Doug Davis","MIL","Doug Davis","MIL",2006,203.1,3486,0.17588496,"Doug Davis",1244,150277
2006,"Chan Ho Park","SDP","Chan Ho Park","SDP",2006,136.2,2190,0.15841584,"Chan Ho Park",1267,120221
2006,"Kenny Rogers","DET","Kenny Rogers","DET",2006,204,3123,0.11660777,"Kenny Rogers",1277,121386
2006,"Chris Carpenter","STL","Chris Carpenter","STL",2006,221.2,3256,0.20535714,"Chris Carpenter",1292,112020
2006,"Kelvim Escobar","LAA","Kelvim Escobar","LAA",2006,189.1,2913,0.18631179,"Kelvim Escobar",1298,113898
2006,"Roy Halladay","TOR","Roy Halladay","TOR",2006,220,3047,0.15068493,"Roy Halladay",1303,136880
2006,"Esteban Loaiza","OAK","Esteban Loaiza","OAK",2006,154.2,2385,0.14285714,"Esteban Loaiza",1310,117842
2006,"Aaron Harang","CIN","Aaron Harang","CIN",2006,234.1,3740,0.21752266,"Aaron Harang",1451,421685
2006,"John Lackey","LAA","John Lackey","LAA",2006,217.2,3512,0.20607375,"John Lackey",1507,407793
2006,"Oliver Pérez","- - -","Oliver Pérez","- - -",2006,112.2,2121,0.19281664,"Oliver Perez",1514,424144
2006,"Kirk Saarloos","OAK","Kirk Saarloos","OAK",2006,121.1,1966,0.09489051,"Kirk Saarloos",1516,424164
2006,"Runelvys Hernandez","KCR","Runelvys Hernandez","KCR",2006,109.2,1879,0.0984252,"Runelvys Hernandez",1528,424465
2006,"Luke Hudson","KCR","Luke Hudson","KCR",2006,102,1668,0.14545455,"Luke Hudson",1542,346873
2006,"Aaron Cook","COL","Aaron Cook","COL",2006,212.2,3115,0.10054645,"Aaron Cook",1571,346871
2006,"Mark Hendrickson","- - -","Mark Hendrickson","- - -",2006,164.2,2610,0.13769124,"Mark Hendrickson",1574,424805
2006,"Nate Robertson","DET","Nate Robertson","DET",2006,208.2,3107,0.15550511,"Nate Robertson",1620,425146
2006,"Cliff Lee","CLE","Cliff Lee","CLE",2006,200.2,3361,0.1462585,"Cliff Lee",1636,424324
2006,"Seth McClung","TBD","Seth McClung","TBD",2006,103,1943,0.1206544,"Seth McClung",1657,425528
2006,"Jose Contreras","CHW","Jose Contreras","CHW",2006,196,3041,0.16086435,"Jose Contreras",1660,425747
2006,"Jeremy Bonderman","DET","Jeremy Bonderman","DET",2006,214,3285,0.22369878,"Jeremy Bonderman",1667,425827
2006,"Brandon Webb","ARI","Brandon Webb","ARI",2006,235,3333,0.18736842,"Brandon Webb",1692,425630
2006,"Claudio Vargas","ARI","Claudio Vargas","ARI",2006,167.2,2866,0.16465863,"Claudio Vargas",1695,282567
2006,"Chris Capuano","MIL","Chris Capuano","MIL",2006,221.1,3379,0.18589744,"Chris Capuano",1701,425626
2006,"Dontrelle Willis","FLA","Dontrelle Willis","FLA",2006,223.1,3615,0.16410256,"Dontrelle Willis",1703,425883
2006,"Dan Haren","OAK","Dan Haren","OAK",2006,223,3487,0.18924731,"Dan Haren",1757,429717
2006,"Noah Lowry","SFG","Noah Lowry","SFG",2006,159.1,2618,0.12191582,"Noah Lowry",1833,430161
2006,"Ryan Madson","PHI","Ryan Madson","PHI",2006,134.1,2203,0.15967742,"Ryan Madson",1852,425492
2006,"Scott Proctor","NYY","Scott Proctor","NYY",2006,102.1,1594,0.20892019,"Scott Proctor",1911,429984
2006,"Daniel Cabrera","BAL","Daniel Cabrera","BAL",2006,148,2681,0.23716012,"Daniel Cabrera",1931,425555
2006,"Elizardo Ramirez","CIN","Elizardo Ramirez","CIN",2006,104,1704,0.1483871,"Elizardo Ramirez",1946,430579
2006,"Chien-Ming Wang","NYY","Chien-Ming Wang","NYY",2006,218,3055,0.08444444,"Chien-Ming Wang",2074,425426
2006,"John Koronka","TEX","John Koronka","TEX",2006,125,2031,0.1101083,"John Koronka",2130,425655
2006,"Adam Loewen","BAL","Adam Loewen","BAL",2006,112.1,1988,0.19444444,"Adam Loewen",2134,429400
2006,"Boof Bonser","MIN","Boof Bonser","MIN",2006,100.1,1568,0.20047733,"Boof Bonser",2159,425818
2006,"Taylor Buchholz","HOU","Taylor Buchholz","HOU",2006,113,1760,0.16075157,"Taylor Buchholz",2168,430587
2006,"Jake Woods","SEA","Jake Woods","SEA",2006,105,1845,0.13953488,"Jake Woods",2196,430646
2006,"Ian Snell","PIT","Ian Snell","PIT",2006,186,3035,0.20787208,"Ian Snell",2227,430636
2006,"Enrique Gonzalez","ARI","Enrique Gonzalez","ARI",2006,106.1,1724,0.14285714,"Enrique Gonzalez",2568,434619
2006,"Wandy Rodriguez","HOU","Wandy Rodriguez","HOU",2006,135.2,2275,0.1603928,"Wandy Rodriguez",2586,434643
2006,"Chris Young","SDP","Chris Young","SDP",2006,179.1,3028,0.22312925,"Chris Young",3196,432934
2006,"Ervin Santana","LAA","Ervin Santana","LAA",2006,204,3214,0.16666667,"Ervin Santana",3200,429722
2006,"Francisco Liriano","MIN","Francisco Liriano","MIN",2006,121,1798,0.30443975,"Francisco Liriano",3201,434538
2006,"Aníbal Sánchez","FLA","Aníbal Sánchez","FLA",2006,114.1,1766,0.15351812,"Anibal Sanchez",3284,434671
2006,"Ricky Nolasco","FLA","Ricky Nolasco","FLA",2006,140,2238,0.16150082,"Ricky Nolasco",3830,445060
2006,"Zach Duke","PIT","Zach Duke","PIT",2006,215.1,3276,0.12513369,"Zach Duke",3840,435043
2006,"Jered Weaver","LAA","Jered Weaver","LAA",2006,123,1932,0.21428571,"Jered Weaver",4235,450308
2006,"Scott Olsen","FLA","Scott Olsen","FLA",2006,180.2,2880,0.21813403,"Scott Olsen",4529,435179
2006,"Josh Johnson","FLA","Josh Johnson","FLA",2006,157,2583,0.20182094,"Josh Johnson",4567,435178
2006,"Clay Hensley","SDP","Clay Hensley","SDP",2006,187,2912,0.15501906,"Clay Hensley",4593,454535
2006,"Dave Bush","MIL","Dave Bush","MIL",2006,210,3030,0.19102417,"Dave Bush",4635,433657
2006,"Jeff Francis","COL","Jeff Francis","COL",2006,199,3179,0.13879004,"Jeff Francis",4684,433585
2006,"Matt Cain","SFG","Matt Cain","SFG",2006,190.2,3306,0.21882641,"Matt Cain",4732,430912
2006,"Félix Hernández","SEA","Félix Hernández","SEA",2006,191,3061,0.21568627,"Felix Hernandez",4772,433587
2006,"Joe Blanton","OAK","Joe Blanton","OAK",2006,194.1,3164,0.125,"Joe Blanton",4849,430599
2006,"Chuck James","ATL","Chuck James","ATL",2006,119,1955,0.18055556,"Chuck James",4886,460580
2006,"Scott Kazmir","TBD","Scott Kazmir","TBD",2006,144.2,2434,0.26721311,"Scott Kazmir",4897,431148
2006,"Cole Hamels","PHI","Cole Hamels","PHI",2006,132.1,2178,0.25985663,"Cole Hamels",4972,430935
2006,"Sean Marshall","CHC","Sean Marshall","CHC",2006,125.2,2058,0.13676732,"Sean Marshall",5905,445156
2006,"Michael O'Connor","WSN","Michael O'Connor","WSN",2006,105,1681,0.12967033,"Michael O'Connor",6457,456585
2006,"James Shields","TBD","James Shields","TBD",2006,124.2,1995,0.19259259,"James Shields",7059,448306
2006,"Paul Maholm","PIT","Paul Maholm","PIT",2006,176,2913,0.14847716,"Paul Maholm",8678,430904
2006,"Justin Verlander","DET","Justin Verlander","DET",2006,186,2972,0.15979381,"Justin Verlander",8700,434378
2007,"Ramon Ortiz","- - -","Ramon Ortiz","- - -",2007,104,1599,0.11111111,"Ramon Ortiz",27,150009
2007,"Jarrod Washburn","SEA","Jarrod Washburn","SEA",2007,193.2,3271,0.13587604,"Jarrod Washburn",40,132220
2007,"Miguel Batista","SEA","Miguel Batista","SEA",2007,193,3259,0.15465116,"Miguel Batista",46,110683
2007,"Byung-Hyun Kim","- - -","Byung-Hyun Kim","- - -",2007,118.1,2148,0.19039146,"Byung-Hyun Kim",61,218294
2007,"Curt Schilling","BOS","Curt Schilling","BOS",2007,151,2273,0.15955766,"Curt Schilling",73,121811
2007,"Tom Glavine","NYM","Tom Glavine","NYM",2007,200.1,3341,0.10409357,"Tom Glavine",90,114849
2007,"Greg Maddux","SDP","Greg Maddux","SDP",2007,198,2703,0.1253012,"Greg Maddux",104,118120
2007,"Jason Marquis","CHC","Jason Marquis","CHC",2007,191.2,3029,0.12884161,"Jason Marquis",105,150302
2007,"Kevin Millwood","TEX","Kevin Millwood","TEX",2007,172.2,2953,0.15609137,"Kevin Millwood",106,119154
2007,"John Smoltz","ATL","John Smoltz","ATL",2007,205.2,3062,0.23094959,"John Smoltz",115,122477
2007,"Erik Bedard","BAL","Erik Bedard","BAL",2007,182,2946,0.30150068,"Erik Bedard",126,407853
2007,"Derek Lowe","LAD","Derek Lowe","LAD",2007,199.1,3020,0.17689531,"Derek Lowe",199,117955
2007,"Tim Wakefield","BOS","Tim Wakefield","BOS",2007,189,2881,0.1375,"Tim Wakefield",219,123801
2007,"Mark Buehrle","CHW","Mark Buehrle","CHW",2007,201,3103,0.13772455,"Mark Buehrle",225,279824
2007,"Jon Garland","CHW","Jon Garland","CHW",2007,208.1,3293,0.11098528,"Jon Garland",232,279782
2007,"Carlos Zambrano","CHC","Carlos Zambrano","CHC",2007,216.1,3692,0.19135135,"Carlos Zambrano",305,407296
2007,"CC Sabathia","CLE","CC Sabathia","CLE",2007,241,3581,0.21435897,"CC Sabathia",404,282332
2007,"Jake Westbrook","CLE","Jake Westbrook","CLE",2007,152,2470,0.14351852,"Jake Westbrook",412,150414
2007,"Jeff Weaver","SEA","Jeff Weaver","SEA",2007,146.2,2407,0.1217656,"Jeff Weaver",503,213711
2007,"Josh Beckett","BOS","Josh Beckett","BOS",2007,200.2,3100,0.23600973,"Josh Beckett",510,277417
2007,"A.J. Burnett","TOR","A.J. Burnett","TOR",2007,165.2,2649,0.25470333,"A.J. Burnett",512,150359
2007,"Braden Looper","STL","Braden Looper","STL",2007,175,2807,0.11662198,"Braden Looper",526,131702
2007,"Brad Penny","LAD","Brad Penny","LAD",2007,208,3227,0.15606936,"Brad Penny",535,207267
2007,"Julian Tavarez","BOS","Julian Tavarez","BOS",2007,134.2,2311,0.12748344,"Julian Tavarez",541,123118
2007,"Roy Oswalt","HOU","Roy Oswalt","HOU",2007,212,3303,0.16923077,"Roy Oswalt",571,400061
2007,"Paul Byrd","CLE","Paul Byrd","CLE",2007,192.1,2836,0.10538922,"Paul Byrd",594,111838
2007,"Jeff Suppan","MIL","Jeff Suppan","MIL",2007,206.2,3328,0.12404788,"Jeff Suppan",633,122987
2007,"Odalis Perez","KCR","Odalis Perez","KCR",2007,137.1,2331,0.10223642,"Odalis Perez",668,136602
2007,"Ben Sheets","MIL","Ben Sheets","MIL",2007,141.1,2249,0.17905405,"Ben Sheets",710,282656
2007,"Kyle Lohse","- - -","Kyle Lohse","- - -",2007,192.2,3043,0.14716526,"Kyle Lohse",739,346798
2007,"Johan Santana","MIN","Johan Santana","MIN",2007,219,3345,0.26765376,"Johan Santana",755,276371
2007,"Javier Vazquez","CHW","Javier Vazquez","CHW",2007,216.2,3465,0.2414966,"Javier Vazquez",801,134320
2007,"Orlando Hernandez","NYM","Orlando Hernandez","NYM",2007,147.2,2485,0.21052632,"Orlando Hernandez",823,133340
2007,"Ted Lilly","CHC","Ted Lilly","CHC",2007,207,3240,0.20543093,"Ted Lilly",833,150404
2007,"Mike Mussina","NYY","Mike Mussina","NYY",2007,152,2396,0.13871951,"Mike Mussina",837,119608
2007,"Andy Pettitte","NYY","Andy Pettitte","NYY",2007,215.1,3395,0.15393013,"Andy Pettitte",840,120485
2007,"David Wells","- - -","David Wells","- - -",2007,157.1,2373,0.11815562,"David Wells",855,124071
2007,"Mike Bacsik","WSN","Mike Bacsik","WSN",2007,118,1842,0.08653846,"Mike Bacsik",863,407194
2007,"Steve Trachsel","- - -","Steve Trachsel","- - -",2007,158,2632,0.07977208,"Steve Trachsel",898,123431
2007,"Tim Hudson","ATL","Tim Hudson","ATL",2007,224.1,3165,0.1427027,"Tim Hudson",921,218596
2007,"Barry Zito","SFG","Barry Zito","SFG",2007,196.2,3411,0.15411765,"Barry Zito",944,217096
2007,"Vicente Padilla","TEX","Vicente Padilla","TEX",2007,120.1,2052,0.1283906,"Vicente Padilla",964,218894
2007,"Carlos Silva","MIN","Carlos Silva","MIN",2007,202,3057,0.10495283,"Carlos Silva",973,400067
2007,"Randy Wolf","LAD","Randy Wolf","LAD",2007,102.2,1773,0.20524017,"Randy Wolf",976,150116
2007,"Bronson Arroyo","CIN","Bronson Arroyo","CIN",2007,210.2,3432,0.16938111,"Bronson Arroyo",978,276520
2007,"Josh Fogg","COL","Josh Fogg","COL",2007,165.2,2675,0.1261745,"Josh Fogg",989,150319
2007,"Kip Wells","STL","Kip Wells","STL",2007,162.2,2812,0.16266667,"Kip Wells",1012,150337
2007,"Adam Eaton","PHI","Adam Eaton","PHI",2007,161.2,2747,0.13215259,"Adam Eaton",1029,284566
2007,"Jake Peavy","SDP","Jake Peavy","SDP",2007,223.1,3610,0.26726058,"Jake Peavy",1051,408241
2007,"Brett Tomko","- - -","Brett Tomko","- - -",2007,131.1,2198,0.17857143,"Brett Tomko",1056,123387
2007,"Gil Meche","KCR","Gil Meche","KCR",2007,216,3579,0.17218543,"Gil Meche",1089,219194
2007,"Jamie Moyer","PHI","Jamie Moyer","PHI",2007,199.1,3148,0.15340254,"Jamie Moyer",1091,119469
2007,"Livan Hernandez","ARI","Livan Hernandez","ARI",2007,204.1,3361,0.09857612,"Livan Hernandez",1116,115817
2007,"Matt Morris","- - -","Matt Morris","- - -",2007,198.2,3037,0.11538462,"Matt Morris",1172,119403
2007,"Woody Williams","HOU","Woody Williams","HOU",2007,188,3148,0.1212485,"Woody Williams",1190,124315
2007,"Joe Kennedy","- - -","Joe Kennedy","- - -",2007,110.2,1846,0.10179641,"Joe Kennedy",1217,406773
2007,"Jorge Sosa","NYM","Jorge Sosa","NYM",2007,112.2,1824,0.14345114,"Jorge Sosa",1228,407901
2007,"Doug Davis","ARI","Doug Davis","ARI",2007,192.2,3356,0.16705336,"Doug Davis",1244,150277
2007,"Kelvim Escobar","LAA","Kelvim Escobar","LAA",2007,195.2,3041,0.19704433,"Kelvim Escobar",1298,113898
2007,"Roy Halladay","TOR","Roy Halladay","TOR",2007,225.1,3330,0.14994606,"Roy Halladay",1303,136880
2007,"Chad Durbin","DET","Chad Durbin","DET",2007,127.2,2086,0.11764706,"Chad Durbin",1442,239795
2007,"Aaron Harang","CIN","Aaron Harang","CIN",2007,231.2,3591,0.22995781,"Aaron Harang",1451,421685
2007,"Josh Towers","TOR","Josh Towers","TOR",2007,107,1667,0.16204691,"Josh Towers",1489,346869
2007,"John Lackey","LAA","John Lackey","LAA",2007,224,3396,0.1926803,"John Lackey",1507,407793
2007,"Mike Maroth","- - -","Mike Maroth","- - -",2007,116.1,2029,0.09289617,"Mike Maroth",1508,400077
2007,"Oliver Pérez","NYM","Oliver Pérez","NYM",2007,177,3015,0.22745098,"Oliver Perez",1514,424144
2007,"Aaron Cook","COL","Aaron Cook","COL",2007,166,2407,0.08739255,"Aaron Cook",1571,346871
2007,"Mark Hendrickson","LAD","Mark Hendrickson","LAD",2007,122.2,1956,0.17293233,"Mark Hendrickson",1574,424805
2007,"Nate Robertson","DET","Nate Robertson","DET",2007,177.2,2890,0.15236876,"Nate Robertson",1620,425146
2007,"Jose Contreras","CHW","Jose Contreras","CHW",2007,189,3006,0.13170163,"Jose Contreras",1660,425747
2007,"Jeremy Bonderman","DET","Jeremy Bonderman","DET",2007,174.1,2725,0.19256308,"Jeremy Bonderman",1667,425827
2007,"Brandon Webb","ARI","Brandon Webb","ARI",2007,236.1,3437,0.19897436,"Brandon Webb",1692,425630
2007,"Claudio Vargas","MIL","Claudio Vargas","MIL",2007,134.1,2383,0.1768595,"Claudio Vargas",1695,282567
2007,"Chris Capuano","MIL","Chris Capuano","MIL",2007,150,2504,0.19730942,"Chris Capuano",1701,425626
2007,"Dontrelle Willis","FLA","Dontrelle Willis","FLA",2007,205.1,3491,0.15498938,"Dontrelle Willis",1703,425883
2007,"Edgar Gonzalez","ARI","Edgar Gonzalez","ARI",2007,102,1599,0.14187643,"Edgar Gonzalez",1727,429440
2007,"Dan Haren","OAK","Dan Haren","OAK",2007,222.2,3635,0.20534759,"Dan Haren",1757,429717
2007,"Kevin Correia","SFG","Kevin Correia","SFG",2007,101.2,1663,0.18306636,"Kevin Correia",1767,429781
2007,"Sergio Mitre","FLA","Sergio Mitre","FLA",2007,149,2241,0.12084592,"Sergio Mitre",1773,429901
2007,"Chad Gaudin","OAK","Chad Gaudin","OAK",2007,199.1,3293,0.1738149,"Chad Gaudin",1783,429985
2007,"Noah Lowry","SFG","Noah Lowry","SFG",2007,156,2558,0.12536023,"Noah Lowry",1833,430161
2007,"Matt Belisle","CIN","Matt Belisle","CIN",2007,177.2,2793,0.16212711,"Matt Belisle",1837,279571
2007,"Edwin Jackson","TBD","Edwin Jackson","TBD",2007,161,2966,0.16953642,"Edwin Jackson",1841,429719
2007,"Lenny DiNardo","OAK","Lenny DiNardo","OAK",2007,131.1,2081,0.10630631,"Lenny DiNardo",1894,430837
2007,"Daniel Cabrera","BAL","Daniel Cabrera","BAL",2007,204.1,3565,0.18004338,"Daniel Cabrera",1931,425555
2007,"Justin Germano","SDP","Justin Germano","SDP",2007,133.1,2130,0.13780919,"Justin Germano",1938,430683
2007,"Zack Greinke","KCR","Zack Greinke","KCR",2007,122,2083,0.20907298,"Zack Greinke",1943,425844
2007,"Buddy Carlyle","ATL","Buddy Carlyle","ATL",2007,107,1680,0.16017316,"Buddy Carlyle",2010,234194
2007,"Jorge De La Rosa","KCR","Jorge De La Rosa","KCR",2007,130,2152,0.13921902,"Jorge De La Rosa",2047,407822
2007,"Jeremy Guthrie","BAL","Jeremy Guthrie","BAL",2007,175.1,2677,0.17012448,"Jeremy Guthrie",2072,425386
2007,"Chien-Ming Wang","NYY","Chien-Ming Wang","NYY",2007,199.1,2861,0.12636695,"Chien-Ming Wang",2074,425426
2007,"Boof Bonser","MIN","Boof Bonser","MIN",2007,173,2823,0.1761658,"Boof Bonser",2159,425818
2007,"Ian Snell","PIT","Ian Snell","PIT",2007,208,3125,0.20068027,"Ian Snell",2227,430636
2007,"Adam Wainwright","STL","Adam Wainwright","STL",2007,202,3175,0.15419501,"Adam Wainwright",2233,425794
2007,"Wandy Rodriguez","HOU","Wandy Rodriguez","HOU",2007,182.2,3036,0.20204604,"Wandy Rodriguez",2586,434643
2007,"Chris Sampson","HOU","Chris Sampson","HOU",2007,121.2,1758,0.09770115,"Chris Sampson",2651,448200
2007,"Chris Young","SDP","Chris Young","SDP",2007,173,2884,0.23687943,"Chris Young",3196,432934
2007,"Ervin Santana","LAA","Ervin Santana","LAA",2007,150,2577,0.18666667,"Ervin Santana",3200,429722
2007,"Roberto Hernandez","CLE","Roberto Hernandez","CLE",2007,215,3137,0.15585893,"Roberto Hernandez",3273,433584
2007,"Brian Burres","BAL","Brian Burres","BAL",2007,121,2204,0.17173524,"Brian Burres",3425,434638
2007,"Kyle Davies","- - -","Kyle Davies","- - -",2007,136,2474,0.15764331,"Kyle Davies",3642,434678
2007,"Jesse Litsch","TOR","Jesse Litsch","TOR",2007,111,1771,0.10460251,"Jesse Litsch",3688,446209
2007,"Zach Duke","PIT","Zach Duke","PIT",2007,107.1,1717,0.08506224,"Zach Duke",3840,435043
2007,"Carlos Villanueva","MIL","Carlos Villanueva","MIL",2007,114.1,1902,0.20245399,"Carlos Villanueva",4138,453646
2007,"Jered Weaver","LAA","Jered Weaver","LAA",2007,161,2734,0.16546763,"Jered Weaver",4235,450308
2007,"Micah Owings","ARI","Micah Owings","ARI",2007,152.2,2488,0.16282642,"Micah Owings",4253,452249
2007,"Matt Albers","HOU","Matt Albers","HOU",2007,110.2,1897,0.13976378,"Matt Albers",4300,458006
2007,"Joe Saunders","LAA","Joe Saunders","LAA",2007,107.1,1773,0.14587738,"Joe Saunders",4366,434578
2007,"Kameron Loe","TEX","Kameron Loe","TEX",2007,136,2245,0.12682927,"Kameron Loe",4422,434180
2007,"Scott Olsen","FLA","Scott Olsen","FLA",2007,176.2,3060,0.16101695,"Scott Olsen",4529,435179
2007,"Dave Bush","MIL","Dave Bush","MIL",2007,186.1,2979,0.1654321,"Dave Bush",4635,433657
2007,"Jason Bergmann","WSN","Jason Bergmann","WSN",2007,115.1,1893,0.17916667,"Jason Bergmann",4640,456589
2007,"Brandon McCarthy","TEX","Brandon McCarthy","TEX",2007,101.2,1871,0.12854031,"Brandon McCarthy",4662,435221
2007,"Jeff Francis","COL","Jeff Francis","COL",2007,215.1,3485,0.17895879,"Jeff Francis",4684,433585
2007,"Matt Cain","SFG","Matt Cain","SFG",2007,200,3351,0.19591346,"Matt Cain",4732,430912
2007,"Félix Hernández","SEA","Félix Hernández","SEA",2007,190.1,3005,0.20420792,"Felix Hernandez",4772,433587
2007,"John Maine","NYM","John Maine","NYM",2007,191,3270,0.22222222,"John Maine",4773,429720
2007,"Rich Hill","CHC","Rich Hill","CHC",2007,195,3070,0.22536946,"Rich Hill",4806,448179
2007,"Joe Blanton","OAK","Joe Blanton","OAK",2007,230,3481,0.14736842,"Joe Blanton",4849,430599
2007,"Chuck James","ATL","Chuck James","ATL",2007,161.1,2677,0.16787265,"Chuck James",4886,460580
2007,"Scott Kazmir","TBD","Scott Kazmir","TBD",2007,206.2,3609,0.26944758,"Scott Kazmir",4897,431148
2007,"Brad Thompson","STL","Brad Thompson","STL",2007,129.1,1936,0.09137931,"Brad Thompson",4911,433581
2007,"Cole Hamels","PHI","Cole Hamels","PHI",2007,183.1,2791,0.23822342,"Cole Hamels",4972,430935
2007,"Tim Lincecum","SFG","Tim Lincecum","SFG",2007,146.1,2387,0.24271845,"Tim Lincecum",5705,453311
2007,"Brian Bannister","KCR","Brian Bannister","KCR",2007,165,2603,0.11273792,"Brian Bannister",5718,446454
2007,"Chad Billingsley","LAD","Chad Billingsley","LAD",2007,147,2518,0.22632424,"Chad Billingsley",5842,451532
2007,"Sean Marshall","CHC","Sean Marshall","CHC",2007,103.1,1653,0.15022422,"Sean Marshall",5905,445156
2007,"Matt Chico","WSN","Matt Chico","WSN",2007,167,2829,0.12583668,"Matt Chico",6068,453889
2007,"Scott Baker","MIN","Scott Baker","MIN",2007,143.2,2097,0.16831683,"Scott Baker",6176,435044
2007,"Shaun Marcum","TOR","Shaun Marcum","TOR",2007,159,2547,0.18484848,"Shaun Marcum",6204,451788
2007,"Kyle Kendrick","PHI","Kyle Kendrick","PHI",2007,121,1750,0.09819639,"Kyle Kendrick",6230,452718
2007,"Tom Gorzelanny","PIT","Tom Gorzelanny","PIT",2007,201.2,3312,0.15446224,"Tom Gorzelanny",6244,452733
2007,"Jason Hirsh","COL","Jason Hirsh","COL",2007,112.1,1767,0.1552795,"Jason Hirsh",6293,444865
2007,"John Danks","CHW","John Danks","CHW",2007,139,2407,0.17524116,"John Danks",6329,433579
2007,"James Shields","TBD","James Shields","TBD",2007,215,3177,0.21052632,"James Shields",7059,448306
2007,"Anthony Reyes","STL","Anthony Reyes","STL",2007,107.1,1839,0.15611814,"Anthony Reyes",7105,435039
2007,"Andy Sonnanstine","TBD","Andy Sonnanstine","TBD",2007,130.2,2098,0.17509025,"Andy Sonnanstine",7667,458567
2007,"Daisuke Matsuzaka","BOS","Daisuke Matsuzaka","BOS",2007,204.2,3480,0.22997712,"Daisuke Matsuzaka",7775,493137
2007,"Yovani Gallardo","MIL","Yovani Gallardo","MIL",2007,110.1,1771,0.2167382,"Yovani Gallardo",8173,451596
2007,"Dustin McGowan","TOR","Dustin McGowan","TOR",2007,169.2,2702,0.20425532,"Dustin McGowan",8600,430661
2007,"Paul Maholm","PIT","Paul Maholm","PIT",2007,177.2,2644,0.1372549,"Paul Maholm",8678,430904
2007,"Justin Verlander","DET","Justin Verlander","DET",2007,201.2,3354,0.2113164,"Justin Verlander",8700,434378
2008,"Jarrod Washburn","SEA","Jarrod Washburn","SEA",2008,153.2,2636,0.12888889,"Jarrod Washburn",40,132220
2008,"Miguel Batista","SEA","Miguel Batista","SEA",2008,115,2108,0.13129496,"Miguel Batista",46,110683
2008,"Randy Johnson","ARI","Randy Johnson","ARI",2008,184,2900,0.22236504,"Randy Johnson",60,116615
2008,"Greg Maddux","- - -","Greg Maddux","- - -",2008,194,2570,0.12189055,"Greg Maddux",104,118120
2008,"Jason Marquis","CHC","Jason Marquis","CHC",2008,167,2659,0.12330623,"Jason Marquis",105,150302
2008,"Kevin Millwood","TEX","Kevin Millwood","TEX",2008,168.2,2710,0.16297262,"Kevin Millwood",106,119154
2008,"Sidney Ponson","- - -","Sidney Ponson","- - -",2008,135.2,2164,0.09477124,"Sidney Ponson",161,132260
2008,"Derek Lowe","LAD","Derek Lowe","LAD",2008,211,3137,0.17273796,"Derek Lowe",199,117955
2008,"Pedro Martínez","NYM","Pedro Martínez","NYM",2008,109,1888,0.17647059,"Pedro Martinez",200,118377
2008,"Tim Wakefield","BOS","Tim Wakefield","BOS",2008,181,2788,0.15517241,"Tim Wakefield",219,123801
2008,"Mark Buehrle","CHW","Mark Buehrle","CHW",2008,218.2,3389,0.15250545,"Mark Buehrle",225,279824
2008,"Jon Garland","LAA","Jon Garland","LAA",2008,196.2,3186,0.10416667,"Jon Garland",232,279782
2008,"Carlos Zambrano","CHC","Carlos Zambrano","CHC",2008,188.2,3018,0.16331658,"Carlos Zambrano",305,407296
2008,"CC Sabathia","- - -","CC Sabathia","- - -",2008,253,3814,0.24535679,"CC Sabathia",404,282332
2008,"Brian Moehler","HOU","Brian Moehler","HOU",2008,150,2313,0.12615385,"Brian Moehler",480,119215
2008,"Josh Beckett","BOS","Josh Beckett","BOS",2008,174.1,2688,0.23724138,"Josh Beckett",510,277417
2008,"A.J. Burnett","TOR","A.J. Burnett","TOR",2008,221.1,3650,0.24137931,"A.J. Burnett",512,150359
2008,"Ryan Dempster","CHC","Ryan Dempster","CHC",2008,206.2,3341,0.21845794,"Ryan Dempster",517,133225
2008,"Braden Looper","STL","Braden Looper","STL",2008,199,3231,0.12826603,"Braden Looper",526,131702
2008,"Roy Oswalt","HOU","Roy Oswalt","HOU",2008,208.2,3094,0.19141531,"Roy Oswalt",571,400061
2008,"Tim Redding","WSN","Tim Redding","WSN",2008,182,3138,0.1517067,"Tim Redding",573,400062
2008,"Paul Byrd","- - -","Paul Byrd","- - -",2008,180,2532,0.10775296,"Paul Byrd",594,111838
2008,"Jeff Suppan","MIL","Jeff Suppan","MIL",2008,177.2,2827,0.11538462,"Jeff Suppan",633,122987
2008,"Odalis Perez","WSN","Odalis Perez","WSN",2008,159.2,2703,0.1673699,"Odalis Perez",668,136602
2008,"Ben Sheets","MIL","Ben Sheets","MIL",2008,198.1,3054,0.19458128,"Ben Sheets",710,282656
2008,"Kyle Lohse","STL","Kyle Lohse","STL",2008,200,3174,0.14183552,"Kyle Lohse",739,346798
2008,"Johan Santana","NYM","Johan Santana","NYM",2008,234.1,3598,0.21369295,"Johan Santana",755,276371
2008,"Javier Vazquez","CHW","Javier Vazquez","CHW",2008,208.1,3376,0.2247191,"Javier Vazquez",801,134320
2008,"Ted Lilly","CHC","Ted Lilly","CHC",2008,204.2,3240,0.21370499,"Ted Lilly",833,150404
2008,"Mike Mussina","NYY","Mike Mussina","NYY",2008,200.1,3135,0.18315018,"Mike Mussina",837,119608
2008,"Andy Pettitte","NYY","Andy Pettitte","NYY",2008,204,3274,0.17934166,"Andy Pettitte",840,120485
2008,"Justin Duchscherer","OAK","Justin Duchscherer","OAK",2008,141.2,2049,0.17055655,"Justin Duchscherer",910,407113
2008,"Tim Hudson","ATL","Tim Hudson","ATL",2008,142,2008,0.14834206,"Tim Hudson",921,218596
2008,"Barry Zito","SFG","Barry Zito","SFG",2008,180,3206,0.14669927,"Barry Zito",944,217096
2008,"Brett Myers","PHI","Brett Myers","PHI",2008,190,3016,0.1995104,"Brett Myers",962,408206
2008,"Vicente Padilla","TEX","Vicente Padilla","TEX",2008,171,2900,0.1677675,"Vicente Padilla",964,218894
2008,"Carlos Silva","SEA","Carlos Silva","SEA",2008,153.1,2458,0.10014514,"Carlos Silva",973,400067
2008,"Randy Wolf","- - -","Randy Wolf","- - -",2008,190.1,3172,0.19684083,"Randy Wolf",976,150116
2008,"Bronson Arroyo","CIN","Bronson Arroyo","CIN",2008,200,3436,0.18714122,"Bronson Arroyo",978,276520
2008,"Adam Eaton","PHI","Adam Eaton","PHI",2008,107,1801,0.11924686,"Adam Eaton",1029,284566
2008,"Jake Peavy","SDP","Jake Peavy","SDP",2008,173.2,2860,0.23413258,"Jake Peavy",1051,408241
2008,"Gil Meche","KCR","Gil Meche","KCR",2008,210.1,3555,0.20654628,"Gil Meche",1089,219194
2008,"Jamie Moyer","PHI","Jamie Moyer","PHI",2008,196.1,3167,0.14625446,"Jamie Moyer",1091,119469
2008,"Joel Pineiro","STL","Joel Pineiro","STL",2008,148.2,2227,0.1255814,"Joel Pineiro",1094,334492
2008,"Livan Hernandez","- - -","Livan Hernandez","- - -",2008,180,2801,0.08261406,"Livan Hernandez",1116,115817
2008,"Doug Davis","ARI","Doug Davis","ARI",2008,146,2478,0.17230769,"Doug Davis",1244,150277
2008,"R.A. Dickey","SEA","R.A. Dickey","SEA",2008,112.1,1914,0.116,"R.A. Dickey",1245,285079
2008,"Kenny Rogers","DET","Kenny Rogers","DET",2008,173.2,2847,0.10485934,"Kenny Rogers",1277,121386
2008,"Roy Halladay","TOR","Roy Halladay","TOR",2008,246,3560,0.20871327,"Roy Halladay",1303,136880
2008,"Aaron Harang","CIN","Aaron Harang","CIN",2008,184.1,3055,0.19293821,"Aaron Harang",1451,421685
2008,"John Lackey","LAA","John Lackey","LAA",2008,163.1,2426,0.19259259,"John Lackey",1507,407793
2008,"Oliver Pérez","NYM","Oliver Pérez","NYM",2008,194,3366,0.21251476,"Oliver Perez",1514,424144
2008,"Brandon Backe","HOU","Brandon Backe","HOU",2008,166.2,2789,0.16798942,"Brandon Backe",1529,407840
2008,"Aaron Cook","COL","Aaron Cook","COL",2008,211.1,3072,0.10835214,"Aaron Cook",1571,346871
2008,"Mark Hendrickson","FLA","Mark Hendrickson","FLA",2008,133.2,2265,0.13728814,"Mark Hendrickson",1574,424805
2008,"Nate Robertson","DET","Nate Robertson","DET",2008,168.2,2668,0.14191853,"Nate Robertson",1620,425146
2008,"Cliff Lee","CLE","Cliff Lee","CLE",2008,223.1,3289,0.19079686,"Cliff Lee",1636,424324
2008,"Seth McClung","MIL","Seth McClung","MIL",2008,105.1,1821,0.19078947,"Seth McClung",1657,425528
2008,"Jose Contreras","CHW","Jose Contreras","CHW",2008,121,1903,0.13409962,"Jose Contreras",1660,425747
2008,"Brandon Webb","ARI","Brandon Webb","ARI",2008,226.2,3358,0.19385593,"Brandon Webb",1692,425630
2008,"Todd Wellemeyer","STL","Todd Wellemeyer","STL",2008,191.2,3095,0.16604709,"Todd Wellemeyer",1709,425487
2008,"Dan Haren","ARI","Dan Haren","ARI",2008,216,3339,0.2338252,"Dan Haren",1757,429717
2008,"Kevin Correia","SFG","Kevin Correia","SFG",2008,110,1891,0.12840467,"Kevin Correia",1767,429781
2008,"Rich Harden","- - -","Rich Harden","- - -",2008,148,2457,0.30420168,"Rich Harden",1772,425848
2008,"Edwin Jackson","TBR","Edwin Jackson","TBR",2008,183.1,3056,0.13636364,"Edwin Jackson",1841,429719
2008,"Daniel Cabrera","BAL","Daniel Cabrera","BAL",2008,180,3020,0.11571255,"Daniel Cabrera",1931,425555
2008,"Zack Greinke","KCR","Zack Greinke","KCR",2008,202.1,3227,0.21504113,"Zack Greinke",1943,425844
2008,"Clayton Kershaw","LAD","Clayton Kershaw","LAD",2008,107.2,1859,0.21276596,"Clayton Kershaw",2036,477132
2008,"Jorge De La Rosa","COL","Jorge De La Rosa","COL",2008,130,2256,0.22416813,"Jorge De La Rosa",2047,407822
2008,"Jeremy Guthrie","BAL","Jeremy Guthrie","BAL",2008,190.2,3063,0.15075377,"Jeremy Guthrie",2072,425386
2008,"Boof Bonser","MIN","Boof Bonser","MIN",2008,118.1,1913,0.18233083,"Boof Bonser",2159,425818
2008,"Ian Snell","PIT","Ian Snell","PIT",2008,164.1,3005,0.17624021,"Ian Snell",2227,430636
2008,"Adam Wainwright","STL","Adam Wainwright","STL",2008,132,1951,0.16727941,"Adam Wainwright",2233,425794
2008,"Wandy Rodriguez","HOU","Wandy Rodriguez","HOU",2008,137.1,2276,0.22316865,"Wandy Rodriguez",2586,434643
2008,"Chris Sampson","HOU","Chris Sampson","HOU",2008,117.1,1635,0.12761506,"Chris Sampson",2651,448200
2008,"Joba Chamberlain","NYY","Joba Chamberlain","NYY",2008,100.1,1711,0.28297362,"Joba Chamberlain",2692,501955
2008,"Zach Miner","DET","Zach Miner","DET",2008,118,2027,0.12180747,"Zach Miner",3193,435261
2008,"Chris Young","SDP","Chris Young","SDP",2008,102.1,1743,0.21428571,"Chris Young",3196,432934
2008,"Ervin Santana","LAA","Ervin Santana","LAA",2008,219,3428,0.23857302,"Ervin Santana",3200,429722
2008,"Ryan Rowland-Smith","SEA","Ryan Rowland-Smith","SEA",2008,118.1,1947,0.15217391,"Ryan Rowland-Smith",3245,434884
2008,"Roberto Hernandez","CLE","Roberto Hernandez","CLE",2008,120.2,2028,0.10564663,"Roberto Hernandez",3273,433584
2008,"Hiroki Kuroda","LAD","Hiroki Kuroda","LAD",2008,183.1,2741,0.14948454,"Hiroki Kuroda",3283,493133
2008,"Matt Garza","TBR","Matt Garza","TBR",2008,184.2,2947,0.16580311,"Matt Garza",3340,490063
2008,"Ubaldo Jiménez","COL","Ubaldo Jiménez","COL",2008,198.2,3350,0.19815668,"Ubaldo Jimenez",3374,434622
2008,"Brian Burres","BAL","Brian Burres","BAL",2008,129.2,2173,0.1057047,"Brian Burres",3425,434638
2008,"Greg Smith","OAK","Greg Smith","OAK",2008,190.1,3093,0.13875,"Greg Smith",3455,460105
2008,"Kyle Davies","KCR","Kyle Davies","KCR",2008,113,1968,0.14579055,"Kyle Davies",3642,434678
2008,"Jesse Litsch","TOR","Jesse Litsch","TOR",2008,176,2755,0.13469388,"Jesse Litsch",3688,446209
2008,"Ricky Nolasco","FLA","Ricky Nolasco","FLA",2008,212.1,3243,0.21428571,"Ricky Nolasco",3830,445060
2008,"Zach Duke","PIT","Zach Duke","PIT",2008,185,2928,0.10494572,"Zach Duke",3840,435043
2008,"Gavin Floyd","CHW","Gavin Floyd","CHW",2008,206.1,3235,0.16514806,"Gavin Floyd",3886,425856
2008,"Edinson Volquez","CIN","Edinson Volquez","CIN",2008,196,3386,0.24582339,"Edinson Volquez",3990,450172
2008,"Carlos Villanueva","MIL","Carlos Villanueva","MIL",2008,108.1,1791,0.20043103,"Carlos Villanueva",4138,453646
2008,"Armando Galarraga","DET","Armando Galarraga","DET",2008,178.2,2780,0.1689008,"Armando Galarraga",4222,451482
2008,"Jered Weaver","LAA","Jered Weaver","LAA",2008,176.2,3041,0.20402685,"Jered Weaver",4235,450308
2008,"Micah Owings","ARI","Micah Owings","ARI",2008,104.2,1752,0.18669528,"Micah Owings",4253,452249
2008,"Nick Blackburn","MIN","Nick Blackburn","MIN",2008,193.1,2884,0.11664642,"Nick Blackburn",4270,448147
2008,"Manny Parra","MIL","Manny Parra","MIL",2008,166,2807,0.19838057,"Manny Parra",4279,448159
2008,"Joe Saunders","LAA","Joe Saunders","LAA",2008,198,3004,0.12763321,"Joe Saunders",4366,434578
2008,"Scott Olsen","FLA","Scott Olsen","FLA",2008,201.2,3107,0.13216374,"Scott Olsen",4529,435179
2008,"Dave Bush","MIL","Dave Bush","MIL",2008,185,2741,0.14285714,"Dave Bush",4635,433657
2008,"Jason Bergmann","WSN","Jason Bergmann","WSN",2008,139.2,2279,0.15635179,"Jason Bergmann",4640,456589
2008,"Jeff Francis","COL","Jeff Francis","COL",2008,143.2,2385,0.14779874,"Jeff Francis",4684,433585
2008,"Matt Cain","SFG","Matt Cain","SFG",2008,217.2,3606,0.19935691,"Matt Cain",4732,430912
2008,"Darrell Rasner","NYY","Darrell Rasner","NYY",2008,113.1,1960,0.13060429,"Darrell Rasner",4770,434480
2008,"Félix Hernández","SEA","Félix Hernández","SEA",2008,200.2,3199,0.2042007,"Felix Hernandez",4772,433587
2008,"John Maine","NYM","John Maine","NYM",2008,140,2540,0.20065789,"John Maine",4773,429720
2008,"Joe Blanton","- - -","Joe Blanton","- - -",2008,197.2,3250,0.12982456,"Joe Blanton",4849,430599
2008,"Scott Kazmir","TBR","Scott Kazmir","TBR",2008,152.1,2749,0.25897036,"Scott Kazmir",4897,431148
2008,"Jon Lester","BOS","Jon Lester","BOS",2008,210.1,3309,0.17391304,"Jon Lester",4930,452657
2008,"Cole Hamels","PHI","Cole Hamels","PHI",2008,227.1,3427,0.21444201,"Cole Hamels",4972,430935
2008,"Mike Pelfrey","NYM","Mike Pelfrey","NYM",2008,200.2,3323,0.12925969,"Mike Pelfrey",5203,460059
2008,"Dana Eveland","OAK","Dana Eveland","OAK",2008,168,2684,0.16010855,"Dana Eveland",5508,445968
2008,"Jair Jurrjens","ATL","Jair Jurrjens","ATL",2008,188.1,3081,0.17097171,"Jair Jurrjens",5556,457453
2008,"Jo-Jo Reyes","ATL","Jo-Jo Reyes","ATL",2008,113,1939,0.15234375,"Jo-Jo Reyes",5559,457456
2008,"Tim Lincecum","SFG","Tim Lincecum","SFG",2008,227,3682,0.28556034,"Tim Lincecum",5705,453311
2008,"Brian Bannister","KCR","Brian Bannister","KCR",2008,182.2,3145,0.13933416,"Brian Bannister",5718,446454
2008,"Chad Billingsley","LAD","Chad Billingsley","LAD",2008,200.2,3324,0.23399302,"Chad Billingsley",5842,451532
2008,"Scott Baker","MIN","Scott Baker","MIN",2008,172.1,2694,0.20056899,"Scott Baker",6176,435044
2008,"Shaun Marcum","TOR","Shaun Marcum","TOR",2008,151.1,2330,0.1952381,"Shaun Marcum",6204,451788
2008,"Kyle Kendrick","PHI","Kyle Kendrick","PHI",2008,155.2,2620,0.09418283,"Kyle Kendrick",6230,452718
2008,"Tom Gorzelanny","PIT","Tom Gorzelanny","PIT",2008,105.1,1902,0.13673469,"Tom Gorzelanny",6244,452733
2008,"Scott Feldman","TEX","Scott Feldman","TEX",2008,151.1,2481,0.11367127,"Scott Feldman",6283,444857
2008,"John Danks","CHW","John Danks","CHW",2008,195,3144,0.19776119,"John Danks",6329,433579
2008,"Andrew Miller","FLA","Andrew Miller","FLA",2008,107.1,1935,0.18089431,"Andrew Miller",6785,453192
2008,"Johnny Cueto","CIN","Johnny Cueto","CIN",2008,174,3036,0.20546164,"Johnny Cueto",6893,456501
2008,"Luke Hochevar","KCR","Luke Hochevar","KCR",2008,129,2077,0.12720848,"Luke Hochevar",6943,460024
2008,"James Shields","TBR","James Shields","TBR",2008,215,3131,0.18244014,"James Shields",7059,448306
2008,"John Lannan","WSN","John Lannan","WSN",2008,182,2946,0.15019255,"John Lannan",7080,458709
2008,"Jonathan Sánchez","SFG","Jonathan Sánchez","SFG",2008,158,2830,0.22589928,"Jonathan Sanchez",7507,456043
2008,"Andy Sonnanstine","TBR","Andy Sonnanstine","TBR",2008,193.1,2922,0.15140415,"Andy Sonnanstine",7667,458567
2008,"Daisuke Matsuzaka","BOS","Daisuke Matsuzaka","BOS",2008,167.2,2904,0.2150838,"Daisuke Matsuzaka",7775,493137
2008,"Glen Perkins","MIN","Glen Perkins","MIN",2008,151,2365,0.11195159,"Glen Perkins",8041,450282
2008,"Cha Seung Baek","- - -","Cha Seung Baek","- - -",2008,141,2268,0.15282392,"Cha Seung Baek",8214,430657
2008,"Sean Gallagher","- - -","Sean Gallagher","- - -",2008,115.1,2094,0.19731801,"Sean Gallagher",8261,451595
2008,"Dustin McGowan","TOR","Dustin McGowan","TOR",2008,111.1,1802,0.17932489,"Dustin McGowan",8600,430661
2008,"Paul Maholm","PIT","Paul Maholm","PIT",2008,206.1,3042,0.16295428,"Paul Maholm",8678,430904
2008,"Jorge Campillo","ATL","Jorge Campillo","ATL",2008,158.2,2492,0.16335878,"Jorge Campillo",8686,435658
2008,"Justin Verlander","DET","Justin Verlander","DET",2008,201,3528,0.18522727,"Justin Verlander",8700,434378
2008,"Jeremy Sowers","CLE","Jeremy Sowers","CLE",2008,121,2023,0.12007505,"Jeremy Sowers",9083,460265
2008,"Garrett Olson","BAL","Garrett Olson","BAL",2008,132.2,2317,0.13365539,"Garrett Olson",9889,457796
2008,"Kevin Slowey","MIN","Kevin Slowey","MIN",2008,160.1,2516,0.18836141,"Kevin Slowey",9918,458713
2009,"Jarrod Washburn","- - -","Jarrod Washburn","- - -",2009,176,2727,0.13812155,"Jarrod Washburn",40,132220
2009,"Jason Marquis","COL","Jason Marquis","COL",2009,216,3247,0.12486428,"Jason Marquis",105,150302
2009,"Kevin Millwood","TEX","Kevin Millwood","TEX",2009,198.2,3273,0.14470588,"Kevin Millwood",106,119154
2009,"Derek Lowe","ATL","Derek Lowe","ATL",2009,194.2,3219,0.12982456,"Derek Lowe",199,117955
2009,"Tim Wakefield","BOS","Tim Wakefield","BOS",2009,129.2,2020,0.12587413,"Tim Wakefield",219,123801
2009,"Mark Buehrle","CHW","Mark Buehrle","CHW",2009,213.1,3213,0.1201373,"Mark Buehrle",225,279824
2009,"Jon Garland","- - -","Jon Garland","- - -",2009,204,3255,0.12358277,"Jon Garland",232,279782
2009,"Carlos Zambrano","CHC","Carlos Zambrano","CHC",2009,169.1,2843,0.20736698,"Carlos Zambrano",305,407296
2009,"CC Sabathia","NYY","CC Sabathia","NYY",2009,230,3587,0.21002132,"CC Sabathia",404,282332
2009,"Mike Hampton","HOU","Mike Hampton","HOU",2009,112,1849,0.14979757,"Mike Hampton",430,115399
2009,"Brian Moehler","HOU","Brian Moehler","HOU",2009,154.2,2516,0.13112392,"Brian Moehler",480,119215
2009,"Josh Beckett","BOS","Josh Beckett","BOS",2009,212.1,3367,0.22536806,"Josh Beckett",510,277417
2009,"A.J. Burnett","NYY","A.J. Burnett","NYY",2009,207,3462,0.21763393,"A.J. Burnett",512,150359
2009,"Ryan Dempster","CHC","Ryan Dempster","CHC",2009,200,3159,0.20427553,"Ryan Dempster",517,133225
2009,"Braden Looper","MIL","Braden Looper","MIL",2009,194.2,3275,0.11547344,"Braden Looper",526,131702
2009,"Brad Penny","- - -","Brad Penny","- - -",2009,173.1,2952,0.14513981,"Brad Penny",535,207267
2009,"Roy Oswalt","HOU","Roy Oswalt","HOU",2009,181.1,2784,0.18229855,"Roy Oswalt",571,400061
2009,"Tim Redding","NYM","Tim Redding","NYM",2009,120,1985,0.1447619,"Tim Redding",573,400062
2009,"Jeff Suppan","MIL","Jeff Suppan","MIL",2009,161.2,2740,0.10695187,"Jeff Suppan",633,122987
2009,"Kyle Lohse","STL","Kyle Lohse","STL",2009,117.2,1965,0.15039063,"Kyle Lohse",739,346798
2009,"Johan Santana","NYM","Johan Santana","NYM",2009,166.2,2575,0.20827389,"Johan Santana",755,276371
2009,"Carl Pavano","- - -","Carl Pavano","- - -",2009,199.1,3106,0.17213115,"Carl Pavano",790,134321
2009,"Javier Vazquez","ATL","Javier Vazquez","ATL",2009,219.1,3315,0.27231121,"Javier Vazquez",801,134320
2009,"Ted Lilly","CHC","Ted Lilly","CHC",2009,177,2671,0.21388102,"Ted Lilly",833,150404
2009,"Andy Pettitte","NYY","Andy Pettitte","NYY",2009,194.2,3287,0.17745803,"Andy Pettitte",840,120485
2009,"Barry Zito","SFG","Barry Zito","SFG",2009,192,3204,0.18826406,"Barry Zito",944,217096
2009,"Vicente Padilla","- - -","Vicente Padilla","- - -",2009,147.1,2447,0.15299685,"Vicente Padilla",964,218894
2009,"Randy Wolf","LAD","Randy Wolf","LAD",2009,214.1,3286,0.18561485,"Randy Wolf",976,150116
2009,"Bronson Arroyo","CIN","Bronson Arroyo","CIN",2009,220.1,3407,0.1375948,"Bronson Arroyo",978,276520
2009,"Jake Peavy","- - -","Jake Peavy","- - -",2009,101.2,1575,0.26829268,"Jake Peavy",1051,408241
2009,"Gil Meche","KCR","Gil Meche","KCR",2009,129,2279,0.16351119,"Gil Meche",1089,219194
2009,"Jamie Moyer","PHI","Jamie Moyer","PHI",2009,162,2652,0.13447783,"Jamie Moyer",1091,119469
2009,"Joel Pineiro","STL","Joel Pineiro","STL",2009,214,2954,0.12138728,"Joel Pineiro",1094,334492
2009,"Livan Hernandez","- - -","Livan Hernandez","- - -",2009,183.2,2977,0.12655087,"Livan Hernandez",1116,115817
2009,"Tommy Hunter","TEX","Tommy Hunter","TEX",2009,112,1738,0.13473684,"Tommy Hunter",1157,488984
2009,"Doug Davis","ARI","Doug Davis","ARI",2009,203.1,3470,0.16422947,"Doug Davis",1244,150277
2009,"Chris Carpenter","STL","Chris Carpenter","STL",2009,192.2,2670,0.192,"Chris Carpenter",1292,112020
2009,"Roy Halladay","TOR","Roy Halladay","TOR",2009,239,3394,0.21599169,"Roy Halladay",1303,136880
2009,"Aaron Harang","CIN","Aaron Harang","CIN",2009,162.1,2668,0.20199147,"Aaron Harang",1451,421685
2009,"John Lackey","LAA","John Lackey","LAA",2009,176.1,2753,0.18582888,"John Lackey",1507,407793
2009,"Aaron Cook","COL","Aaron Cook","COL",2009,158,2404,0.11555556,"Aaron Cook",1571,346871
2009,"Mark Hendrickson","BAL","Mark Hendrickson","BAL",2009,105,1659,0.13347921,"Mark Hendrickson",1574,424805
2009,"Cliff Lee","- - -","Cliff Lee","- - -",2009,231.2,3533,0.18679051,"Cliff Lee",1636,424324
2009,"Brian Tallet","TOR","Brian Tallet","TOR",2009,160.2,2661,0.16736402,"Brian Tallet",1646,425226
2009,"Jose Contreras","- - -","Jose Contreras","- - -",2009,131.2,2251,0.17996604,"Jose Contreras",1660,425747
2009,"Todd Wellemeyer","STL","Todd Wellemeyer","STL",2009,122.1,2117,0.13903743,"Todd Wellemeyer",1709,425487
2009,"Dan Haren","ARI","Dan Haren","ARI",2009,229.1,3460,0.24532453,"Dan Haren",1757,429717
2009,"Kevin Correia","SDP","Kevin Correia","SDP",2009,198,3172,0.17108434,"Kevin Correia",1767,429781
2009,"Rich Harden","CHC","Rich Harden","CHC",2009,141,2494,0.28078818,"Rich Harden",1772,425848
2009,"Chad Gaudin","- - -","Chad Gaudin","- - -",2009,147.1,2568,0.20933735,"Chad Gaudin",1783,429985
2009,"Edwin Jackson","DET","Edwin Jackson","DET",2009,214,3466,0.18089888,"Edwin Jackson",1841,429719
2009,"Zack Greinke","KCR","Zack Greinke","KCR",2009,229.1,3477,0.26448087,"Zack Greinke",1943,425844
2009,"Clayton Kershaw","LAD","Clayton Kershaw","LAD",2009,171,3030,0.2639087,"Clayton Kershaw",2036,477132
2009,"Justin Masterson","- - -","Justin Masterson","- - -",2009,129.1,2196,0.20950704,"Justin Masterson",2038,475416
2009,"Jorge De La Rosa","COL","Jorge De La Rosa","COL",2009,185,3050,0.24155194,"Jorge De La Rosa",2047,407822
2009,"Jeremy Guthrie","BAL","Jeremy Guthrie","BAL",2009,200,3359,0.12585812,"Jeremy Guthrie",2072,425386
2009,"Ian Snell","- - -","Ian Snell","- - -",2009,145,2533,0.13713405,"Ian Snell",2227,430636
2009,"Adam Wainwright","STL","Adam Wainwright","STL",2009,233,3614,0.2185567,"Adam Wainwright",2233,425794
2009,"Wandy Rodriguez","HOU","Wandy Rodriguez","HOU",2009,205.2,3367,0.22732627,"Wandy Rodriguez",2586,434643
2009,"Joba Chamberlain","NYY","Joba Chamberlain","NYY",2009,157.1,2733,0.18758815,"Joba Chamberlain",2692,501955
2009,"Rick Porcello","DET","Rick Porcello","DET",2009,170.2,2726,0.12361111,"Rick Porcello",2717,519144
2009,"Max Scherzer","ARI","Max Scherzer","ARI",2009,170.1,3073,0.23481781,"Max Scherzer",3137,453286
2009,"David Price","TBR","David Price","TBR",2009,128.1,2281,0.18312388,"David Price",3184,456034
2009,"Ervin Santana","LAA","Ervin Santana","LAA",2009,139.2,2300,0.1742671,"Ervin Santana",3200,429722
2009,"Francisco Liriano","MIN","Francisco Liriano","MIN",2009,136.2,2318,0.20032841,"Francisco Liriano",3201,434538
2009,"Roberto Hernandez","CLE","Roberto Hernandez","CLE",2009,125.1,2266,0.13255034,"Roberto Hernandez",3273,433584
2009,"Hiroki Kuroda","LAD","Hiroki Kuroda","LAD",2009,117.1,1812,0.17938144,"Hiroki Kuroda",3283,493133
2009,"Matt Garza","TBR","Matt Garza","TBR",2009,203,3421,0.2195122,"Matt Garza",3340,490063
2009,"Ubaldo Jiménez","COL","Ubaldo Jiménez","COL",2009,218,3570,0.2166302,"Ubaldo Jimenez",3374,434622
2009,"Ricky Romero","TOR","Ricky Romero","TOR",2009,178,2989,0.18287938,"Ricky Romero",3403,460069
2009,"Clayton Richard","- - -","Clayton Richard","- - -",2009,153,2628,0.1719457,"Clayton Richard",3551,453385
2009,"Kyle Davies","KCR","Kyle Davies","KCR",2009,123,2171,0.1598513,"Kyle Davies",3642,434678
2009,"Ricky Nolasco","FLA","Ricky Nolasco","FLA",2009,185,3035,0.24840764,"Ricky Nolasco",3830,445060
2009,"Zach Duke","PIT","Zach Duke","PIT",2009,213,3072,0.11896745,"Zach Duke",3840,435043
2009,"Gavin Floyd","CHW","Gavin Floyd","CHW",2009,193,2981,0.20451694,"Gavin Floyd",3886,425856
2009,"Derek Holland","TEX","Derek Holland","TEX",2009,138.1,2233,0.17512275,"Derek Holland",4141,502706
2009,"Armando Galarraga","DET","Armando Galarraga","DET",2009,143.2,2453,0.14797508,"Armando Galarraga",4222,451482
2009,"Jered Weaver","LAA","Jered Weaver","LAA",2009,211,3401,0.19727891,"Jered Weaver",4235,450308
2009,"Micah Owings","CIN","Micah Owings","CIN",2009,119.2,2087,0.12546125,"Micah Owings",4253,452249
2009,"David Huff","CLE","David Huff","CLE",2009,128.1,2250,0.11324042,"David Huff",4257,453307
2009,"David Hernandez","BAL","David Hernandez","BAL",2009,101.1,1925,0.14718615,"David Hernandez",4259,456696
2009,"Nick Blackburn","MIN","Nick Blackburn","MIN",2009,205.2,3102,0.11111111,"Nick Blackburn",4270,448147
2009,"Manny Parra","MIL","Manny Parra","MIL",2009,140,2554,0.1728763,"Manny Parra",4279,448159
2009,"Scott Richmond","TOR","Scott Richmond","TOR",2009,138.2,2376,0.19180328,"Scott Richmond",4307,446341
2009,"Joe Saunders","LAA","Joe Saunders","LAA",2009,186,3009,0.12546584,"Joe Saunders",4366,434578
2009,"Sean West","FLA","Sean West","FLA",2009,103.1,1705,0.14989293,"Sean West",4393,476811
2009,"Matt Palmer","LAA","Matt Palmer","LAA",2009,121.1,1919,0.13663366,"Matt Palmer",4457,461212
2009,"Randy Wells","CHC","Randy Wells","CHC",2009,165.1,2543,0.14985591,"Randy Wells",4535,448694
2009,"Jason Hammel","COL","Jason Hammel","COL",2009,176.2,2771,0.17250324,"Jason Hammel",4538,434628
2009,"Josh Johnson","FLA","Josh Johnson","FLA",2009,209,3284,0.22339181,"Josh Johnson",4567,435178
2009,"Dave Bush","MIL","Dave Bush","MIL",2009,114.1,1856,0.17519685,"Dave Bush",4635,433657
2009,"Matt Cain","SFG","Matt Cain","SFG",2009,217.2,3362,0.19300226,"Matt Cain",4732,430912
2009,"Félix Hernández","SEA","Félix Hernández","SEA",2009,238.2,3632,0.2221085,"Felix Hernandez",4772,433587
2009,"Josh Geer","SDP","Josh Geer","SDP",2009,102.2,1634,0.12328767,"Josh Geer",4781,446207
2009,"Joe Blanton","PHI","Joe Blanton","PHI",2009,195.1,3251,0.19474313,"Joe Blanton",4849,430599
2009,"Scott Kazmir","- - -","Scott Kazmir","- - -",2009,147.1,2631,0.18083462,"Scott Kazmir",4897,431148
2009,"Jon Lester","BOS","Jon Lester","BOS",2009,203.1,3404,0.26690391,"Jon Lester",4930,452657
2009,"Cole Hamels","PHI","Cole Hamels","PHI",2009,193.2,3116,0.20638821,"Cole Hamels",4972,430935
2009,"Mike Pelfrey","NYM","Mike Pelfrey","NYM",2009,184.1,3158,0.12985437,"Mike Pelfrey",5203,460059
2009,"Jair Jurrjens","ATL","Jair Jurrjens","ATL",2009,215,3305,0.1719457,"Jair Jurrjens",5556,457453
2009,"Jason Berken","BAL","Jason Berken","BAL",2009,119.2,2042,0.11785714,"Jason Berken",5673,460072
2009,"Tim Lincecum","SFG","Tim Lincecum","SFG",2009,225.1,3439,0.28839779,"Tim Lincecum",5705,453311
2009,"Brian Bannister","KCR","Brian Bannister","KCR",2009,154,2522,0.14670659,"Brian Bannister",5718,446454
2009,"Chad Billingsley","LAD","Chad Billingsley","LAD",2009,196.1,3250,0.21749696,"Chad Billingsley",5842,451532
2009,"Jeff Karstens","PIT","Jeff Karstens","PIT",2009,108,1724,0.1104034,"Jeff Karstens",5879,444371
2009,"Scott Baker","MIN","Scott Baker","MIN",2009,200,3258,0.19565217,"Scott Baker",6176,435044
2009,"Aaron Laffey","CLE","Aaron Laffey","CLE",2009,121.2,1988,0.10946197,"Aaron Laffey",6248,444836
2009,"Trevor Cahill","OAK","Trevor Cahill","OAK",2009,178.2,3006,0.1164295,"Trevor Cahill",6249,502239
2009,"Scott Feldman","TEX","Scott Feldman","TEX",2009,189.2,3179,0.14285714,"Scott Feldman",6283,444857
2009,"John Danks","CHW","John Danks","CHW",2009,200.1,3210,0.17759237,"John Danks",6329,433579
2009,"Johnny Cueto","CIN","Johnny Cueto","CIN",2009,171.1,2904,0.17837838,"Johnny Cueto",6893,456501
2009,"Luke Hochevar","KCR","Luke Hochevar","KCR",2009,143,2349,0.16798732,"Luke Hochevar",6943,460024
2009,"James Shields","TBR","James Shields","TBR",2009,219.2,3328,0.17956989,"James Shields",7059,448306
2009,"John Lannan","WSN","John Lannan","WSN",2009,206.1,3120,0.10171429,"John Lannan",7080,458709
2009,"Craig Stammen","WSN","Craig Stammen","WSN",2009,105.2,1584,0.10714286,"Craig Stammen",7274,489334
2009,"J.A. Happ","PHI","J.A. Happ","PHI",2009,166,2645,0.17372263,"J.A. Happ",7410,457918
2009,"Jonathan Sánchez","SFG","Jonathan Sánchez","SFG",2009,163.1,2849,0.24929577,"Jonathan Sanchez",7507,456043
2009,"Dallas Braden","OAK","Dallas Braden","OAK",2009,136.2,2142,0.13752122,"Dallas Braden",8099,460284
2009,"Yovani Gallardo","MIL","Yovani Gallardo","MIL",2009,185.2,3202,0.25725095,"Yovani Gallardo",8173,451596
2009,"Brett Anderson","OAK","Brett Anderson","OAK",2009,175.1,2816,0.20408163,"Brett Anderson",8223,474463
2009,"Ross Ohlendorf","PIT","Ross Ohlendorf","PIT",2009,176.2,2693,0.15034483,"Ross Ohlendorf",8268,456027
2009,"Homer Bailey","CIN","Homer Bailey","CIN",2009,113.1,2014,0.1733871,"Homer Bailey",8362,456701
2009,"Brad Bergesen","BAL","Brad Bergesen","BAL",2009,123.1,1864,0.12524085,"Brad Bergesen",8375,448269
2009,"Jeff Niemann","TBR","Jeff Niemann","TBR",2009,180.2,2890,0.16254876,"Jeff Niemann",8591,435298
2009,"Paul Maholm","PIT","Paul Maholm","PIT",2009,194.2,3051,0.1423445,"Paul Maholm",8678,430904
2009,"Justin Verlander","DET","Justin Verlander","DET",2009,240,3937,0.27393075,"Justin Verlander",8700,434378
2009,"Jeremy Sowers","CLE","Jeremy Sowers","CLE",2009,123.1,2030,0.09357798,"Jeremy Sowers",9083,460265
2009,"Tommy Hanson","ATL","Tommy Hanson","ATL",2009,127.2,1986,0.22222222,"Tommy Hanson",9129,462102
2009,"Kenshin Kawakami","ATL","Kenshin Kawakami","ATL",2009,156.1,2471,0.15695067,"Kenshin Kawakami",9225,499877
2009,"Chris Volstad","FLA","Chris Volstad","FLA",2009,159,2588,0.1568915,"Chris Volstad",9901,458690
2010,"Kevin Millwood","BAL","Kevin Millwood","BAL",2010,190.2,3210,0.1567696,"Kevin Millwood",106,119154
2010,"Rodrigo Lopez","ARI","Rodrigo Lopez","ARI",2010,200,3087,0.13272311,"Rodrigo Lopez",150,150438
2010,"Derek Lowe","ATL","Derek Lowe","ATL",2010,193.2,3166,0.16504854,"Derek Lowe",199,117955
2010,"Tim Wakefield","BOS","Tim Wakefield","BOS",2010,140,2157,0.13770492,"Tim Wakefield",219,123801
2010,"Mark Buehrle","CHW","Mark Buehrle","CHW",2010,210.1,3306,0.11036789,"Mark Buehrle",225,279824
2010,"Jon Garland","SDP","Jon Garland","SDP",2010,200,3253,0.16248507,"Jon Garland",232,279782
2010,"Carlos Zambrano","CHC","Carlos Zambrano","CHC",2010,129.2,2284,0.20490368,"Carlos Zambrano",305,407296
2010,"CC Sabathia","NYY","CC Sabathia","NYY",2010,237.2,3587,0.20309278,"CC Sabathia",404,282332
2010,"Jake Westbrook","- - -","Jake Westbrook","- - -",2010,202.2,3333,0.14883721,"Jake Westbrook",412,150414
2010,"Josh Beckett","BOS","Josh Beckett","BOS",2010,127.2,2172,0.20103986,"Josh Beckett",510,277417
2010,"A.J. Burnett","NYY","A.J. Burnett","NYY",2010,186.2,3118,0.17490953,"A.J. Burnett",512,150359
2010,"Ryan Dempster","CHC","Ryan Dempster","CHC",2010,215.1,3596,0.22657952,"Ryan Dempster",517,133225
2010,"Roy Oswalt","- - -","Roy Oswalt","- - -",2010,211.2,3194,0.23058542,"Roy Oswalt",571,400061
2010,"Jeff Suppan","- - -","Jeff Suppan","- - -",2010,101.1,1611,0.11283186,"Jeff Suppan",633,122987
2010,"Ben Sheets","OAK","Ben Sheets","OAK",2010,119.1,1950,0.16438356,"Ben Sheets",710,282656
2010,"Johan Santana","NYM","Johan Santana","NYM",2010,199,3004,0.17625459,"Johan Santana",755,276371
2010,"Bruce Chen","KCR","Bruce Chen","KCR",2010,140.1,2414,0.16118421,"Bruce Chen",769,136600
2010,"Carl Pavano","MIN","Carl Pavano","MIN",2010,221,3139,0.12913907,"Carl Pavano",790,134321
2010,"Javier Vazquez","NYY","Javier Vazquez","NYY",2010,157.1,2704,0.17715959,"Javier Vazquez",801,134320
2010,"Ted Lilly","- - -","Ted Lilly","- - -",2010,193.2,2908,0.21146497,"Ted Lilly",833,150404
2010,"Andy Pettitte","NYY","Andy Pettitte","NYY",2010,129,2000,0.18843284,"Andy Pettitte",840,120485
2010,"Tim Hudson","ATL","Tim Hudson","ATL",2010,228.2,3339,0.15108696,"Tim Hudson",921,218596
2010,"Barry Zito","SFG","Barry Zito","SFG",2010,199.1,3250,0.17688679,"Barry Zito",944,217096
2010,"Brett Myers","HOU","Brett Myers","HOU",2010,223.2,3457,0.19230769,"Brett Myers",962,408206
2010,"Carlos Silva","CHC","Carlos Silva","CHC",2010,113,1741,0.16666667,"Carlos Silva",973,400067
2010,"Randy Wolf","MIL","Randy Wolf","MIL",2010,215.2,3575,0.1517094,"Randy Wolf",976,150116
2010,"Bronson Arroyo","CIN","Bronson Arroyo","CIN",2010,215.2,3257,0.1375,"Bronson Arroyo",978,276520
2010,"Jake Peavy","CHW","Jake Peavy","CHW",2010,107,1711,0.20666667,"Jake Peavy",1051,408241
2010,"Freddy Garcia","CHW","Freddy Garcia","CHW",2010,157,2472,0.13263785,"Freddy Garcia",1077,150119
2010,"Jamie Moyer","PHI","Jamie Moyer","PHI",2010,111.2,1747,0.13695652,"Jamie Moyer",1091,119469
2010,"Joel Pineiro","LAA","Joel Pineiro","LAA",2010,152.1,2306,0.14511041,"Joel Pineiro",1094,334492
2010,"Livan Hernandez","WSN","Livan Hernandez","WSN",2010,211.2,3247,0.12723214,"Livan Hernandez",1116,115817
2010,"Tommy Hunter","TEX","Tommy Hunter","TEX",2010,128,1905,0.12686567,"Tommy Hunter",1157,488984
2010,"R.A. Dickey","NYM","R.A. Dickey","NYM",2010,174.1,2611,0.14586255,"R.A. Dickey",1245,285079
2010,"Colby Lewis","TEX","Colby Lewis","TEX",2010,201,3301,0.23222749,"Colby Lewis",1259,407890
2010,"Chris Carpenter","STL","Chris Carpenter","STL",2010,235,3549,0.18472652,"Chris Carpenter",1292,112020
2010,"Roy Halladay","PHI","Roy Halladay","PHI",2010,250.2,3568,0.22054381,"Roy Halladay",1303,136880
2010,"Aaron Harang","CIN","Aaron Harang","CIN",2010,111.2,2061,0.16269841,"Aaron Harang",1451,421685
2010,"John Lackey","BOS","John Lackey","BOS",2010,215,3599,0.16774194,"John Lackey",1507,407793
2010,"Aaron Cook","COL","Aaron Cook","COL",2010,127.2,1969,0.10839161,"Aaron Cook",1571,346871
2010,"Nate Robertson","- - -","Nate Robertson","- - -",2010,101.1,1685,0.13695652,"Nate Robertson",1620,425146
2010,"Cliff Lee","- - -","Cliff Lee","- - -",2010,212.1,2980,0.21945433,"Cliff Lee",1636,424324
2010,"Jeremy Bonderman","DET","Jeremy Bonderman","DET",2010,171,2736,0.14854111,"Jeremy Bonderman",1667,425827
2010,"Dan Haren","- - -","Dan Haren","- - -",2010,235,3749,0.21730382,"Dan Haren",1757,429717
2010,"Kevin Correia","SDP","Kevin Correia","SDP",2010,145,2520,0.17940718,"Kevin Correia",1767,429781
2010,"Edwin Jackson","- - -","Edwin Jackson","- - -",2010,209.1,3358,0.20066519,"Edwin Jackson",1841,429719
2010,"Zack Greinke","KCR","Zack Greinke","KCR",2010,220,3445,0.19695321,"Zack Greinke",1943,425844
2010,"Clayton Kershaw","LAD","Clayton Kershaw","LAD",2010,204.1,3390,0.25,"Clayton Kershaw",2036,477132
2010,"Justin Masterson","CLE","Justin Masterson","CLE",2010,180,3090,0.17456359,"Justin Masterson",2038,475416
2010,"Jorge De La Rosa","COL","Jorge De La Rosa","COL",2010,121.2,2026,0.22070313,"Jorge De La Rosa",2047,407822
2010,"Jeremy Guthrie","BAL","Jeremy Guthrie","BAL",2010,209.1,3326,0.13646789,"Jeremy Guthrie",2072,425386
2010,"Chris Narveson","MIL","Chris Narveson","MIL",2010,167.2,2893,0.18922652,"Chris Narveson",2141,429780
2010,"Adam Wainwright","STL","Adam Wainwright","STL",2010,230.1,3356,0.23406593,"Adam Wainwright",2233,425794
2010,"Wandy Rodriguez","HOU","Wandy Rodriguez","HOU",2010,195,3205,0.21654501,"Wandy Rodriguez",2586,434643
2010,"Jhoulys Chacín","COL","Jhoulys Chacín","COL",2010,137.1,2304,0.23670669,"Jhoulys Chacin",2608,468504
2010,"Brian Matusz","BAL","Brian Matusz","BAL",2010,175.2,3007,0.18815789,"Brian Matusz",2646,451085
2010,"Brett Cecil","TOR","Brett Cecil","TOR",2010,172.2,2711,0.16115702,"Brett Cecil",2660,446399
2010,"Rick Porcello","DET","Rick Porcello","DET",2010,162.2,2591,0.12,"Rick Porcello",2717,519144
2010,"Max Scherzer","DET","Max Scherzer","DET",2010,195.2,3297,0.23,"Max Scherzer",3137,453286
2010,"David Price","TBR","David Price","TBR",2010,208.2,3355,0.21835075,"David Price",3184,456034
2010,"Ervin Santana","LAA","Ervin Santana","LAA",2010,222.2,3561,0.17714885,"Ervin Santana",3200,429722
2010,"Francisco Liriano","MIN","Francisco Liriano","MIN",2010,191.2,3021,0.24937965,"Francisco Liriano",3201,434538
2010,"Ryan Rowland-Smith","SEA","Ryan Rowland-Smith","SEA",2010,109.1,1817,0.09607843,"Ryan Rowland-Smith",3245,434884
2010,"Roberto Hernandez","CLE","Roberto Hernandez","CLE",2010,210.1,3304,0.14090909,"Roberto Hernandez",3273,433584
2010,"Hiroki Kuroda","LAD","Hiroki Kuroda","LAD",2010,196.1,3028,0.1962963,"Hiroki Kuroda",3283,493133
2010,"Aníbal Sánchez","FLA","Aníbal Sánchez","FLA",2010,195,3234,0.18668252,"Anibal Sanchez",3284,434671
2010,"Matt Garza","TBR","Matt Garza","TBR",2010,204.2,3281,0.1754386,"Matt Garza",3340,490063
2010,"Ubaldo Jiménez","COL","Ubaldo Jiménez","COL",2010,221.2,3600,0.2393736,"Ubaldo Jimenez",3374,434622
2010,"Ricky Romero","TOR","Ricky Romero","TOR",2010,210,3241,0.19727891,"Ricky Romero",3403,460069
2010,"Clay Buchholz","BOS","Clay Buchholz","BOS",2010,173.2,2810,0.16877637,"Clay Buchholz",3543,453329
2010,"Clayton Richard","SDP","Clayton Richard","SDP",2010,201.2,3212,0.17770035,"Clayton Richard",3551,453385
2010,"C.J. Wilson","TEX","C.J. Wilson","TEX",2010,204,3441,0.2,"C.J. Wilson",3580,450351
2010,"Kyle Davies","KCR","Kyle Davies","KCR",2010,183.2,3127,0.15422277,"Kyle Davies",3642,434678
2010,"Mat Latos","SDP","Mat Latos","SDP",2010,184.2,2965,0.2526738,"Mat Latos",3815,502009
2010,"Ricky Nolasco","FLA","Ricky Nolasco","FLA",2010,157.2,2476,0.22105263,"Ricky Nolasco",3830,445060
2010,"Zach Duke","PIT","Zach Duke","PIT",2010,159,2638,0.13150685,"Zach Duke",3840,435043
2010,"Gavin Floyd","CHW","Gavin Floyd","CHW",2010,187.1,3020,0.18922306,"Gavin Floyd",3886,425856
2010,"Brian Duensing","MIN","Brian Duensing","MIN",2010,130.2,1885,0.14579439,"Brian Duensing",4064,488846
2010,"Jake Arrieta","BAL","Jake Arrieta","BAL",2010,100.1,1718,0.11581292,"Jake Arrieta",4153,453562
2010,"Armando Galarraga","DET","Armando Galarraga","DET",2010,144.1,2323,0.11993517,"Armando Galarraga",4222,451482
2010,"Jered Weaver","LAA","Jered Weaver","LAA",2010,224.1,3713,0.25745856,"Jered Weaver",4235,450308
2010,"Nick Blackburn","MIN","Nick Blackburn","MIN",2010,161,2380,0.0982659,"Nick Blackburn",4270,448147
2010,"Manny Parra","MIL","Manny Parra","MIL",2010,122,2160,0.23035714,"Manny Parra",4279,448159
2010,"Joe Saunders","- - -","Joe Saunders","- - -",2010,203.1,3315,0.12954545,"Joe Saunders",4366,434578
2010,"Jonathon Niese","NYM","Jonathon Niese","NYM",2010,173.2,2947,0.19220779,"Jonathon Niese",4424,477003
2010,"Randy Wells","CHC","Randy Wells","CHC",2010,194.1,3086,0.17081851,"Randy Wells",4535,448694
2010,"Jason Hammel","COL","Jason Hammel","COL",2010,177.2,2837,0.18311688,"Jason Hammel",4538,434628
2010,"Josh Johnson","FLA","Josh Johnson","FLA",2010,183.2,2988,0.25,"Josh Johnson",4567,435178
2010,"Ramon Pena","CHW","Ramon Pena","CHW",2010,100.2,1625,0.12612613,"Ramon Pena",4573,430963
2010,"Dave Bush","MIL","Dave Bush","MIL",2010,174.1,2954,0.13700384,"Dave Bush",4635,433657
2010,"Jeff Francis","COL","Jeff Francis","COL",2010,104.1,1659,0.15192744,"Jeff Francis",4684,433585
2010,"Matt Cain","SFG","Matt Cain","SFG",2010,223.1,3501,0.19754464,"Matt Cain",4732,430912
2010,"Félix Hernández","SEA","Félix Hernández","SEA",2010,249.2,3731,0.23176823,"Felix Hernandez",4772,433587
2010,"Joe Blanton","PHI","Joe Blanton","PHI",2010,175.2,2747,0.1751634,"Joe Blanton",4849,430599
2010,"Scott Kazmir","LAA","Scott Kazmir","LAA",2010,150,2737,0.13636364,"Scott Kazmir",4897,431148
2010,"Jon Lester","BOS","Jon Lester","BOS",2010,208,3357,0.26132404,"Jon Lester",4930,452657
2010,"Mitch Talbot","CLE","Mitch Talbot","CLE",2010,159.1,2630,0.12643678,"Mitch Talbot",4961,452676
2010,"Cole Hamels","PHI","Cole Hamels","PHI",2010,208.2,3368,0.24649533,"Cole Hamels",4972,430935
2010,"Mike Pelfrey","NYM","Mike Pelfrey","NYM",2010,204,3407,0.12988506,"Mike Pelfrey",5203,460059
2010,"Wade LeBlanc","SDP","Wade LeBlanc","SDP",2010,146,2412,0.176,"Wade LeBlanc",5221,453281
2010,"Vin Mazzaro","OAK","Vin Mazzaro","OAK",2010,122.1,2074,0.14711359,"Vin Mazzaro",5231,476570
2010,"Madison Bumgarner","SFG","Madison Bumgarner","SFG",2010,111,1720,0.18220339,"Madison Bumgarner",5524,518516
2010,"Jair Jurrjens","ATL","Jair Jurrjens","ATL",2010,116.1,1826,0.172,"Jair Jurrjens",5556,457453
2010,"Tim Lincecum","SFG","Tim Lincecum","SFG",2010,212.1,3437,0.25752508,"Tim Lincecum",5705,453311
2010,"Brian Bannister","KCR","Brian Bannister","KCR",2010,127.2,2166,0.13253012,"Brian Bannister",5718,446454
2010,"Chad Billingsley","LAD","Chad Billingsley","LAD",2010,191.2,3134,0.20930233,"Chad Billingsley",5842,451532
2010,"Jeff Karstens","PIT","Jeff Karstens","PIT",2010,122.2,1790,0.13714286,"Jeff Karstens",5879,444371
2010,"John Ely","LAD","John Ely","LAD",2010,100,1633,0.17674419,"John Ely",6132,518655
2010,"Scott Baker","MIN","Scott Baker","MIN",2010,170.1,2673,0.20413793,"Scott Baker",6176,435044
2010,"Shaun Marcum","TOR","Shaun Marcum","TOR",2010,195.1,3043,0.20625,"Shaun Marcum",6204,451788
2010,"Kyle Kendrick","PHI","Kyle Kendrick","PHI",2010,180.2,2828,0.10894942,"Kyle Kendrick",6230,452718
2010,"Tom Gorzelanny","CHC","Tom Gorzelanny","CHC",2010,136.1,2325,0.19701987,"Tom Gorzelanny",6244,452733
2010,"Trevor Cahill","OAK","Trevor Cahill","OAK",2010,196.2,3038,0.15070243,"Trevor Cahill",6249,502239
2010,"Scott Feldman","TEX","Scott Feldman","TEX",2010,141.1,2410,0.11700468,"Scott Feldman",6283,444857
2010,"John Danks","CHW","John Danks","CHW",2010,213,3389,0.18451025,"John Danks",6329,433579
2010,"Johnny Cueto","CIN","Johnny Cueto","CIN",2010,185.2,3117,0.17692308,"Johnny Cueto",6893,456501
2010,"Luke Hochevar","KCR","Luke Hochevar","KCR",2010,103,1642,0.16888889,"Luke Hochevar",6943,460024
2010,"Ian Kennedy","ARI","Ian Kennedy","ARI",2010,194,3170,0.20740741,"Ian Kennedy",6986,453178
2010,"James Shields","TBR","James Shields","TBR",2010,203.1,3351,0.2080089,"James Shields",7059,448306
2010,"John Lannan","WSN","John Lannan","WSN",2010,143.1,2355,0.11041991,"John Lannan",7080,458709
2010,"Craig Stammen","WSN","Craig Stammen","WSN",2010,128,2090,0.15124555,"Craig Stammen",7274,489334
2010,"Wade Davis","TBR","Wade Davis","TBR",2010,168,2789,0.1565097,"Wade Davis",7441,451584
2010,"Gio Gonzalez","OAK","Gio Gonzalez","OAK",2010,200.2,3370,0.20094007,"Gio Gonzalez",7448,461829
2010,"Phil Hughes","NYY","Phil Hughes","NYY",2010,176.1,3007,0.2,"Phil Hughes",7450,461833
2010,"Jonathan Sánchez","SFG","Jonathan Sánchez","SFG",2010,193.1,3235,0.25246305,"Jonathan Sanchez",7507,456043
2010,"Daisuke Matsuzaka","BOS","Daisuke Matsuzaka","BOS",2010,153.2,2619,0.2003012,"Daisuke Matsuzaka",7775,493137
2010,"Jason Vargas","SEA","Jason Vargas","SEA",2010,192.2,3020,0.14303329,"Jason Vargas",8044,450306
2010,"Dallas Braden","OAK","Dallas Braden","OAK",2010,192.2,2850,0.1446863,"Dallas Braden",8099,460284
2010,"Jaime García","STL","Jaime García","STL",2010,163.1,2609,0.18992806,"Jaime Garcia",8137,448802
2010,"Yovani Gallardo","MIL","Yovani Gallardo","MIL",2010,185,3203,0.249066,"Yovani Gallardo",8173,451596
2010,"Brett Anderson","OAK","Brett Anderson","OAK",2010,112.1,1801,0.15957447,"Brett Anderson",8223,474463
2010,"Ross Ohlendorf","PIT","Ross Ohlendorf","PIT",2010,108.1,1771,0.16631579,"Ross Ohlendorf",8268,456027
2010,"Homer Bailey","CIN","Homer Bailey","CIN",2010,109,1934,0.21505376,"Homer Bailey",8362,456701
2010,"Brad Bergesen","BAL","Brad Bergesen","BAL",2010,170,2610,0.10857909,"Brad Bergesen",8375,448269
2010,"Jeff Niemann","TBR","Jeff Niemann","TBR",2010,174.1,2636,0.1787176,"Jeff Niemann",8591,435298
2010,"Paul Maholm","PIT","Paul Maholm","PIT",2010,185.1,3068,0.12142857,"Paul Maholm",8678,430904
2010,"Justin Verlander","DET","Justin Verlander","DET",2010,224.1,3746,0.23675676,"Justin Verlander",8700,434378
2010,"Tommy Hanson","ATL","Tommy Hanson","ATL",2010,202.2,3272,0.20473373,"Tommy Hanson",9129,462102
2010,"Brandon Morrow","TOR","Brandon Morrow","TOR",2010,146.1,2523,0.28298887,"Brandon Morrow",9346,453344
2010,"Kris Medlen","ATL","Kris Medlen","ATL",2010,107.2,1596,0.18949772,"Kris Medlen",9417,450665
2010,"Doug Fister","SEA","Doug Fister","SEA",2010,171,2700,0.12916667,"Doug Fister",9425,450729
2010,"Bud Norris","HOU","Bud Norris","HOU",2010,153.2,2726,0.23133236,"Bud Norris",9492,502032
2010,"Travis Wood","CIN","Travis Wood","CIN",2010,102.2,1613,0.2052506,"Travis Wood",9884,475243
2010,"Chris Volstad","FLA","Chris Volstad","FLA",2010,175,2828,0.13456464,"Chris Volstad",9901,458690
2010,"Kevin Slowey","MIN","Kevin Slowey","MIN",2010,155.2,2580,0.17522659,"Kevin Slowey",9918,458713
2010,"Hisanori Takahashi","NYM","Hisanori Takahashi","NYM",2010,122,2070,0.22093023,"Hisanori Takahashi",10091,538227
2010,"Mike Leake","CIN","Mike Leake","CIN",2010,138.1,2131,0.15066225,"Mike Leake",10130,502190
2011,"Jason Marquis","- - -","Jason Marquis","- - -",2011,132,2052,0.12947189,"Jason Marquis",105,150302
2011,"Erik Bedard","- - -","Erik Bedard","- - -",2011,129.1,2228,0.2310536,"Erik Bedard",126,407853
2011,"Derek Lowe","ATL","Derek Lowe","ATL",2011,187,3226,0.16506024,"Derek Lowe",199,117955
2011,"Tim Wakefield","BOS","Tim Wakefield","BOS",2011,154.2,2416,0.13737075,"Tim Wakefield",219,123801
2011,"Mark Buehrle","CHW","Mark Buehrle","CHW",2011,205.1,3146,0.12703963,"Mark Buehrle",225,279824
2011,"Carlos Zambrano","CHC","Carlos Zambrano","CHC",2011,145.2,2464,0.15930599,"Carlos Zambrano",305,407296
2011,"Bartolo Colon","NYY","Bartolo Colon","NYY",2011,164.1,2542,0.1945245,"Bartolo Colon",375,112526
2011,"CC Sabathia","NYY","CC Sabathia","NYY",2011,237.1,3604,0.23350254,"CC Sabathia",404,282332
2011,"Jake Westbrook","STL","Jake Westbrook","STL",2011,183.1,3057,0.12855377,"Jake Westbrook",412,150414
2011,"Josh Beckett","BOS","Josh Beckett","BOS",2011,193,2994,0.22816167,"Josh Beckett",510,277417
2011,"A.J. Burnett","NYY","A.J. Burnett","NYY",2011,190.1,3222,0.20669056,"A.J. Burnett",512,150359
2011,"Ryan Dempster","CHC","Ryan Dempster","CHC",2011,202.1,3515,0.21679909,"Ryan Dempster",517,133225
2011,"Brad Penny","DET","Brad Penny","DET",2011,181.2,2951,0.09215442,"Brad Penny",535,207267
2011,"Roy Oswalt","PHI","Roy Oswalt","PHI",2011,139,2159,0.15656566,"Roy Oswalt",571,400061
2011,"Kyle Lohse","STL","Kyle Lohse","STL",2011,188.1,2804,0.14322581,"Kyle Lohse",739,346798
2011,"Bruce Chen","KCR","Bruce Chen","KCR",2011,155,2520,0.14831804,"Bruce Chen",769,136600
2011,"Carl Pavano","MIN","Carl Pavano","MIN",2011,222,3383,0.10680628,"Carl Pavano",790,134321
2011,"Javier Vazquez","FLA","Javier Vazquez","FLA",2011,192.2,3005,0.20300752,"Javier Vazquez",801,134320
2011,"Ted Lilly","LAD","Ted Lilly","LAD",2011,192.2,3028,0.1975,"Ted Lilly",833,150404
2011,"Tim Hudson","ATL","Tim Hudson","ATL",2011,215,3204,0.17873303,"Tim Hudson",921,218596
2011,"Brett Myers","HOU","Brett Myers","HOU",2011,216,3348,0.17448201,"Brett Myers",962,408206
2011,"Randy Wolf","MIL","Randy Wolf","MIL",2011,212.1,3377,0.14839424,"Randy Wolf",976,150116
2011,"Bronson Arroyo","CIN","Bronson Arroyo","CIN",2011,199,3106,0.12631579,"Bronson Arroyo",978,276520
2011,"Ryan Vogelsong","SFG","Ryan Vogelsong","SFG",2011,179.2,2937,0.18484043,"Ryan Vogelsong",1011,285064
2011,"Jake Peavy","CHW","Jake Peavy","CHW",2011,111.2,1856,0.20212766,"Jake Peavy",1051,408241
2011,"Freddy Garcia","NYY","Freddy Garcia","NYY",2011,146.2,2291,0.15335463,"Freddy Garcia",1077,150119
2011,"Joel Pineiro","LAA","Joel Pineiro","LAA",2011,145.2,2196,0.09825674,"Joel Pineiro",1094,334492
2011,"Livan Hernandez","WSN","Livan Hernandez","WSN",2011,175.1,2688,0.13182423,"Livan Hernandez",1116,115817
2011,"R.A. Dickey","NYM","R.A. Dickey","NYM",2011,208.2,3132,0.15296804,"R.A. Dickey",1245,285079
2011,"Colby Lewis","TEX","Colby Lewis","TEX",2011,200.1,3207,0.20143027,"Colby Lewis",1259,407890
2011,"Chris Carpenter","STL","Chris Carpenter","STL",2011,237.1,3613,0.19176707,"Chris Carpenter",1292,112020
2011,"Roy Halladay","PHI","Roy Halladay","PHI",2011,233.2,3468,0.2357985,"Roy Halladay",1303,136880
2011,"Aaron Harang","SDP","Aaron Harang","SDP",2011,170.2,2755,0.17246175,"Aaron Harang",1451,421685
2011,"John Lackey","BOS","John Lackey","BOS",2011,160,2844,0.14535666,"John Lackey",1507,407793
2011,"Cliff Lee","PHI","Cliff Lee","PHI",2011,232.2,3403,0.25869565,"Cliff Lee",1636,424324
2011,"Chris Capuano","NYM","Chris Capuano","NYM",2011,186,2962,0.20947631,"Chris Capuano",1701,425626
2011,"Dan Haren","LAA","Dan Haren","LAA",2011,238.1,3774,0.20146905,"Dan Haren",1757,429717
2011,"Kevin Correia","PIT","Kevin Correia","PIT",2011,154,2358,0.11666667,"Kevin Correia",1767,429781
2011,"Edwin Jackson","- - -","Edwin Jackson","- - -",2011,199.2,3244,0.17189315,"Edwin Jackson",1841,429719
2011,"Zack Greinke","MIL","Zack Greinke","MIL",2011,171.2,2841,0.28111888,"Zack Greinke",1943,425844
2011,"Cory Luebke","SDP","Cory Luebke","SDP",2011,139.2,2358,0.27747748,"Cory Luebke",1984,458537
2011,"Iván Nova","NYY","Iván Nova","NYY",2011,165.1,2562,0.13920455,"Ivan Nova",1994,467100
2011,"Clayton Kershaw","LAD","Clayton Kershaw","LAD",2011,233.1,3469,0.27192982,"Clayton Kershaw",2036,477132
2011,"Justin Masterson","CLE","Justin Masterson","CLE",2011,216,3460,0.17400881,"Justin Masterson",2038,475416
2011,"Jeremy Guthrie","BAL","Jeremy Guthrie","BAL",2011,208,3316,0.14623172,"Jeremy Guthrie",2072,425386
2011,"Chris Narveson","MIL","Chris Narveson","MIL",2011,161.2,2641,0.18025751,"Chris Narveson",2141,429780
2011,"Alfredo Simon","BAL","Alfredo Simon","BAL",2011,115.2,1901,0.16633267,"Alfredo Simon",2155,430580
2011,"Wandy Rodriguez","HOU","Wandy Rodriguez","HOU",2011,191,3145,0.20544554,"Wandy Rodriguez",2586,434643
2011,"Jhoulys Chacín","COL","Jhoulys Chacín","COL",2011,194,3139,0.18137848,"Jhoulys Chacin",2608,468504
2011,"Brett Cecil","TOR","Brett Cecil","TOR",2011,123.2,1915,0.16353383,"Brett Cecil",2660,446399
2011,"Rick Porcello","DET","Rick Porcello","DET",2011,182,2860,0.13265306,"Rick Porcello",2717,519144
2011,"Max Scherzer","DET","Max Scherzer","DET",2011,195,3344,0.20888355,"Max Scherzer",3137,453286
2011,"David Price","TBR","David Price","TBR",2011,224.1,3696,0.23747277,"David Price",3184,456034
2011,"Ervin Santana","LAA","Ervin Santana","LAA",2011,228.2,3453,0.18756586,"Ervin Santana",3200,429722
2011,"Francisco Liriano","MIN","Francisco Liriano","MIN",2011,134.1,2278,0.18950931,"Francisco Liriano",3201,434538
2011,"Zack Britton","BAL","Zack Britton","BAL",2011,154.1,2509,0.14564565,"Zack Britton",3240,502154
2011,"Roberto Hernandez","CLE","Roberto Hernandez","CLE",2011,188.2,3021,0.13085234,"Roberto Hernandez",3273,433584
2011,"Hiroki Kuroda","LAD","Hiroki Kuroda","LAD",2011,202,3202,0.19212411,"Hiroki Kuroda",3283,493133
2011,"Aníbal Sánchez","FLA","Aníbal Sánchez","FLA",2011,196.1,3225,0.24337349,"Anibal Sanchez",3284,434671
2011,"Matt Garza","CHC","Matt Garza","CHC",2011,198,3192,0.23480334,"Matt Garza",3340,490063
2011,"Ubaldo Jiménez","- - -","Ubaldo Jiménez","- - -",2011,188.1,3259,0.2189781,"Ubaldo Jimenez",3374,434622
2011,"Ricky Romero","TOR","Ricky Romero","TOR",2011,225,3374,0.19411123,"Ricky Romero",3403,460069
2011,"Danny Duffy","KCR","Danny Duffy","KCR",2011,105.1,1955,0.1835443,"Danny Duffy",3542,518633
2011,"C.J. Wilson","TEX","C.J. Wilson","TEX",2011,223.1,3592,0.22513661,"C.J. Wilson",3580,450351
2011,"Felipe Paulino","- - -","Felipe Paulino","- - -",2011,139.1,2415,0.22203673,"Felipe Paulino",3777,462956
2011,"Mat Latos","SDP","Mat Latos","SDP",2011,194.1,3149,0.23153942,"Mat Latos",3815,502009
2011,"Ricky Nolasco","FLA","Ricky Nolasco","FLA",2011,206,3196,0.1661055,"Ricky Nolasco",3830,445060
2011,"Gavin Floyd","CHW","Gavin Floyd","CHW",2011,193.2,2995,0.18922306,"Gavin Floyd",3886,425856
2011,"Edinson Volquez","CIN","Edinson Volquez","CIN",2011,108.2,1952,0.21267894,"Edinson Volquez",3990,450172
2011,"Brian Duensing","MIN","Brian Duensing","MIN",2011,161.2,2669,0.16174402,"Brian Duensing",4064,488846
2011,"Carlos Villanueva","TOR","Carlos Villanueva","TOR",2011,107,1738,0.14977974,"Carlos Villanueva",4138,453646
2011,"Derek Holland","TEX","Derek Holland","TEX",2011,198,3206,0.19217082,"Derek Holland",4141,502706
2011,"Jake Arrieta","BAL","Jake Arrieta","BAL",2011,119.1,2097,0.17782027,"Jake Arrieta",4153,453562
2011,"Jered Weaver","LAA","Jered Weaver","LAA",2011,235.2,3746,0.21382289,"Jered Weaver",4235,450308
2011,"Nick Blackburn","MIN","Nick Blackburn","MIN",2011,148.1,2429,0.11343284,"Nick Blackburn",4270,448147
2011,"Tyler Chatwood","LAA","Tyler Chatwood","LAA",2011,142,2418,0.11690363,"Tyler Chatwood",4338,543022
2011,"Joe Saunders","ARI","Joe Saunders","ARI",2011,212,3217,0.12356979,"Joe Saunders",4366,434578
2011,"Jeremy Hellickson","TBR","Jeremy Hellickson","TBR",2011,189,2954,0.15116279,"Jeremy Hellickson",4371,476451
2011,"Jonathon Niese","NYM","Jonathon Niese","NYM",2011,157.1,2493,0.19884726,"Jonathon Niese",4424,477003
2011,"Jordan Zimmermann","WSN","Jordan Zimmermann","WSN",2011,161.1,2464,0.18731118,"Jordan Zimmermann",4505,519455
2011,"Randy Wells","CHC","Randy Wells","CHC",2011,135.1,2176,0.1406518,"Randy Wells",4535,448694
2011,"Jason Hammel","COL","Jason Hammel","COL",2011,170.1,2710,0.12719892,"Jason Hammel",4538,434628
2011,"Brandon McCarthy","OAK","Brandon McCarthy","OAK",2011,170.2,2499,0.17826087,"Brandon McCarthy",4662,435221
2011,"Charlie Morton","PIT","Charlie Morton","PIT",2011,171.2,2736,0.14304291,"Charlie Morton",4676,450203
2011,"Jeff Francis","KCR","Jeff Francis","KCR",2011,183,2953,0.11332503,"Jeff Francis",4684,433585
2011,"Matt Cain","SFG","Matt Cain","SFG",2011,221.2,3488,0.19735391,"Matt Cain",4732,430912
2011,"Félix Hernández","SEA","Félix Hernández","SEA",2011,233.2,3609,0.23029046,"Felix Hernandez",4772,433587
2011,"Kyle McClellan","STL","Kyle McClellan","STL",2011,141.2,2125,0.12520593,"Kyle McClellan",4845,449072
2011,"Jon Lester","BOS","Jon Lester","BOS",2011,191.2,3192,0.22778473,"Jon Lester",4930,452657
2011,"Cole Hamels","PHI","Cole Hamels","PHI",2011,216,3132,0.22823529,"Cole Hamels",4972,430935
2011,"Guillermo Moscoso","OAK","Guillermo Moscoso","OAK",2011,128,2131,0.14068441,"Guillermo Moscoso",5106,446861
2011,"Alfredo Aceves","BOS","Alfredo Aceves","BOS",2011,114,1757,0.16877637,"Alfredo Aceves",5164,469686
2011,"Mike Pelfrey","NYM","Mike Pelfrey","NYM",2011,193.2,3216,0.12209302,"Mike Pelfrey",5203,460059
2011,"Michael Pineda","SEA","Michael Pineda","SEA",2011,171,2688,0.24856322,"Michael Pineda",5372,501381
2011,"James McDonald","PIT","James McDonald","PIT",2011,171,2899,0.18832891,"James McDonald",5523,457428
2011,"Madison Bumgarner","SFG","Madison Bumgarner","SFG",2011,204.2,3202,0.22630332,"Madison Bumgarner",5524,518516
2011,"Phil Coke","DET","Phil Coke","DET",2011,108.2,1701,0.14556962,"Phil Coke",5535,457435
2011,"Matt Harrison","TEX","Matt Harrison","TEX",2011,185.2,3016,0.16321244,"Matt Harrison",5551,457448
2011,"Jair Jurrjens","ATL","Jair Jurrjens","ATL",2011,152,2287,0.14354067,"Jair Jurrjens",5556,457453
2011,"Jo-Jo Reyes","- - -","Jo-Jo Reyes","- - -",2011,140.2,2368,0.13572543,"Jo-Jo Reyes",5559,457456
2011,"Tim Lincecum","SFG","Tim Lincecum","SFG",2011,217,3606,0.24444444,"Tim Lincecum",5705,453311
2011,"Chad Billingsley","LAD","Chad Billingsley","LAD",2011,188,3221,0.18335344,"Chad Billingsley",5842,451532
2011,"Jeff Karstens","PIT","Jeff Karstens","PIT",2011,162.1,2356,0.14371257,"Jeff Karstens",5879,444371
2011,"Scott Baker","MIN","Scott Baker","MIN",2011,134.2,2132,0.22445255,"Scott Baker",6176,435044
2011,"Shaun Marcum","MIL","Shaun Marcum","MIL",2011,200.2,3181,0.19198056,"Shaun Marcum",6204,451788
2011,"Kyle Kendrick","PHI","Kyle Kendrick","PHI",2011,114.2,1731,0.12343096,"Kyle Kendrick",6230,452718
2011,"Tom Gorzelanny","WSN","Tom Gorzelanny","WSN",2011,105,1701,0.21252796,"Tom Gorzelanny",6244,452733
2011,"Trevor Cahill","OAK","Trevor Cahill","OAK",2011,207.2,3385,0.16315205,"Trevor Cahill",6249,502239
2011,"John Danks","CHW","John Danks","CHW",2011,170.1,2753,0.18543956,"John Danks",6329,433579
2011,"Tim Stauffer","SDP","Tim Stauffer","SDP",2011,185.2,3005,0.16473616,"Tim Stauffer",6432,431162
2011,"Vance Worley","PHI","Vance Worley","PHI",2011,131.2,2166,0.21518987,"Vance Worley",6435,474699
2011,"Carlos Carrasco","CLE","Carlos Carrasco","CLE",2011,124.2,1965,0.15858209,"Carlos Carrasco",6632,471911
2011,"Johnny Cueto","CIN","Johnny Cueto","CIN",2011,156,2394,0.16481775,"Johnny Cueto",6893,456501
2011,"Luke Hochevar","KCR","Luke Hochevar","KCR",2011,198,3118,0.15329341,"Luke Hochevar",6943,460024
2011,"Ian Kennedy","ARI","Ian Kennedy","ARI",2011,222,3424,0.22,"Ian Kennedy",6986,453178
2011,"James Shields","TBR","James Shields","TBR",2011,249.1,3576,0.23076923,"James Shields",7059,448306
2011,"Dustin Moseley","SDP","Dustin Moseley","SDP",2011,120,1875,0.12698413,"Dustin Moseley",7060,400291
2011,"John Lannan","WSN","John Lannan","WSN",2011,184.2,2938,0.13118812,"John Lannan",7080,458709
2011,"Daniel Hudson","ARI","Daniel Hudson","ARI",2011,222,3436,0.1834962,"Daniel Hudson",7146,543339
2011,"Josh Collmenter","ARI","Josh Collmenter","ARI",2011,154.1,2436,0.1610306,"Josh Collmenter",7312,518567
2011,"Dillon Gee","NYM","Dillon Gee","NYM",2011,160.2,2603,0.16147309,"Dillon Gee",7396,518716
2011,"J.A. Happ","HOU","J.A. Happ","HOU",2011,156.1,2972,0.19197708,"J.A. Happ",7410,457918
2011,"Wade Davis","TBR","Wade Davis","TBR",2011,184,2952,0.13207547,"Wade Davis",7441,451584
2011,"Gio Gonzalez","OAK","Gio Gonzalez","OAK",2011,202,3407,0.22800926,"Gio Gonzalez",7448,461829
2011,"Anthony Swarzak","MIN","Anthony Swarzak","MIN",2011,102,1680,0.12471655,"Anthony Swarzak",7466,461872
2011,"Jonathan Sánchez","SFG","Jonathan Sánchez","SFG",2011,101.1,1757,0.22972973,"Jonathan Sanchez",7507,456043
2011,"Jason Vargas","SEA","Jason Vargas","SEA",2011,201,3250,0.15285881,"Jason Vargas",8044,450306
2011,"Jaime García","STL","Jaime García","STL",2011,194.2,2986,0.18886199,"Jaime Garcia",8137,448802
2011,"Yovani Gallardo","MIL","Yovani Gallardo","MIL",2011,207.1,3462,0.23930636,"Yovani Gallardo",8173,451596
2011,"Homer Bailey","CIN","Homer Bailey","CIN",2011,132,2106,0.18894831,"Homer Bailey",8362,456701
2011,"Brad Bergesen","BAL","Brad Bergesen","BAL",2011,101,1660,0.13525499,"Brad Bergesen",8375,448269
2011,"Philip Humber","CHW","Philip Humber","CHW",2011,163,2497,0.17159763,"Philip Humber",8586,458950
2011,"Jeff Niemann","TBR","Jeff Niemann","TBR",2011,135.1,2150,0.18356643,"Jeff Niemann",8591,435298
2011,"Paul Maholm","PIT","Paul Maholm","PIT",2011,162.1,2456,0.1411936,"Paul Maholm",8678,430904
2011,"Justin Verlander","DET","Justin Verlander","DET",2011,251,3941,0.25799794,"Justin Verlander",8700,434378
2011,"Brandon Beachy","ATL","Brandon Beachy","ATL",2011,141.2,2417,0.28595601,"Brandon Beachy",8851,545404
2011,"Tommy Hanson","ATL","Tommy Hanson","ATL",2011,130,2169,0.26296296,"Tommy Hanson",9129,462102
2011,"Brandon Morrow","TOR","Brandon Morrow","TOR",2011,179.1,3112,0.26126126,"Brandon Morrow",9346,453344
2011,"Josh Tomlin","CLE","Josh Tomlin","CLE",2011,165.1,2371,0.13444109,"Josh Tomlin",9388,458708
2011,"Doug Fister","- - -","Doug Fister","- - -",2011,216.1,3195,0.16685714,"Doug Fister",9425,450729
2011,"Bud Norris","HOU","Bud Norris","HOU",2011,186,3149,0.22138365,"Bud Norris",9492,502032
2011,"Travis Wood","CIN","Travis Wood","CIN",2011,106,1789,0.16414687,"Travis Wood",9884,475243
2011,"Chris Volstad","FLA","Chris Volstad","FLA",2011,165.2,2599,0.16272601,"Chris Volstad",9901,458690
2011,"Mike Leake","CIN","Mike Leake","CIN",2011,167.2,2552,0.17027417,"Mike Leake",10130,502190
2011,"Alexi Ogando","TEX","Alexi Ogando","TEX",2011,169,2728,0.18181818,"Alexi Ogando",10261,468396
2012,"Jason Marquis","- - -","Jason Marquis","- - -",2012,127.2,2046,0.16221034,"Jason Marquis",105,150302
2012,"Kevin Millwood","SEA","Kevin Millwood","SEA",2012,161,2596,0.15529753,"Kevin Millwood",106,119154
2012,"Erik Bedard","PIT","Erik Bedard","PIT",2012,125.2,2134,0.21184919,"Erik Bedard",126,407853
2012,"Derek Lowe","- - -","Derek Lowe","- - -",2012,142.2,2338,0.0859375,"Derek Lowe",199,117955
2012,"Mark Buehrle","MIA","Mark Buehrle","MIA",2012,202.1,3061,0.15096618,"Mark Buehrle",225,279824
2012,"Carlos Zambrano","MIA","Carlos Zambrano","MIA",2012,132.1,2294,0.1607445,"Carlos Zambrano",305,407296
2012,"Blake Beavan","SEA","Blake Beavan","SEA",2012,152.1,2303,0.10501567,"Blake Beavan",338,518444
2012,"Bartolo Colon","OAK","Bartolo Colon","OAK",2012,152.1,2141,0.14308176,"Bartolo Colon",375,112526
2012,"CC Sabathia","NYY","CC Sabathia","NYY",2012,200,3028,0.2364946,"CC Sabathia",404,282332
2012,"Jake Westbrook","STL","Jake Westbrook","STL",2012,174.2,2678,0.14114514,"Jake Westbrook",412,150414
2012,"Josh Beckett","- - -","Josh Beckett","- - -",2012,170.1,2630,0.18082192,"Josh Beckett",510,277417
2012,"A.J. Burnett","PIT","A.J. Burnett","PIT",2012,202.1,3042,0.21151586,"A.J. Burnett",512,150359
2012,"Ryan Dempster","- - -","Ryan Dempster","- - -",2012,173,2748,0.21338912,"Ryan Dempster",517,133225
2012,"Kyle Lohse","STL","Kyle Lohse","STL",2012,211,3127,0.16550926,"Kyle Lohse",739,346798
2012,"Johan Santana","NYM","Johan Santana","NYM",2012,117,1940,0.22244489,"Johan Santana",755,276371
2012,"Bruce Chen","KCR","Bruce Chen","KCR",2012,191.2,3193,0.16928658,"Bruce Chen",769,136600
2012,"Tim Hudson","ATL","Tim Hudson","ATL",2012,179,2623,0.13618158,"Tim Hudson",921,218596
2012,"Barry Zito","SFG","Barry Zito","SFG",2012,184.1,3068,0.14267835,"Barry Zito",944,217096
2012,"Randy Wolf","- - -","Randy Wolf","- - -",2012,157.2,2710,0.14878398,"Randy Wolf",976,150116
2012,"Bronson Arroyo","CIN","Bronson Arroyo","CIN",2012,202,2958,0.15449102,"Bronson Arroyo",978,276520
2012,"Ryan Vogelsong","SFG","Ryan Vogelsong","SFG",2012,189.2,3056,0.20050761,"Ryan Vogelsong",1011,285064
2012,"Jake Peavy","CHW","Jake Peavy","CHW",2012,219,3486,0.21995465,"Jake Peavy",1051,408241
2012,"Freddy Garcia","NYY","Freddy Garcia","NYY",2012,107.1,1767,0.19305857,"Freddy Garcia",1077,150119
2012,"Marco Estrada","MIL","Marco Estrada","MIL",2012,138.1,2246,0.2544484,"Marco Estrada",1118,462136
2012,"Jerome Williams","LAA","Jerome Williams","LAA",2012,137.2,2035,0.17132867,"Jerome Williams",1137,425532
2012,"Tommy Hunter","BAL","Tommy Hunter","BAL",2012,133.2,2079,0.13438045,"Tommy Hunter",1157,488984
2012,"R.A. Dickey","NYM","R.A. Dickey","NYM",2012,233.2,3359,0.24811219,"R.A. Dickey",1245,285079
2012,"Colby Lewis","TEX","Colby Lewis","TEX",2012,105,1627,0.21779859,"Colby Lewis",1259,407890
2012,"Roy Halladay","PHI","Roy Halladay","PHI",2012,156.1,2388,0.20433437,"Roy Halladay",1303,136880
2012,"Aaron Harang","LAD","Aaron Harang","LAD",2012,179.2,3096,0.16666667,"Aaron Harang",1451,421685
2012,"Felix Doubront","BOS","Felix Doubront","BOS",2012,161,2868,0.23554302,"Felix Doubront",1478,467094
2012,"Cliff Lee","PHI","Cliff Lee","PHI",2012,211,3099,0.24439197,"Cliff Lee",1636,424324
2012,"Chris Capuano","LAD","Chris Capuano","LAD",2012,198.1,2976,0.19828641,"Chris Capuano",1701,425626
2012,"Dan Haren","LAA","Dan Haren","LAA",2012,176.2,2849,0.19009371,"Dan Haren",1757,429717
2012,"Kevin Correia","PIT","Kevin Correia","PIT",2012,171,2565,0.12225275,"Kevin Correia",1767,429781
2012,"Edwin Jackson","WSN","Edwin Jackson","WSN",2012,189.2,2968,0.21265823,"Edwin Jackson",1841,429719
2012,"Matt Moore","TBR","Matt Moore","TBR",2012,177.1,3023,0.23056653,"Matt Moore",1890,519043
2012,"Zack Greinke","- - -","Zack Greinke","- - -",2012,212.1,3383,0.23041475,"Zack Greinke",1943,425844
2012,"Iván Nova","NYY","Iván Nova","NYY",2012,170.1,2691,0.20454545,"Ivan Nova",1994,467100
2012,"Clayton Kershaw","LAD","Clayton Kershaw","LAD",2012,227.2,3469,0.25416204,"Clayton Kershaw",2036,477132
2012,"Justin Masterson","CLE","Justin Masterson","CLE",2012,206.1,3426,0.17549669,"Justin Masterson",2038,475416
2012,"Jeremy Guthrie","- - -","Jeremy Guthrie","- - -",2012,181.2,2922,0.12817259,"Jeremy Guthrie",2072,425386
2012,"Adam Wainwright","STL","Adam Wainwright","STL",2012,198.2,3091,0.22141998,"Adam Wainwright",2233,425794
2012,"Lance Lynn","STL","Lance Lynn","STL",2012,176,3002,0.24193548,"Lance Lynn",2520,458681
2012,"Wandy Rodriguez","- - -","Wandy Rodriguez","- - -",2012,205.2,3204,0.15885714,"Wandy Rodriguez",2586,434643
2012,"Rick Porcello","DET","Rick Porcello","DET",2012,176.1,2828,0.1366539,"Rick Porcello",2717,519144
2012,"Ross Detwiler","WSN","Ross Detwiler","WSN",2012,164.1,2541,0.15306122,"Ross Detwiler",2859,446321
2012,"Zach McAllister","CLE","Zach McAllister","CLE",2012,125.1,2119,0.20257827,"Zach McAllister",2895,502083
2012,"Luis Mendoza","KCR","Luis Mendoza","KCR",2012,166,2532,0.14668547,"Luis Mendoza",3126,434669
2012,"Max Scherzer","DET","Max Scherzer","DET",2012,187.2,3278,0.2935197,"Max Scherzer",3137,453286
2012,"David Price","TBR","David Price","TBR",2012,211,3332,0.24521531,"David Price",3184,456034
2012,"Chris Young","NYM","Chris Young","NYM",2012,115,1847,0.16227181,"Chris Young",3196,432934
2012,"Ervin Santana","LAA","Ervin Santana","LAA",2012,178,2859,0.17408377,"Ervin Santana",3200,429722
2012,"Francisco Liriano","- - -","Francisco Liriano","- - -",2012,156.2,2715,0.24098124,"Francisco Liriano",3201,434538
2012,"Travis Blackley","- - -","Travis Blackley","- - -",2012,107.2,1661,0.15990991,"Travis Blackley",3234,429715
2012,"Jeff Samardzija","CHC","Jeff Samardzija","CHC",2012,174.2,2767,0.24896266,"Jeff Samardzija",3254,502188
2012,"Hiroki Kuroda","NYY","Hiroki Kuroda","NYY",2012,219.2,3330,0.18742985,"Hiroki Kuroda",3283,493133
2012,"Aníbal Sánchez","- - -","Aníbal Sánchez","- - -",2012,195.2,3057,0.20365854,"Anibal Sanchez",3284,434671
2012,"Hector Noesí","SEA","Hector Noesí","SEA",2012,106.2,1707,0.15011038,"Hector Noesi",3292,456051
2012,"Matt Garza","CHC","Matt Garza","CHC",2012,103.2,1699,0.22641509,"Matt Garza",3340,490063
2012,"Ubaldo Jiménez","CLE","Ubaldo Jiménez","CLE",2012,176.2,3123,0.17763975,"Ubaldo Jimenez",3374,434622
2012,"Ricky Romero","TOR","Ricky Romero","TOR",2012,181,3084,0.1495778,"Ricky Romero",3403,460069
2012,"Clay Buchholz","BOS","Clay Buchholz","BOS",2012,189.1,2900,0.16084788,"Clay Buchholz",3543,453329
2012,"Clayton Richard","SDP","Clayton Richard","SDP",2012,218.2,3166,0.11758242,"Clayton Richard",3551,453385
2012,"C.J. Wilson","LAA","C.J. Wilson","LAA",2012,202.1,3442,0.2,"C.J. Wilson",3580,450351
2012,"Mat Latos","CIN","Mat Latos","CIN",2012,209.1,3271,0.21561772,"Mat Latos",3815,502009
2012,"Ricky Nolasco","MIA","Ricky Nolasco","MIA",2012,191,2972,0.15024038,"Ricky Nolasco",3830,445060
2012,"Gavin Floyd","CHW","Gavin Floyd","CHW",2012,168,2758,0.19889503,"Gavin Floyd",3886,425856
2012,"Edinson Volquez","SDP","Edinson Volquez","SDP",2012,182.2,3221,0.21695761,"Edinson Volquez",3990,450172
2012,"Brian Duensing","MIN","Brian Duensing","MIN",2012,109,1706,0.14618644,"Brian Duensing",4064,488846
2012,"Carlos Villanueva","TOR","Carlos Villanueva","TOR",2012,125.1,2014,0.23416507,"Carlos Villanueva",4138,453646
2012,"Derek Holland","TEX","Derek Holland","TEX",2012,175.1,2756,0.19863014,"Derek Holland",4141,502706
2012,"Jake Arrieta","BAL","Jake Arrieta","BAL",2012,114.2,1956,0.21975806,"Jake Arrieta",4153,453562
2012,"Jered Weaver","LAA","Jered Weaver","LAA",2012,188.2,2859,0.19215156,"Jered Weaver",4235,450308
2012,"Joe Saunders","- - -","Joe Saunders","- - -",2012,174.2,2709,0.15033557,"Joe Saunders",4366,434578
2012,"Jeremy Hellickson","TBR","Jeremy Hellickson","TBR",2012,177,2994,0.16734143,"Jeremy Hellickson",4371,476451
2012,"Jonathon Niese","NYM","Jonathon Niese","NYM",2012,190.1,3029,0.19670051,"Jonathon Niese",4424,477003
2012,"Jordan Zimmermann","WSN","Jordan Zimmermann","WSN",2012,195.2,3089,0.19006211,"Jordan Zimmermann",4505,519455
2012,"Jason Hammel","BAL","Jason Hammel","BAL",2012,118,1932,0.22920892,"Jason Hammel",4538,434628
2012,"Josh Johnson","MIA","Josh Johnson","MIA",2012,191.1,3145,0.20676692,"Josh Johnson",4567,435178
2012,"Brandon McCarthy","OAK","Brandon McCarthy","OAK",2012,111,1652,0.15565032,"Brandon McCarthy",4662,435221
2012,"Jeff Francis","COL","Jeff Francis","COL",2012,113,1858,0.15139442,"Jeff Francis",4684,433585
2012,"Matt Cain","SFG","Matt Cain","SFG",2012,219.1,3345,0.22031963,"Matt Cain",4732,430912
2012,"Félix Hernández","SEA","Félix Hernández","SEA",2012,232,3420,0.23748669,"Felix Hernandez",4772,433587
2012,"Joe Blanton","- - -","Joe Blanton","- - -",2012,191,2927,0.20595533,"Joe Blanton",4849,430599
2012,"Jarrod Parker","OAK","Jarrod Parker","OAK",2012,181.1,2830,0.18641811,"Jarrod Parker",4913,519105
2012,"Jon Lester","BOS","Jon Lester","BOS",2012,205.1,3424,0.18949772,"Jon Lester",4930,452657
2012,"Cole Hamels","PHI","Cole Hamels","PHI",2012,215.1,3316,0.24913495,"Cole Hamels",4972,430935
2012,"Scott Diamond","MIN","Scott Diamond","MIN",2012,173,2520,0.12605042,"Scott Diamond",5089,539438
2012,"James McDonald","PIT","James McDonald","PIT",2012,171,2802,0.21178121,"James McDonald",5523,457428
2012,"Madison Bumgarner","SFG","Madison Bumgarner","SFG",2012,208.1,3269,0.22497055,"Madison Bumgarner",5524,518516
2012,"Matt Harrison","TEX","Matt Harrison","TEX",2012,213.1,3247,0.15182648,"Matt Harrison",5551,457448
2012,"Henderson Alvarez","TOR","Henderson Alvarez","TOR",2012,187.1,2865,0.09789343,"Henderson Alvarez",5669,506693
2012,"Tim Lincecum","SFG","Tim Lincecum","SFG",2012,186,3299,0.23030303,"Tim Lincecum",5705,453311
2012,"Chad Billingsley","LAD","Chad Billingsley","LAD",2012,149.2,2381,0.20189274,"Chad Billingsley",5842,451532
2012,"Shaun Marcum","MIL","Shaun Marcum","MIL",2012,124,2069,0.20683112,"Shaun Marcum",6204,451788
2012,"Kyle Kendrick","PHI","Kyle Kendrick","PHI",2012,159.1,2511,0.17210682,"Kyle Kendrick",6230,452718
2012,"Aaron Laffey","TOR","Aaron Laffey","TOR",2012,100.2,1558,0.11188811,"Aaron Laffey",6248,444836
2012,"Trevor Cahill","ARI","Trevor Cahill","ARI",2012,200,3172,0.18593564,"Trevor Cahill",6249,502239
2012,"Scott Feldman","TEX","Scott Feldman","TEX",2012,123.2,2106,0.17910448,"Scott Feldman",6283,444857
2012,"Vance Worley","PHI","Vance Worley","PHI",2012,133,2192,0.18135593,"Vance Worley",6435,474699
2012,"Alex Cobb","TBR","Alex Cobb","TBR",2012,136.1,2169,0.18629174,"Alex Cobb",6562,502171
2012,"Johnny Cueto","CIN","Johnny Cueto","CIN",2012,217,3449,0.19144144,"Johnny Cueto",6893,456501
2012,"Luke Hochevar","KCR","Luke Hochevar","KCR",2012,185.1,3007,0.18,"Luke Hochevar",6943,460024
2012,"Ian Kennedy","ARI","Ian Kennedy","ARI",2012,208.1,3380,0.2080089,"Ian Kennedy",6986,453178
2012,"Miguel González","BAL","Miguel González","BAL",2012,105.1,1686,0.17741935,"Miguel Gonzalez",7024,456068
2012,"James Shields","TBR","James Shields","TBR",2012,227.2,3617,0.23622881,"James Shields",7059,448306
2012,"Dillon Gee","NYM","Dillon Gee","NYM",2012,109.2,1752,0.20950324,"Dillon Gee",7396,518716
2012,"J.A. Happ","- - -","J.A. Happ","- - -",2012,144.2,2538,0.22966507,"J.A. Happ",7410,457918
2012,"Gio Gonzalez","WSN","Gio Gonzalez","WSN",2012,199.1,3198,0.25182482,"Gio Gonzalez",7448,461829
2012,"Phil Hughes","NYY","Phil Hughes","NYY",2012,191.1,3219,0.20245399,"Phil Hughes",7450,461833
2012,"Lucas Harrell","HOU","Lucas Harrell","HOU",2012,193.2,3188,0.16928658,"Lucas Harrell",7541,449173
2012,"Jordan Lyles","HOU","Jordan Lyles","HOU",2012,141.1,2364,0.15764331,"Jordan Lyles",7593,543475
2012,"Tommy Milone","OAK","Tommy Milone","OAK",2012,190,3033,0.17319848,"Tommy Milone",7608,543548
2012,"Mike Fiers","MIL","Mike Fiers","MIL",2012,127.2,2152,0.25046382,"Mike Fiers",7754,571666
2012,"Jason Vargas","SEA","Jason Vargas","SEA",2012,217.1,3354,0.1589628,"Jason Vargas",8044,450306
2012,"Jaime García","STL","Jaime García","STL",2012,121.2,1757,0.19029126,"Jaime Garcia",8137,448802
2012,"Yovani Gallardo","MIL","Yovani Gallardo","MIL",2012,204,3479,0.2372093,"Yovani Gallardo",8173,451596
2012,"Homer Bailey","CIN","Homer Bailey","CIN",2012,208,3334,0.19221968,"Homer Bailey",8362,456701
2012,"Philip Humber","CHW","Philip Humber","CHW",2012,102,1767,0.18398268,"Philip Humber",8586,458950
2012,"Paul Maholm","- - -","Paul Maholm","- - -",2012,189,2971,0.17811705,"Paul Maholm",8678,430904
2012,"Justin Verlander","DET","Justin Verlander","DET",2012,238.1,3768,0.25,"Justin Verlander",8700,434378
2012,"Wade Miley","ARI","Wade Miley","ARI",2012,194.2,3002,0.17843866,"Wade Miley",8779,489119
2012,"Tommy Hanson","ATL","Tommy Hanson","ATL",2012,174.2,2916,0.21156373,"Tommy Hanson",9129,462102
2012,"Nathan Eovaldi","- - -","Nathan Eovaldi","- - -",2012,119.1,2066,0.14828897,"Nathan Eovaldi",9132,543135
2012,"Patrick Corbin","ARI","Patrick Corbin","ARI",2012,107,1597,0.18942731,"Patrick Corbin",9323,571578
2012,"Brandon Morrow","TOR","Brandon Morrow","TOR",2012,124.2,1970,0.21428571,"Brandon Morrow",9346,453344
2012,"Josh Tomlin","CLE","Josh Tomlin","CLE",2012,103.1,1610,0.12389381,"Josh Tomlin",9388,458708
2012,"Kris Medlen","ATL","Kris Medlen","ATL",2012,138,1885,0.23076923,"Kris Medlen",9417,450665
2012,"Doug Fister","DET","Doug Fister","DET",2012,161.2,2517,0.20356612,"Doug Fister",9425,450729
2012,"Bud Norris","HOU","Bud Norris","HOU",2012,168.1,2819,0.22510232,"Bud Norris",9492,502032
2012,"Joe Kelly","STL","Joe Kelly","STL",2012,107,1695,0.16411379,"Joe Kelly",9761,523260
2012,"Travis Wood","CHC","Travis Wood","CHC",2012,156,2499,0.18335901,"Travis Wood",9884,475243
2012,"Chris Volstad","CHC","Chris Volstad","CHC",2012,111.1,1891,0.12031558,"Chris Volstad",9901,458690
2012,"Mike Minor","ATL","Mike Minor","ATL",2012,179.1,2863,0.19917582,"Mike Minor",10021,501985
2012,"Mike Leake","CIN","Mike Leake","CIN",2012,179,2714,0.15323646,"Mike Leake",10130,502190
2012,"Stephen Strasburg","WSN","Stephen Strasburg","WSN",2012,159.1,2607,0.30168453,"Stephen Strasburg",10131,544931
2012,"Chris Sale","CHW","Chris Sale","CHW",2012,192,3019,0.24870466,"Chris Sale",10603,519242
2012,"Jose Quintana","CHW","Jose Quintana","CHW",2012,136.1,2168,0.14260563,"Jose Quintana",11423,500779
2012,"Hisashi Iwakuma","SEA","Hisashi Iwakuma","SEA",2012,125.1,1916,0.19460501,"Hisashi Iwakuma",13048,547874
2012,"Wei-Yin Chen","BAL","Wei-Yin Chen","BAL",2012,192.2,3137,0.18826406,"Wei-Yin Chen",13071,612672
2012,"Yu Darvish","TEX","Yu Darvish","TEX",2012,191.1,3166,0.27083333,"Yu Darvish",13074,506433
2013,"Jason Marquis","SDP","Jason Marquis","SDP",2013,117.2,1912,0.13899614,"Jason Marquis",105,150302
2013,"Erik Bedard","HOU","Erik Bedard","HOU",2013,151,2679,0.2081448,"Erik Bedard",126,407853
2013,"Mark Buehrle","TOR","Mark Buehrle","TOR",2013,203.2,3299,0.1586758,"Mark Buehrle",225,279824
2013,"Bartolo Colon","OAK","Bartolo Colon","OAK",2013,190.1,2777,0.15214564,"Bartolo Colon",375,112526
2013,"CC Sabathia","NYY","CC Sabathia","NYY",2013,211,3336,0.19273128,"CC Sabathia",404,282332
2013,"Jake Westbrook","STL","Jake Westbrook","STL",2013,116.2,1862,0.08413002,"Jake Westbrook",412,150414
2013,"A.J. Burnett","PIT","A.J. Burnett","PIT",2013,191,3021,0.26092385,"A.J. Burnett",512,150359
2013,"Ryan Dempster","BOS","Ryan Dempster","BOS",2013,171.1,2997,0.20822281,"Ryan Dempster",517,133225
2013,"Kyle Lohse","MIL","Kyle Lohse","MIL",2013,198.2,3013,0.15508685,"Kyle Lohse",739,346798
2013,"Bruce Chen","KCR","Bruce Chen","KCR",2013,121,1962,0.15662651,"Bruce Chen",769,136600
2013,"Andy Pettitte","NYY","Andy Pettitte","NYY",2013,185.1,2896,0.16326531,"Andy Pettitte",840,120485
2013,"Tim Hudson","ATL","Tim Hudson","ATL",2013,131.1,2006,0.17790262,"Tim Hudson",921,218596
2013,"Barry Zito","SFG","Barry Zito","SFG",2013,133.1,2355,0.14144737,"Barry Zito",944,217096
2013,"Bronson Arroyo","CIN","Bronson Arroyo","CIN",2013,202,2873,0.15066829,"Bronson Arroyo",978,276520
2013,"Ryan Vogelsong","SFG","Ryan Vogelsong","SFG",2013,103.2,1748,0.14346895,"Ryan Vogelsong",1011,285064
2013,"Jake Peavy","- - -","Jake Peavy","- - -",2013,144.2,2367,0.20508475,"Jake Peavy",1051,408241
2013,"Marco Estrada","MIL","Marco Estrada","MIL",2013,128,1995,0.23046875,"Marco Estrada",1118,462136
2013,"Jerome Williams","LAA","Jerome Williams","LAA",2013,169.1,2637,0.14697802,"Jerome Williams",1137,425532
2013,"R.A. Dickey","TOR","R.A. Dickey","TOR",2013,224.2,3505,0.18769883,"R.A. Dickey",1245,285079
2013,"Aaron Harang","- - -","Aaron Harang","- - -",2013,143.1,2445,0.18051118,"Aaron Harang",1451,421685
2013,"Felix Doubront","BOS","Felix Doubront","BOS",2013,162.1,2845,0.19716312,"Felix Doubront",1478,467094
2013,"John Lackey","BOS","John Lackey","BOS",2013,189.1,2873,0.20694087,"John Lackey",1507,407793
2013,"Cliff Lee","PHI","Cliff Lee","PHI",2013,222.2,3253,0.25342466,"Cliff Lee",1636,424324
2013,"Chris Capuano","LAD","Chris Capuano","LAD",2013,105.2,1699,0.17724289,"Chris Capuano",1701,425626
2013,"Dan Haren","WSN","Dan Haren","WSN",2013,169.2,2778,0.21059972,"Dan Haren",1757,429717
2013,"Kevin Correia","MIN","Kevin Correia","MIN",2013,185.1,2921,0.12752525,"Kevin Correia",1767,429781
2013,"Edwin Jackson","CHC","Edwin Jackson","CHC",2013,175.1,2932,0.17374517,"Edwin Jackson",1841,429719
2013,"Matt Moore","TBR","Matt Moore","TBR",2013,150.1,2621,0.22274143,"Matt Moore",1890,519043
2013,"Zack Greinke","LAD","Zack Greinke","LAD",2013,177.2,2814,0.20641562,"Zack Greinke",1943,425844
2013,"Jeremy Hefner","NYM","Jeremy Hefner","NYM",2013,130.2,2140,0.17805755,"Jeremy Hefner",1989,458550
2013,"Iván Nova","NYY","Iván Nova","NYY",2013,139.1,2093,0.19795222,"Ivan Nova",1994,467100
2013,"Clayton Kershaw","LAD","Clayton Kershaw","LAD",2013,236,3428,0.25550661,"Clayton Kershaw",2036,477132
2013,"Justin Masterson","CLE","Justin Masterson","CLE",2013,193,3018,0.24283935,"Justin Masterson",2038,475416
2013,"Jorge De La Rosa","COL","Jorge De La Rosa","COL",2013,167.2,2774,0.15686275,"Jorge De La Rosa",2047,407822
2013,"Jeremy Guthrie","KCR","Jeremy Guthrie","KCR",2013,211.2,3370,0.12265193,"Jeremy Guthrie",2072,425386
2013,"Adam Wainwright","STL","Adam Wainwright","STL",2013,241.2,3533,0.2290795,"Adam Wainwright",2233,425794
2013,"Corey Kluber","CLE","Corey Kluber","CLE",2013,147.1,2290,0.22368421,"Corey Kluber",2429,446372
2013,"Lance Lynn","STL","Lance Lynn","STL",2013,201.2,3351,0.23130841,"Lance Lynn",2520,458681
2013,"Jhoulys Chacín","COL","Jhoulys Chacín","COL",2013,197.1,2962,0.15441176,"Jhoulys Chacin",2608,468504
2013,"Rick Porcello","DET","Rick Porcello","DET",2013,177,2836,0.19293478,"Rick Porcello",2717,519144
2013,"Zach McAllister","CLE","Zach McAllister","CLE",2013,134.1,2292,0.17443869,"Zach McAllister",2895,502083
2013,"Jeff Locke","PIT","Jeff Locke","PIT",2013,166.1,2715,0.17580872,"Jeff Locke",2929,502046
2013,"Max Scherzer","DET","Max Scherzer","DET",2013,214.1,3388,0.28708134,"Max Scherzer",3137,453286
2013,"David Price","TBR","David Price","TBR",2013,186.2,2707,0.20405405,"David Price",3184,456034
2013,"Ervin Santana","KCR","Ervin Santana","KCR",2013,211,3199,0.18742724,"Ervin Santana",3200,429722
2013,"Francisco Liriano","PIT","Francisco Liriano","PIT",2013,161,2496,0.24474474,"Francisco Liriano",3201,434538
2013,"Jeff Samardzija","CHC","Jeff Samardzija","CHC",2013,213.2,3462,0.23413567,"Jeff Samardzija",3254,502188
2013,"Roberto Hernandez","TBR","Roberto Hernandez","TBR",2013,151,2394,0.17573872,"Roberto Hernandez",3273,433584
2013,"Hiroki Kuroda","NYY","Hiroki Kuroda","NYY",2013,201.1,3202,0.18203883,"Hiroki Kuroda",3283,493133
2013,"Aníbal Sánchez","DET","Aníbal Sánchez","DET",2013,182,2974,0.27077748,"Anibal Sanchez",3284,434671
2013,"Matt Garza","- - -","Matt Garza","- - -",2013,155.1,2425,0.20858896,"Matt Garza",3340,490063
2013,"Ubaldo Jiménez","CLE","Ubaldo Jiménez","CLE",2013,182.2,3163,0.24967825,"Ubaldo Jimenez",3374,434622
2013,"Clay Buchholz","BOS","Clay Buchholz","BOS",2013,108.1,1629,0.23076923,"Clay Buchholz",3543,453329
2013,"C.J. Wilson","LAA","C.J. Wilson","LAA",2013,212.1,3651,0.20591457,"C.J. Wilson",3580,450351
2013,"Mat Latos","CIN","Mat Latos","CIN",2013,210.2,3239,0.2122588,"Mat Latos",3815,502009
2013,"Ricky Nolasco","- - -","Ricky Nolasco","- - -",2013,199.1,3183,0.19784173,"Ricky Nolasco",3830,445060
2013,"Edinson Volquez","- - -","Edinson Volquez","- - -",2013,170.1,3013,0.18275418,"Edinson Volquez",3990,450172
2013,"Héctor Santiago","CHW","Héctor Santiago","CHW",2013,149,2697,0.20884146,"Hector Santiago",4026,502327
2013,"Carlos Villanueva","CHC","Carlos Villanueva","CHC",2013,128.2,1985,0.19656489,"Carlos Villanueva",4138,453646
2013,"Derek Holland","TEX","Derek Holland","TEX",2013,213,3281,0.2114094,"Derek Holland",4141,502706
2013,"Jered Weaver","LAA","Jered Weaver","LAA",2013,154.1,2396,0.18454259,"Jered Weaver",4235,450308
2013,"Tyler Chatwood","COL","Tyler Chatwood","COL",2013,111.1,1782,0.13865546,"Tyler Chatwood",4338,543022
2013,"Joe Saunders","SEA","Joe Saunders","SEA",2013,183,3110,0.1304878,"Joe Saunders",4366,434578
2013,"Jeremy Hellickson","TBR","Jeremy Hellickson","TBR",2013,174,2887,0.18317503,"Jeremy Hellickson",4371,476451
2013,"Jonathon Niese","NYM","Jonathon Niese","NYM",2013,143,2343,0.16908213,"Jonathon Niese",4424,477003
2013,"Jordan Zimmermann","WSN","Jordan Zimmermann","WSN",2013,213.1,3083,0.18612717,"Jordan Zimmermann",4505,519455
2013,"Jason Hammel","BAL","Jason Hammel","BAL",2013,139.1,2302,0.15711948,"Jason Hammel",4538,434628
2013,"Brandon McCarthy","ARI","Brandon McCarthy","ARI",2013,135,2009,0.13171577,"Brandon McCarthy",4662,435221
2013,"Charlie Morton","PIT","Charlie Morton","PIT",2013,116,1715,0.17241379,"Charlie Morton",4676,450203
2013,"Matt Cain","SFG","Matt Cain","SFG",2013,184.1,2922,0.20789474,"Matt Cain",4732,430912
2013,"Félix Hernández","SEA","Félix Hernández","SEA",2013,204.1,3175,0.26277372,"Felix Hernandez",4772,433587
2013,"Joe Blanton","LAA","Joe Blanton","LAA",2013,132.2,2221,0.17675941,"Joe Blanton",4849,430599
2013,"Scott Kazmir","CLE","Scott Kazmir","CLE",2013,158,2742,0.24107143,"Scott Kazmir",4897,431148
2013,"Jarrod Parker","OAK","Jarrod Parker","OAK",2013,197,2994,0.16381418,"Jarrod Parker",4913,519105
2013,"Jon Lester","BOS","Jon Lester","BOS",2013,213.1,3559,0.19601329,"Jon Lester",4930,452657
2013,"Cole Hamels","PHI","Cole Hamels","PHI",2013,220,3423,0.22320442,"Cole Hamels",4972,430935
2013,"Scott Diamond","MIN","Scott Diamond","MIN",2013,131,2206,0.09027778,"Scott Diamond",5089,539438
2013,"Mike Pelfrey","MIN","Mike Pelfrey","MIN",2013,152.2,2727,0.14852941,"Mike Pelfrey",5203,460059
2013,"Chris Tillman","BAL","Chris Tillman","BAL",2013,206.1,3477,0.21183432,"Chris Tillman",5279,501957
2013,"Samuel Deduno","MIN","Samuel Deduno","MIN",2013,108,1743,0.14533623,"Samuel Deduno",5285,465679
2013,"Madison Bumgarner","SFG","Madison Bumgarner","SFG",2013,201.1,3204,0.24782067,"Madison Bumgarner",5524,518516
2013,"Henderson Alvarez","MIA","Henderson Alvarez","MIA",2013,102.2,1451,0.13636364,"Henderson Alvarez",5669,506693
2013,"Tim Lincecum","SFG","Tim Lincecum","SFG",2013,197.2,3281,0.2294887,"Tim Lincecum",5705,453311
2013,"Randall Delgado","ARI","Randall Delgado","ARI",2013,116.1,1811,0.16701903,"Randall Delgado",5985,517414
2013,"Kyle Kendrick","PHI","Kyle Kendrick","PHI",2013,182,2874,0.1375,"Kyle Kendrick",6230,452718
2013,"Trevor Cahill","ARI","Trevor Cahill","ARI",2013,146.2,2373,0.16037736,"Trevor Cahill",6249,502239
2013,"Scott Feldman","- - -","Scott Feldman","- - -",2013,181.2,2993,0.17414248,"Scott Feldman",6283,444857
2013,"Esmil Rogers","TOR","Esmil Rogers","TOR",2013,137.2,2258,0.16053512,"Esmil Rogers",6317,469134
2013,"John Danks","CHW","John Danks","CHW",2013,138.1,2202,0.15265866,"John Danks",6329,433579
2013,"Chris Archer","TBR","Chris Archer","TBR",2013,128.2,2103,0.19238095,"Chris Archer",6345,502042
2013,"Alex Cobb","TBR","Alex Cobb","TBR",2013,143.1,2221,0.23183391,"Alex Cobb",6562,502171
2013,"Tom Koehler","MIA","Tom Koehler","MIA",2013,143,2256,0.1530782,"Tom Koehler",6570,543408
2013,"Julio Teheran","ATL","Julio Teheran","ATL",2013,185.2,2885,0.21963824,"Julio Teheran",6797,527054
2013,"Martín Pérez","TEX","Martín Pérez","TEX",2013,124.1,1858,0.15879017,"Martin Perez",6902,527048
2013,"Ian Kennedy","- - -","Ian Kennedy","- - -",2013,181.1,3089,0.20528967,"Ian Kennedy",6986,453178
2013,"Miguel González","BAL","Miguel González","BAL",2013,171.1,2713,0.16853933,"Miguel Gonzalez",7024,456068
2013,"James Shields","KCR","James Shields","KCR",2013,228.2,3657,0.20718816,"James Shields",7059,448306
2013,"Jonathan Pettibone","PHI","Jonathan Pettibone","PHI",2013,100.1,1674,0.15102975,"Jonathan Pettibone",7106,543643
2013,"Dillon Gee","NYM","Dillon Gee","NYM",2013,199,2985,0.16884661,"Dillon Gee",7396,518716
2013,"Wade Davis","KCR","Wade Davis","KCR",2013,135.1,2470,0.18446602,"Wade Davis",7441,451584
2013,"Gio Gonzalez","WSN","Gio Gonzalez","WSN",2013,195.2,3315,0.23443223,"Gio Gonzalez",7448,461829
2013,"Phil Hughes","NYY","Phil Hughes","NYY",2013,145.2,2550,0.18847352,"Phil Hughes",7450,461833
2013,"Lucas Harrell","HOU","Lucas Harrell","HOU",2013,153.2,2860,0.12588402,"Lucas Harrell",7541,449173
2013,"Jordan Lyles","HOU","Jordan Lyles","HOU",2013,141.2,2445,0.14485981,"Jordan Lyles",7593,543475
2013,"Tommy Milone","OAK","Tommy Milone","OAK",2013,156.1,2598,0.18890555,"Tommy Milone",7608,543548
2013,"Juan Nicasio","COL","Juan Nicasio","COL",2013,157.2,2867,0.16927454,"Juan Nicasio",7731,504379
2013,"Wily Peralta","MIL","Wily Peralta","MIL",2013,183.1,2987,0.16084788,"Wily Peralta",7738,503449
2013,"Tyson Ross","SDP","Tyson Ross","SDP",2013,125,1981,0.23611111,"Tyson Ross",7872,475115
2013,"Eric Stults","SDP","Eric Stults","SDP",2013,203.2,3234,0.15285881,"Eric Stults",8011,445590
2013,"Jason Vargas","LAA","Jason Vargas","LAA",2013,150,2386,0.16925466,"Jason Vargas",8044,450306
2013,"Yovani Gallardo","MIL","Yovani Gallardo","MIL",2013,180.2,3048,0.18628719,"Yovani Gallardo",8173,451596
2013,"Homer Bailey","CIN","Homer Bailey","CIN",2013,209,3292,0.2343934,"Homer Bailey",8362,456701
2013,"Paul Maholm","ATL","Paul Maholm","ATL",2013,153,2498,0.15671642,"Paul Maholm",8678,430904
2013,"Justin Verlander","DET","Justin Verlander","DET",2013,218.1,3692,0.23459459,"Justin Verlander",8700,434378
2013,"Wade Miley","ARI","Wade Miley","ARI",2013,202.2,3239,0.17355372,"Wade Miley",8779,489119
2013,"Andrew Cashner","SDP","Andrew Cashner","SDP",2013,175,2687,0.18104668,"Andrew Cashner",8782,488768
2013,"Nathan Eovaldi","MIA","Nathan Eovaldi","MIA",2013,106.1,1696,0.172949,"Nathan Eovaldi",9132,543135
2013,"Dylan Axelrod","CHW","Dylan Axelrod","CHW",2013,128.1,2269,0.12457338,"Dylan Axelrod",9303,518420
2013,"Patrick Corbin","ARI","Patrick Corbin","ARI",2013,208.1,3082,0.20697674,"Patrick Corbin",9323,571578
2013,"Kris Medlen","ATL","Kris Medlen","ATL",2013,197,3049,0.19146341,"Kris Medlen",9417,450665
2013,"Doug Fister","DET","Doug Fister","DET",2013,208.2,3351,0.18047673,"Doug Fister",9425,450729
2013,"Dallas Keuchel","HOU","Dallas Keuchel","HOU",2013,153.2,2506,0.18035191,"Dallas Keuchel",9434,572971
2013,"Dan Straily","OAK","Dan Straily","OAK",2013,152.1,2465,0.19375,"Dan Straily",9460,573185
2013,"Bud Norris","- - -","Bud Norris","- - -",2013,176.2,3017,0.19016818,"Bud Norris",9492,502032
2013,"Joe Kelly","STL","Joe Kelly","STL",2013,124,1967,0.14849624,"Joe Kelly",9761,523260
2013,"Garrett Richards","LAA","Garrett Richards","LAA",2013,145,2351,0.16290323,"Garrett Richards",9784,572070
2013,"Travis Wood","CHC","Travis Wood","CHC",2013,200,3090,0.17539586,"Travis Wood",9884,475243
2013,"Mike Minor","ATL","Mike Minor","ATL",2013,204.2,3126,0.22073171,"Mike Minor",10021,501985
2013,"Mike Leake","CIN","Mike Leake","CIN",2013,192.1,2911,0.15230961,"Mike Leake",10130,502190
2013,"Stephen Strasburg","WSN","Stephen Strasburg","WSN",2013,183,2851,0.26128591,"Stephen Strasburg",10131,544931
2013,"Jacob Turner","MIA","Jacob Turner","MIA",2013,118,1855,0.14980545,"Jacob Turner",10185,545363
2013,"Shelby Miller","STL","Shelby Miller","STL",2013,173.1,2968,0.23407202,"Shelby Miller",10197,571946
2013,"Alexi Ogando","TEX","Alexi Ogando","TEX",2013,104.1,1710,0.1682243,"Alexi Ogando",10261,468396
2013,"Zack Wheeler","NYM","Zack Wheeler","NYM",2013,100,1728,0.19489559,"Zack Wheeler",10310,554430
2013,"Chris Sale","CHW","Chris Sale","CHW",2013,214.1,3248,0.26096998,"Chris Sale",10603,519242
2013,"A.J. Griffin","OAK","A.J. Griffin","OAK",2013,200,3212,0.20777643,"A.J. Griffin",11132,456167
2013,"Jose Quintana","CHW","Jose Quintana","CHW",2013,200,3335,0.19711538,"Jose Quintana",11423,500779
2013,"José Fernández","MIA","José Fernández","MIA",2013,172.2,2609,0.27459618,"Jose Fernandez",11530,605228
2013,"Matt Harvey","NYM","Matt Harvey","NYM",2013,178.1,2697,0.27681159,"Matt Harvey",11713,518774
2013,"Tony Cingrani","CIN","Tony Cingrani","CIN",2013,104.2,1816,0.28571429,"Tony Cingrani",12555,571561
2013,"Hisashi Iwakuma","SEA","Hisashi Iwakuma","SEA",2013,219.2,3102,0.21362587,"Hisashi Iwakuma",13048,547874
2013,"Wei-Yin Chen","BAL","Wei-Yin Chen","BAL",2013,137,2192,0.18181818,"Wei-Yin Chen",13071,612672
2013,"Yu Darvish","TEX","Yu Darvish","TEX",2013,209.2,3451,0.3293698,"Yu Darvish",13074,506433
2013,"Gerrit Cole","PIT","Gerrit Cole","PIT",2013,117.1,1727,0.21321962,"Gerrit Cole",13125,543037
2013,"Hyun Jin Ryu","LAD","Hyun Jin Ryu","LAD",2013,192,3070,0.19667944,"Hyun Jin Ryu",14444,547943
2014,"Mark Buehrle","TOR","Mark Buehrle","TOR",2014,202,3082,0.13885648,"Mark Buehrle",225,279824
2014,"Bartolo Colon","NYM","Bartolo Colon","NYM",2014,202.1,3011,0.178487,"Bartolo Colon",375,112526
2014,"Josh Beckett","LAD","Josh Beckett","LAD",2014,115.2,1909,0.22526316,"Josh Beckett",510,277417
2014,"A.J. Burnett","PHI","A.J. Burnett","PHI",2014,213.2,3472,0.20320856,"A.J. Burnett",512,150359
2014,"Kyle Lohse","MIL","Kyle Lohse","MIL",2014,198.1,3002,0.17258262,"Kyle Lohse",739,346798
2014,"Scott Carroll","CHW","Scott Carroll","CHW",2014,129.1,2115,0.11169284,"Scott Carroll",888,453222
2014,"Tim Hudson","SFG","Tim Hudson","SFG",2014,189.1,2784,0.15209125,"Tim Hudson",921,218596
2014,"Ryan Vogelsong","SFG","Ryan Vogelsong","SFG",2014,184.2,3058,0.19358974,"Ryan Vogelsong",1011,285064
2014,"Jake Peavy","- - -","Jake Peavy","- - -",2014,202.2,3225,0.18544601,"Jake Peavy",1051,408241
2014,"Marco Estrada","MIL","Marco Estrada","MIL",2014,150.2,2534,0.20352564,"Marco Estrada",1118,462136
2014,"Jerome Williams","- - -","Jerome Williams","- - -",2014,115,1832,0.16498994,"Jerome Williams",1137,425532
2014,"R.A. Dickey","TOR","R.A. Dickey","TOR",2014,215.2,3513,0.1892779,"R.A. Dickey",1245,285079
2014,"Colby Lewis","TEX","Colby Lewis","TEX",2014,170.1,2802,0.17454068,"Colby Lewis",1259,407890
2014,"Aaron Harang","ATL","Aaron Harang","ATL",2014,204.1,3394,0.18378995,"Aaron Harang",1451,421685
2014,"John Lackey","- - -","John Lackey","- - -",2014,198,3078,0.19687875,"John Lackey",1507,407793
2014,"Dan Haren","LAD","Dan Haren","LAD",2014,186,3096,0.18685567,"Dan Haren",1757,429717
2014,"Kevin Correia","- - -","Kevin Correia","- - -",2014,154,2522,0.11499272,"Kevin Correia",1767,429781
2014,"Edwin Jackson","CHC","Edwin Jackson","CHC",2014,140.2,2492,0.1943128,"Edwin Jackson",1841,429719
2014,"Zack Greinke","LAD","Zack Greinke","LAD",2014,202.1,3210,0.25213155,"Zack Greinke",1943,425844
2014,"Clayton Kershaw","LAD","Clayton Kershaw","LAD",2014,198.1,2722,0.31909212,"Clayton Kershaw",2036,477132
2014,"Justin Masterson","- - -","Justin Masterson","- - -",2014,128.2,2249,0.19594595,"Justin Masterson",2038,475416
2014,"Jorge De La Rosa","COL","Jorge De La Rosa","COL",2014,184.1,3067,0.18098958,"Jorge De La Rosa",2047,407822
2014,"Jeremy Guthrie","KCR","Jeremy Guthrie","KCR",2014,202.2,3235,0.14351852,"Jeremy Guthrie",2072,425386
2014,"Alfredo Simon","CIN","Alfredo Simon","CIN",2014,196.1,3014,0.15525672,"Alfredo Simon",2155,430580
2014,"Adam Wainwright","STL","Adam Wainwright","STL",2014,227,3258,0.19933185,"Adam Wainwright",2233,425794
2014,"Corey Kluber","CLE","Corey Kluber","CLE",2014,235.2,3500,0.28286015,"Corey Kluber",2429,446372
2014,"Lance Lynn","STL","Lance Lynn","STL",2014,203.2,3450,0.20900693,"Lance Lynn",2520,458681
2014,"Rick Porcello","DET","Rick Porcello","DET",2014,204.2,3055,0.15357143,"Rick Porcello",2717,519144
2014,"Jeff Locke","PIT","Jeff Locke","PIT",2014,131.1,1962,0.16240876,"Jeff Locke",2929,502046
2014,"Max Scherzer","DET","Max Scherzer","DET",2014,220.1,3638,0.27876106,"Max Scherzer",3137,453286
2014,"David Price","- - -","David Price","- - -",2014,248.1,3730,0.26858276,"David Price",3184,456034
2014,"Chris Young","SEA","Chris Young","SEA",2014,165,2718,0.15697674,"Chris Young",3196,432934
2014,"Ervin Santana","ATL","Ervin Santana","ATL",2014,196,2987,0.21909425,"Ervin Santana",3200,429722
2014,"Francisco Liriano","PIT","Francisco Liriano","PIT",2014,162.1,2714,0.25325615,"Francisco Liriano",3201,434538
2014,"Jeff Samardzija","- - -","Jeff Samardzija","- - -",2014,219.2,3339,0.2298066,"Jeff Samardzija",3254,502188
2014,"Roberto Hernandez","- - -","Roberto Hernandez","- - -",2014,164.2,2737,0.14542936,"Roberto Hernandez",3273,433584
2014,"Hiroki Kuroda","NYY","Hiroki Kuroda","NYY",2014,199,3097,0.17804878,"Hiroki Kuroda",3283,493133
2014,"Aníbal Sánchez","DET","Aníbal Sánchez","DET",2014,126,2097,0.19844358,"Anibal Sanchez",3284,434671
2014,"Hector Noesí","- - -","Hector Noesí","- - -",2014,172.1,2753,0.16780355,"Hector Noesi",3292,456051
2014,"Matt Garza","MIL","Matt Garza","MIL",2014,163.1,2538,0.18529412,"Matt Garza",3340,490063
2014,"Ubaldo Jiménez","BAL","Ubaldo Jiménez","BAL",2014,125.1,2306,0.20976492,"Ubaldo Jimenez",3374,434622
2014,"Danny Duffy","KCR","Danny Duffy","KCR",2014,149.1,2429,0.18646865,"Danny Duffy",3542,518633
2014,"Clay Buchholz","BOS","Clay Buchholz","BOS",2014,170.1,2741,0.17910448,"Clay Buchholz",3543,453329
2014,"C.J. Wilson","LAA","C.J. Wilson","LAA",2014,175.2,3108,0.19842313,"C.J. Wilson",3580,450351
2014,"Mat Latos","CIN","Mat Latos","CIN",2014,102.1,1533,0.17619048,"Mat Latos",3815,502009
2014,"Ricky Nolasco","MIN","Ricky Nolasco","MIN",2014,159,2641,0.16546763,"Ricky Nolasco",3830,445060
2014,"Brett Oberholtzer","HOU","Brett Oberholtzer","HOU",2014,143.2,2251,0.15088283,"Brett Oberholtzer",3855,519085
2014,"Rubby De La Rosa","BOS","Rubby De La Rosa","BOS",2014,101.2,1751,0.16780045,"Rubby De La Rosa",3862,523989
2014,"Edinson Volquez","PIT","Edinson Volquez","PIT",2014,192.2,2977,0.17305315,"Edinson Volquez",3990,450172
2014,"Yusmeiro Petit","SFG","Yusmeiro Petit","SFG",2014,117,1678,0.28850325,"Yusmeiro Petit",4020,433589
2014,"Héctor Santiago","LAA","Héctor Santiago","LAA",2014,127.1,2273,0.19852941,"Hector Santiago",4026,502327
2014,"Jake Arrieta","CHC","Jake Arrieta","CHC",2014,156.2,2416,0.27198697,"Jake Arrieta",4153,453562
2014,"Jered Weaver","LAA","Jered Weaver","LAA",2014,213.1,3352,0.19031532,"Jered Weaver",4235,450308
2014,"Jonathon Niese","NYM","Jonathon Niese","NYM",2014,187.2,2792,0.17557252,"Jonathon Niese",4424,477003
2014,"Jordan Zimmermann","WSN","Jordan Zimmermann","WSN",2014,199.2,2924,0.2275,"Jordan Zimmermann",4505,519455
2014,"Jason Hammel","- - -","Jason Hammel","- - -",2014,176.1,2796,0.22097902,"Jason Hammel",4538,434628
2014,"Brandon McCarthy","- - -","Brandon McCarthy","- - -",2014,200,3044,0.20933014,"Brandon McCarthy",4662,435221
2014,"Charlie Morton","PIT","Charlie Morton","PIT",2014,157.1,2504,0.18918919,"Charlie Morton",4676,450203
2014,"Félix Hernández","SEA","Félix Hernández","SEA",2014,236,3434,0.27192982,"Felix Hernandez",4772,433587
2014,"Matt Shoemaker","LAA","Matt Shoemaker","LAA",2014,136,2101,0.22836096,"Matt Shoemaker",4776,533167
2014,"Scott Kazmir","OAK","Scott Kazmir","OAK",2014,190.1,2983,0.21106821,"Scott Kazmir",4897,431148
2014,"Jon Lester","- - -","Jon Lester","- - -",2014,219.2,3493,0.24858757,"Jon Lester",4930,452657
2014,"Cole Hamels","PHI","Cole Hamels","PHI",2014,204.2,3136,0.23884198,"Cole Hamels",4972,430935
2014,"Franklin Morales","COL","Franklin Morales","COL",2014,142.1,2429,0.15479876,"Franklin Morales",5088,462985
2014,"Chris Tillman","BAL","Chris Tillman","BAL",2014,207.1,3411,0.17221584,"Chris Tillman",5279,501957
2014,"Samuel Deduno","- - -","Samuel Deduno","- - -",2014,100.2,1723,0.18735892,"Samuel Deduno",5285,465679
2014,"Brad Peacock","HOU","Brad Peacock","HOU",2014,131.2,2373,0.20203735,"Brad Peacock",5401,502748
2014,"Jesse Chavez","OAK","Jesse Chavez","OAK",2014,146,2400,0.21900161,"Jesse Chavez",5448,445926
2014,"Madison Bumgarner","SFG","Madison Bumgarner","SFG",2014,217.1,3372,0.25085911,"Madison Bumgarner",5524,518516
2014,"Henderson Alvarez","MIA","Henderson Alvarez","MIA",2014,187,2611,0.14378238,"Henderson Alvarez",5669,506693
2014,"Tim Lincecum","SFG","Tim Lincecum","SFG",2014,155.2,2665,0.19910847,"Tim Lincecum",5705,453311
2014,"Danny Salazar","CLE","Danny Salazar","CLE",2014,110,1869,0.25316456,"Danny Salazar",5867,517593
2014,"Kyle Kendrick","PHI","Kyle Kendrick","PHI",2014,199,3102,0.13988439,"Kyle Kendrick",6230,452718
2014,"Trevor Cahill","ARI","Trevor Cahill","ARI",2014,110.2,1928,0.21042084,"Trevor Cahill",6249,502239
2014,"Scott Feldman","HOU","Scott Feldman","HOU",2014,180.1,2964,0.13986928,"Scott Feldman",6283,444857
2014,"David Phelps","NYY","David Phelps","NYY",2014,113,1925,0.18511066,"David Phelps",6316,475479
2014,"John Danks","CHW","John Danks","CHW",2014,193.2,3298,0.15087719,"John Danks",6329,433579
2014,"Chris Archer","TBR","Chris Archer","TBR",2014,194.2,3160,0.21046229,"Chris Archer",6345,502042
2014,"Jake Odorizzi","TBR","Jake Odorizzi","TBR",2014,168,3028,0.24200278,"Jake Odorizzi",6397,543606
2014,"Vance Worley","PIT","Vance Worley","PIT",2014,110.2,1578,0.17248908,"Vance Worley",6435,474699
2014,"Alex Cobb","TBR","Alex Cobb","TBR",2014,166.1,2611,0.21879589,"Alex Cobb",6562,502171
2014,"Tom Koehler","MIA","Tom Koehler","MIA",2014,191.1,2941,0.19053549,"Tom Koehler",6570,543408
2014,"Carlos Carrasco","CLE","Carlos Carrasco","CLE",2014,134,1956,0.26465028,"Carlos Carrasco",6632,471911
2014,"Julio Teheran","ATL","Julio Teheran","ATL",2014,221,3271,0.21040724,"Julio Teheran",6797,527054
2014,"Johnny Cueto","CIN","Johnny Cueto","CIN",2014,243.2,3659,0.25182102,"Johnny Cueto",6893,456501
2014,"Chase Anderson","ARI","Chase Anderson","ARI",2014,114.1,1892,0.21604938,"Chase Anderson",6895,502624
2014,"Ian Kennedy","SDP","Ian Kennedy","SDP",2014,201,3402,0.24468085,"Ian Kennedy",6986,453178
2014,"Miguel González","BAL","Miguel González","BAL",2014,159,2552,0.16542474,"Miguel Gonzalez",7024,456068
2014,"James Shields","KCR","James Shields","KCR",2014,227,3632,0.19169329,"James Shields",7059,448306
2014,"Josh Collmenter","ARI","Josh Collmenter","ARI",2014,179.1,2719,0.15994437,"Josh Collmenter",7312,518567
2014,"Dillon Gee","NYM","Dillon Gee","NYM",2014,137.1,2120,0.16491228,"Dillon Gee",7396,518716
2014,"J.A. Happ","TOR","J.A. Happ","TOR",2014,158,2710,0.19762259,"J.A. Happ",7410,457918
2014,"Gio Gonzalez","WSN","Gio Gonzalez","WSN",2014,158.2,2623,0.24808576,"Gio Gonzalez",7448,461829
2014,"Phil Hughes","MIN","Phil Hughes","MIN",2014,209.2,3046,0.21754386,"Phil Hughes",7450,461833
2014,"Collin McHugh","HOU","Collin McHugh","HOU",2014,154.2,2486,0.25363489,"Collin McHugh",7531,543521
2014,"Jordan Lyles","COL","Jordan Lyles","COL",2014,126.2,2100,0.16483516,"Jordan Lyles",7593,543475
2014,"Tommy Milone","- - -","Tommy Milone","- - -",2014,118,1925,0.14450867,"Tommy Milone",7608,543548
2014,"Wily Peralta","MIL","Wily Peralta","MIL",2014,198.2,3192,0.18377088,"Wily Peralta",7738,503449
2014,"Tyson Ross","SDP","Tyson Ross","SDP",2014,195.2,3119,0.2404439,"Tyson Ross",7872,475115
2014,"Eric Stults","SDP","Eric Stults","SDP",2014,176,2833,0.14547837,"Eric Stults",8011,445590
2014,"Jason Vargas","KCR","Jason Vargas","KCR",2014,187,3003,0.16202532,"Jason Vargas",8044,450306
2014,"Yovani Gallardo","MIL","Yovani Gallardo","MIL",2014,192.1,3216,0.17870257,"Yovani Gallardo",8173,451596
2014,"Homer Bailey","CIN","Homer Bailey","CIN",2014,145.2,2278,0.20529801,"Homer Bailey",8362,456701
2014,"Justin Verlander","DET","Justin Verlander","DET",2014,206,3409,0.17805151,"Justin Verlander",8700,434378
2014,"Tanner Roark","WSN","Tanner Roark","WSN",2014,198.2,2999,0.17293233,"Tanner Roark",8753,543699
2014,"Wade Miley","ARI","Wade Miley","ARI",2014,201.1,3217,0.2113164,"Wade Miley",8779,489119
2014,"Andrew Cashner","SDP","Andrew Cashner","SDP",2014,123.1,1797,0.18379447,"Andrew Cashner",8782,488768
2014,"Brad Hand","MIA","Brad Hand","MIA",2014,111,1790,0.14135021,"Brad Hand",9111,543272
2014,"TJ House","CLE","TJ House","CLE",2014,102,1576,0.18648019,"TJ House",9121,543334
2014,"Nathan Eovaldi","MIA","Nathan Eovaldi","MIA",2014,199.2,3198,0.16627635,"Nathan Eovaldi",9132,543135
2014,"Josh Tomlin","CLE","Josh Tomlin","CLE",2014,104,1715,0.21076233,"Josh Tomlin",9388,458708
2014,"Doug Fister","WSN","Doug Fister","WSN",2014,164,2468,0.14803625,"Doug Fister",9425,450729
2014,"Dallas Keuchel","HOU","Dallas Keuchel","HOU",2014,200,3020,0.18069307,"Dallas Keuchel",9434,572971
2014,"Bud Norris","BAL","Bud Norris","BAL",2014,165.1,2746,0.20232897,"Bud Norris",9492,502032
2014,"Vidal Nuño","- - -","Vidal Nuño","- - -",2014,161.2,2588,0.18998527,"Vidal Nuno",9674,573064
2014,"Garrett Richards","LAA","Garrett Richards","LAA",2014,168.2,2627,0.24188791,"Garrett Richards",9784,572070
2014,"Travis Wood","CHC","Travis Wood","CHC",2014,173.2,3045,0.18693982,"Travis Wood",9884,475243
2014,"Mike Minor","ATL","Mike Minor","ATL",2014,145.1,2424,0.18838305,"Mike Minor",10021,501985
2014,"Tyler Matzek","COL","Tyler Matzek","COL",2014,117.2,1764,0.18091451,"Tyler Matzek",10058,554431
2014,"Kyle Gibson","MIN","Kyle Gibson","MIN",2014,179.1,2800,0.14134742,"Kyle Gibson",10123,502043
2014,"Mike Leake","CIN","Mike Leake","CIN",2014,214.1,3215,0.18181818,"Mike Leake",10130,502190
2014,"Stephen Strasburg","WSN","Stephen Strasburg","WSN",2014,215,3295,0.27880184,"Stephen Strasburg",10131,544931
2014,"Jacob Turner","- - -","Jacob Turner","- - -",2014,113,1819,0.14171657,"Jacob Turner",10185,545363
2014,"Tyler Skaggs","LAA","Tyler Skaggs","LAA",2014,113,1703,0.18534483,"Tyler Skaggs",10190,572140
2014,"Shelby Miller","STL","Shelby Miller","STL",2014,183,2858,0.16623037,"Shelby Miller",10197,571946
2014,"Jarred Cosart","- - -","Jarred Cosart","- - -",2014,180.1,2947,0.15013055,"Jarred Cosart",10304,543054
2014,"Zack Wheeler","NYM","Zack Wheeler","NYM",2014,185.1,3308,0.23551637,"Zack Wheeler",10310,554430
2014,"Chris Sale","CHW","Chris Sale","CHW",2014,174,2753,0.30364964,"Chris Sale",10603,519242
2014,"Drew Hutchison","TOR","Drew Hutchison","TOR",2014,184.2,3051,0.23409669,"Drew Hutchison",10732,571800
2014,"Jacob deGrom","NYM","Jacob deGrom","NYM",2014,140.1,2236,0.25486726,"Jacob deGrom",10954,594798
2014,"David Buchanan","PHI","David Buchanan","PHI",2014,117.2,1817,0.14115308,"David Buchanan",11176,571527
2014,"Jose Quintana","CHW","Jose Quintana","CHW",2014,200.1,3346,0.21445783,"Jose Quintana",11423,500779
2014,"Nick Tepesch","TEX","Nick Tepesch","TEX",2014,126,2029,0.10428305,"Nick Tepesch",11716,519344
2014,"Drew Smyly","- - -","Drew Smyly","- - -",2014,153,2592,0.21521036,"Drew Smyly",11760,592767
2014,"Yordano Ventura","KCR","Yordano Ventura","KCR",2014,183,2985,0.20332481,"Yordano Ventura",11855,570649
2014,"Roenis Elías","SEA","Roenis Elías","SEA",2014,163.2,2661,0.20634921,"Roenis Elias",12673,606273
2014,"Trevor Bauer","CLE","Trevor Bauer","CLE",2014,153,2591,0.21568627,"Trevor Bauer",12703,545333
2014,"Nick Martinez","TEX","Nick Martinez","TEX",2014,140.1,2406,0.12622951,"Nick Martinez",12730,607259
2014,"Sonny Gray","OAK","Sonny Gray","OAK",2014,219,3295,0.20355951,"Sonny Gray",12768,543243
2014,"Hisashi Iwakuma","SEA","Hisashi Iwakuma","SEA",2014,179,2542,0.21720733,"Hisashi Iwakuma",13048,547874
2014,"Wei-Yin Chen","BAL","Wei-Yin Chen","BAL",2014,185.2,2977,0.1761658,"Wei-Yin Chen",13071,612672
2014,"Yu Darvish","TEX","Yu Darvish","TEX",2014,144.1,2312,0.30082645,"Yu Darvish",13074,506433
2014,"Gerrit Cole","PIT","Gerrit Cole","PIT",2014,138,2197,0.24168126,"Gerrit Cole",13125,543037
2014,"Marcus Stroman","TOR","Marcus Stroman","TOR",2014,130.2,2082,0.20786517,"Marcus Stroman",13431,573186
2014,"Alex Wood","ATL","Alex Wood","ATL",2014,171.2,2683,0.24495677,"Alex Wood",13781,622072
2014,"Michael Wacha","STL","Michael Wacha","STL",2014,107,1694,0.21029083,"Michael Wacha",14078,608379
2014,"Kevin Gausman","BAL","Kevin Gausman","BAL",2014,113.1,1951,0.18487395,"Kevin Gausman",14107,592332
2014,"Hyun Jin Ryu","LAD","Hyun Jin Ryu","LAD",2014,152,2443,0.22028526,"Hyun Jin Ryu",14444,547943
2014,"Masahiro Tanaka","NYY","Masahiro Tanaka","NYY",2014,136.1,2009,0.2601476,"Masahiro Tanaka",15764,547888
2015,"Mark Buehrle","TOR","Mark Buehrle","TOR",2015,198.2,2829,0.11003628,"Mark Buehrle",225,279824
2015,"Bartolo Colon","NYM","Bartolo Colon","NYM",2015,194.2,2706,0.16687117,"Bartolo Colon",375,112526
2015,"CC Sabathia","NYY","CC Sabathia","NYY",2015,167.1,2703,0.18870523,"CC Sabathia",404,282332
2015,"A.J. Burnett","PIT","A.J. Burnett","PIT",2015,164,2500,0.20457797,"A.J. Burnett",512,150359
2015,"Kyle Lohse","MIL","Kyle Lohse","MIL",2015,152.1,2544,0.16240602,"Kyle Lohse",739,346798
2015,"Tim Hudson","SFG","Tim Hudson","SFG",2015,123.2,1854,0.12190476,"Tim Hudson",921,218596
2015,"Ryan Vogelsong","SFG","Ryan Vogelsong","SFG",2015,135,2310,0.18060201,"Ryan Vogelsong",1011,285064
2015,"Jake Peavy","SFG","Jake Peavy","SFG",2015,110.2,1741,0.17410714,"Jake Peavy",1051,408241
2015,"Marco Estrada","TOR","Marco Estrada","TOR",2015,181,2913,0.18068966,"Marco Estrada",1118,462136
2015,"Jerome Williams","PHI","Jerome Williams","PHI",2015,121,1978,0.13381555,"Jerome Williams",1137,425532
2015,"R.A. Dickey","TOR","R.A. Dickey","TOR",2015,214.1,3264,0.14253394,"R.A. Dickey",1245,285079
2015,"Colby Lewis","TEX","Colby Lewis","TEX",2015,204.2,3180,0.16492451,"Colby Lewis",1259,407890
2015,"Aaron Harang","PHI","Aaron Harang","PHI",2015,172.1,2844,0.14438503,"Aaron Harang",1451,421685
2015,"John Lackey","STL","John Lackey","STL",2015,218,3127,0.1953125,"John Lackey",1507,407793
2015,"Dan Haren","- - -","Dan Haren","- - -",2015,187.1,2906,0.171875,"Dan Haren",1757,429717
2015,"Zack Greinke","LAD","Zack Greinke","LAD",2015,222.2,3239,0.23724792,"Zack Greinke",1943,425844
2015,"Clayton Kershaw","LAD","Clayton Kershaw","LAD",2015,232.2,3392,0.33820225,"Clayton Kershaw",2036,477132
2015,"Jorge De La Rosa","COL","Jorge De La Rosa","COL",2015,149,2459,0.21102362,"Jorge De La Rosa",2047,407822
2015,"Jeremy Guthrie","KCR","Jeremy Guthrie","KCR",2015,148.1,2475,0.12650602,"Jeremy Guthrie",2072,425386
2015,"Alfredo Simon","DET","Alfredo Simon","DET",2015,187,3059,0.14268293,"Alfredo Simon",2155,430580
2015,"Corey Kluber","CLE","Corey Kluber","CLE",2015,222,3273,0.2765237,"Corey Kluber",2429,446372
2015,"Lance Lynn","STL","Lance Lynn","STL",2015,175.1,3053,0.22237017,"Lance Lynn",2520,458681
2015,"Rick Porcello","BOS","Rick Porcello","BOS",2015,172,2744,0.20217096,"Rick Porcello",2717,519144
2015,"Jeff Locke","PIT","Jeff Locke","PIT",2015,168.1,2780,0.17527174,"Jeff Locke",2929,502046
2015,"Max Scherzer","WSN","Max Scherzer","WSN",2015,228.2,3359,0.30700779,"Max Scherzer",3137,453286
2015,"David Price","- - -","David Price","- - -",2015,220.1,3388,0.25337838,"David Price",3184,456034
2015,"Chris Young","KCR","Chris Young","KCR",2015,123.1,1986,0.166,"Chris Young",3196,432934
2015,"Ervin Santana","MIN","Ervin Santana","MIN",2015,108,1678,0.17943107,"Ervin Santana",3200,429722
2015,"Francisco Liriano","PIT","Francisco Liriano","PIT",2015,186.2,2983,0.26520052,"Francisco Liriano",3201,434538
2015,"Jeff Samardzija","CHW","Jeff Samardzija","CHW",2015,214,3339,0.17912088,"Jeff Samardzija",3254,502188
2015,"Aníbal Sánchez","DET","Aníbal Sánchez","DET",2015,157,2532,0.20909091,"Anibal Sanchez",3284,434671
2015,"Matt Garza","MIL","Matt Garza","MIL",2015,148.2,2393,0.15615616,"Matt Garza",3340,490063
2015,"Ubaldo Jiménez","BAL","Ubaldo Jiménez","BAL",2015,184,3060,0.21238938,"Ubaldo Jimenez",3374,434622
2015,"Danny Duffy","KCR","Danny Duffy","KCR",2015,136.2,2360,0.17346939,"Danny Duffy",3542,518633
2015,"Clay Buchholz","BOS","Clay Buchholz","BOS",2015,113.1,1716,0.22814499,"Clay Buchholz",3543,453329
2015,"C.J. Wilson","LAA","C.J. Wilson","LAA",2015,132,2117,0.19891501,"C.J. Wilson",3580,450351
2015,"Mat Latos","- - -","Mat Latos","- - -",2015,116.1,1804,0.20242915,"Mat Latos",3815,502009
2015,"Rubby De La Rosa","ARI","Rubby De La Rosa","ARI",2015,188.2,3014,0.18541409,"Rubby De La Rosa",3862,523989
2015,"Edinson Volquez","KCR","Edinson Volquez","KCR",2015,200.1,3298,0.18235294,"Edinson Volquez",3990,450172
2015,"Héctor Santiago","LAA","Héctor Santiago","LAA",2015,180.2,3162,0.20876289,"Hector Santiago",4026,502327
2015,"Jake Arrieta","CHC","Jake Arrieta","CHC",2015,229,3438,0.27126437,"Jake Arrieta",4153,453562
2015,"Jered Weaver","LAA","Jered Weaver","LAA",2015,159,2448,0.13452915,"Jered Weaver",4235,450308
2015,"Jeremy Hellickson","ARI","Jeremy Hellickson","ARI",2015,146,2478,0.19025157,"Jeremy Hellickson",4371,476451
2015,"Jonathon Niese","NYM","Jonathon Niese","NYM",2015,176.2,2701,0.14675325,"Jonathon Niese",4424,477003
2015,"Jordan Zimmermann","WSN","Jordan Zimmermann","WSN",2015,201.2,3103,0.19735259,"Jordan Zimmermann",4505,519455
2015,"Jason Hammel","CHC","Jason Hammel","CHC",2015,170.2,2751,0.24225352,"Jason Hammel",4538,434628
2015,"Charlie Morton","PIT","Charlie Morton","PIT",2015,129,1995,0.1705151,"Charlie Morton",4676,450203
2015,"Félix Hernández","SEA","Félix Hernández","SEA",2015,201.2,3040,0.23123487,"Felix Hernandez",4772,433587
2015,"Matt Shoemaker","LAA","Matt Shoemaker","LAA",2015,135.1,2089,0.20386643,"Matt Shoemaker",4776,533167
2015,"Scott Kazmir","- - -","Scott Kazmir","- - -",2015,183,2941,0.20314548,"Scott Kazmir",4897,431148
2015,"Jon Lester","CHC","Jon Lester","CHC",2015,205,3185,0.25,"Jon Lester",4930,452657
2015,"Cole Hamels","- - -","Cole Hamels","- - -",2015,212.1,3343,0.24431818,"Cole Hamels",4972,430935
2015,"Mike Pelfrey","MIN","Mike Pelfrey","MIN",2015,164.2,2663,0.12044818,"Mike Pelfrey",5203,460059
2015,"Chris Tillman","BAL","Chris Tillman","BAL",2015,173,2943,0.16194332,"Chris Tillman",5279,501957
2015,"Michael Pineda","NYY","Michael Pineda","NYY",2015,160.2,2548,0.23353293,"Michael Pineda",5372,501381
2015,"Jesse Chavez","OAK","Jesse Chavez","OAK",2015,157,2572,0.20238095,"Jesse Chavez",5448,445926
2015,"Madison Bumgarner","SFG","Madison Bumgarner","SFG",2015,218.1,3312,0.26927503,"Madison Bumgarner",5524,518516
2015,"Danny Salazar","CLE","Danny Salazar","CLE",2015,185,3048,0.25759577,"Danny Salazar",5867,517593
2015,"Kyle Kendrick","COL","Kyle Kendrick","COL",2015,142.1,2222,0.12718601,"Kyle Kendrick",6230,452718
2015,"Scott Feldman","HOU","Scott Feldman","HOU",2015,108.1,1771,0.13525499,"Scott Feldman",6283,444857
2015,"David Phelps","MIA","David Phelps","MIA",2015,112,1858,0.15975104,"David Phelps",6316,475479
2015,"John Danks","CHW","John Danks","CHW",2015,177.2,2918,0.16145833,"John Danks",6329,433579
2015,"Chris Archer","TBR","Chris Archer","TBR",2015,212,3449,0.29032258,"Chris Archer",6345,502042
2015,"Jake Odorizzi","TBR","Jake Odorizzi","TBR",2015,169.1,2755,0.21428571,"Jake Odorizzi",6397,543606
2015,"Trevor May","MIN","Trevor May","MIN",2015,114.2,1864,0.22357724,"Trevor May",6398,543507
2015,"Tom Koehler","MIA","Tom Koehler","MIA",2015,187.1,2976,0.17125,"Tom Koehler",6570,543408
2015,"Carlos Carrasco","CLE","Carlos Carrasco","CLE",2015,183.2,2777,0.29589041,"Carlos Carrasco",6632,471911
2015,"Alex Colomé","TBR","Alex Colomé","TBR",2015,109.2,1702,0.19256018,"Alex Colome",6661,517008
2015,"Julio Teheran","ATL","Julio Teheran","ATL",2015,200.2,3275,0.20284698,"Julio Teheran",6797,527054
2015,"Johnny Cueto","- - -","Johnny Cueto","- - -",2015,212,3268,0.20323326,"Johnny Cueto",6893,456501
2015,"Chase Anderson","ARI","Chase Anderson","ARI",2015,152.2,2462,0.1734375,"Chase Anderson",6895,502624
2015,"Ian Kennedy","SDP","Ian Kennedy","SDP",2015,168.1,2911,0.24403927,"Ian Kennedy",6986,453178
2015,"Miguel González","BAL","Miguel González","BAL",2015,144.2,2439,0.17524116,"Miguel Gonzalez",7024,456068
2015,"James Shields","SDP","James Shields","SDP",2015,202.1,3336,0.25116279,"James Shields",7059,448306
2015,"Josh Collmenter","ARI","Josh Collmenter","ARI",2015,121,1925,0.12625251,"Josh Collmenter",7312,518567
2015,"J.A. Happ","- - -","J.A. Happ","- - -",2015,172,2839,0.21059972,"J.A. Happ",7410,457918
2015,"Gio Gonzalez","WSN","Gio Gonzalez","WSN",2015,175.2,2947,0.22295515,"Gio Gonzalez",7448,461829
2015,"Phil Hughes","MIN","Phil Hughes","MIN",2015,155.1,2255,0.14439324,"Phil Hughes",7450,461833
2015,"Collin McHugh","HOU","Collin McHugh","HOU",2015,203.2,3241,0.19906868,"Collin McHugh",7531,543521
2015,"Tommy Milone","MIN","Tommy Milone","MIN",2015,128.2,2067,0.16758748,"Tommy Milone",7608,543548
2015,"Wily Peralta","MIL","Wily Peralta","MIL",2015,108.2,1754,0.12552301,"Wily Peralta",7738,503449
2015,"Mike Fiers","- - -","Mike Fiers","- - -",2015,180.1,3042,0.23653088,"Mike Fiers",7754,571666
2015,"Tyson Ross","SDP","Tyson Ross","SDP",2015,196,3229,0.25759417,"Tyson Ross",7872,475115
2015,"Jaime García","STL","Jaime García","STL",2015,129.2,1857,0.19019608,"Jaime Garcia",8137,448802
2015,"Yovani Gallardo","TEX","Yovani Gallardo","TEX",2015,184.1,3226,0.15258512,"Yovani Gallardo",8173,451596
2015,"Brett Anderson","LAD","Brett Anderson","LAD",2015,180.1,2716,0.15466667,"Brett Anderson",8223,474463
2015,"Justin Verlander","DET","Justin Verlander","DET",2015,133.1,2150,0.21121495,"Justin Verlander",8700,434378
2015,"Tanner Roark","WSN","Tanner Roark","WSN",2015,111,1800,0.14989293,"Tanner Roark",8753,543699
2015,"Wade Miley","BOS","Wade Miley","BOS",2015,193.2,3194,0.17689531,"Wade Miley",8779,489119
2015,"Andrew Cashner","SDP","Andrew Cashner","SDP",2015,184.2,3109,0.20522388,"Andrew Cashner",8782,488768
2015,"Adam Warren","NYY","Adam Warren","NYY",2015,131.1,2159,0.19475655,"Adam Warren",9029,476589
2015,"Nathan Eovaldi","NYY","Nathan Eovaldi","NYY",2015,154.1,2638,0.17979198,"Nathan Eovaldi",9132,543135
2015,"Doug Fister","WSN","Doug Fister","WSN",2015,103,1654,0.1403118,"Doug Fister",9425,450729
2015,"Dallas Keuchel","HOU","Dallas Keuchel","HOU",2015,232,3492,0.23710209,"Dallas Keuchel",9434,572971
2015,"Joe Kelly","BOS","Joe Kelly","BOS",2015,134.1,2378,0.18771331,"Joe Kelly",9761,523260
2015,"Garrett Richards","LAA","Garrett Richards","LAA",2015,207.1,3250,0.20346821,"Garrett Richards",9784,572070
2015,"Travis Wood","CHC","Travis Wood","CHC",2015,100.2,1718,0.28162291,"Travis Wood",9884,475243
2015,"Chris Rusin","COL","Chris Rusin","COL",2015,131.2,2149,0.14478114,"Chris Rusin",9895,543734
2015,"Kyle Gibson","MIN","Kyle Gibson","MIN",2015,194.2,3235,0.17661389,"Kyle Gibson",10123,502043
2015,"Mike Leake","- - -","Mike Leake","- - -",2015,192,2754,0.1529563,"Mike Leake",10130,502190
2015,"Stephen Strasburg","WSN","Stephen Strasburg","WSN",2015,127.1,2043,0.29636711,"Stephen Strasburg",10131,544931
2015,"Shelby Miller","ATL","Shelby Miller","ATL",2015,205.1,3247,0.19883721,"Shelby Miller",10197,571946
2015,"Chris Heston","SFG","Chris Heston","SFG",2015,177.2,2792,0.18900804,"Chris Heston",10302,518790
2015,"Erasmo Ramírez","TBR","Erasmo Ramírez","TBR",2015,163.1,2409,0.18918919,"Erasmo Ramirez",10314,541640
2015,"Jimmy Nelson","MIL","Jimmy Nelson","MIL",2015,177.1,2791,0.19680851,"Jimmy Nelson",10547,519076
2015,"Chad Bettis","COL","Chad Bettis","COL",2015,115,1882,0.19521912,"Chad Bettis",10587,518452
2015,"Chris Sale","CHW","Chris Sale","CHW",2015,208.2,3323,0.32084309,"Chris Sale",10603,519242
2015,"Drew Hutchison","TOR","Drew Hutchison","TOR",2015,150.1,2511,0.19427711,"Drew Hutchison",10732,571800
2015,"Jacob deGrom","NYM","Jacob deGrom","NYM",2015,191,2976,0.27296937,"Jacob deGrom",10954,594798
2015,"Mike Bolsinger","LAD","Mike Bolsinger","LAD",2015,109.1,1779,0.21030043,"Mike Bolsinger",11137,502211
2015,"Jose Quintana","CHW","Jose Quintana","CHW",2015,206.1,3373,0.20533643,"Jose Quintana",11423,500779
2015,"Robbie Ray","ARI","Robbie Ray","ARI",2015,127.2,2257,0.21834862,"Robbie Ray",11486,592662
2015,"Williams Pérez","ATL","Williams Pérez","ATL",2015,116.2,1870,0.14202335,"Williams Perez",11592,554234
2015,"Carlos Martinez","STL","Carlos Martinez","STL",2015,179.2,2844,0.24370861,"Carlos Martinez",11682,593372
2015,"Matt Harvey","NYM","Matt Harvey","NYM",2015,189.1,2798,0.24900662,"Matt Harvey",11713,518774
2015,"Noah Syndergaard","NYM","Noah Syndergaard","NYM",2015,150,2380,0.27529022,"Noah Syndergaard",11762,592789
2015,"Taijuan Walker","SEA","Taijuan Walker","SEA",2015,169.2,2630,0.2223796,"Taijuan Walker",11836,592836
2015,"Yordano Ventura","KCR","Yordano Ventura","KCR",2015,163.1,2651,0.22510823,"Yordano Ventura",11855,570649
2015,"Kyle Hendricks","CHC","Kyle Hendricks","CHC",2015,180,2793,0.22598106,"Kyle Hendricks",12049,543294
2015,"Nate Karns","TBR","Nate Karns","TBR",2015,147,2441,0.23349436,"Nate Karns",12638,501992
2015,"Roenis Elías","SEA","Roenis Elías","SEA",2015,115.1,1842,0.19795918,"Roenis Elias",12673,606273
2015,"Trevor Bauer","CLE","Trevor Bauer","CLE",2015,176,2869,0.22849462,"Trevor Bauer",12703,545333
2015,"Nick Martinez","TEX","Nick Martinez","TEX",2015,125,2119,0.13799283,"Nick Martinez",12730,607259
2015,"Sonny Gray","OAK","Sonny Gray","OAK",2015,208,3078,0.20336943,"Sonny Gray",12768,543243
2015,"Matt Wisler","ATL","Matt Wisler","ATL",2015,109,1772,0.15062762,"Matt Wisler",12804,605538
2015,"Hisashi Iwakuma","SEA","Hisashi Iwakuma","SEA",2015,129.2,1868,0.21511628,"Hisashi Iwakuma",13048,547874
2015,"Anthony DeSclafani","CIN","Anthony DeSclafani","CIN",2015,184.2,2913,0.19235669,"Anthony DeSclafani",13050,543101
2015,"Wei-Yin Chen","BAL","Wei-Yin Chen","BAL",2015,191.1,3010,0.19318182,"Wei-Yin Chen",13071,612672
2015,"Taylor Jungmann","MIL","Taylor Jungmann","MIL",2015,119.1,2045,0.21357285,"Taylor Jungmann",13119,543380
2015,"Gerrit Cole","PIT","Gerrit Cole","PIT",2015,208,3238,0.24278846,"Gerrit Cole",13125,543037
2015,"Eduardo Rodriguez","BOS","Eduardo Rodriguez","BOS",2015,121.2,2009,0.18773946,"Eduardo Rodriguez",13164,593958
2015,"Alex Wood","- - -","Alex Wood","- - -",2015,189.2,2909,0.17353308,"Alex Wood",13781,622072
2015,"Michael Wacha","STL","Michael Wacha","STL",2015,181.1,2937,0.2007874,"Michael Wacha",14078,608379
2015,"Kevin Gausman","BAL","Kevin Gausman","BAL",2015,112.1,1876,0.21914894,"Kevin Gausman",14107,592332
2015,"Lance McCullers Jr.","HOU","Lance McCullers Jr.","HOU",2015,125.2,2109,0.24807692,"Lance McCullers Jr.",14120,621121
2015,"Michael Lorenzen","CIN","Michael Lorenzen","CIN",2015,113.1,1997,0.16116505,"Michael Lorenzen",14843,547179
2015,"Andrew Heaney","LAA","Andrew Heaney","LAA",2015,105.2,1645,0.17808219,"Andrew Heaney",15423,571760
2015,"Kendall Graveman","OAK","Kendall Graveman","OAK",2015,115.2,1898,0.15338645,"Kendall Graveman",15514,608665
2015,"Masahiro Tanaka","NYY","Masahiro Tanaka","NYY",2015,154,2290,0.22824302,"Masahiro Tanaka",15764,547888
2015,"Odrisamer Despaigne","SDP","Odrisamer Despaigne","SDP",2015,125.2,2088,0.1261426,"Odrisamer Despaigne",16017,628333
2015,"Carlos Rodón","CHW","Carlos Rodón","CHW",2015,139.1,2441,0.22899506,"Carlos Rodon",16137,607074
2016,"Bartolo Colon","NYM","Bartolo Colon","NYM",2016,191.2,2853,0.16182048,"Bartolo Colon",375,112526
2016,"CC Sabathia","NYY","CC Sabathia","NYY",2016,179.2,2910,0.19791667,"CC Sabathia",404,282332
2016,"Jake Peavy","SFG","Jake Peavy","SFG",2016,118.2,2026,0.19615385,"Jake Peavy",1051,408241
2016,"Marco Estrada","TOR","Marco Estrada","TOR",2016,176,2843,0.22821577,"Marco Estrada",1118,462136
2016,"R.A. Dickey","TOR","R.A. Dickey","TOR",2016,169.2,2742,0.17307692,"R.A. Dickey",1245,285079
2016,"Colby Lewis","TEX","Colby Lewis","TEX",2016,116.1,1750,0.15466102,"Colby Lewis",1259,407890
2016,"John Lackey","CHC","John Lackey","CHC",2016,188.1,2853,0.24064171,"John Lackey",1507,407793
2016,"Matt Moore","- - -","Matt Moore","- - -",2016,198.1,3285,0.2124105,"Matt Moore",1890,519043
2016,"Zack Greinke","ARI","Zack Greinke","ARI",2016,158.2,2503,0.20089955,"Zack Greinke",1943,425844
2016,"Iván Nova","- - -","Iván Nova","- - -",2016,162,2310,0.18567251,"Ivan Nova",1994,467100
2016,"Clayton Kershaw","LAD","Clayton Kershaw","LAD",2016,149,2062,0.31617647,"Clayton Kershaw",2036,477132
2016,"Jorge De La Rosa","COL","Jorge De La Rosa","COL",2016,134,2343,0.17589577,"Jorge De La Rosa",2047,407822
2016,"Adam Wainwright","STL","Adam Wainwright","STL",2016,198.2,3195,0.19008264,"Adam Wainwright",2233,425794
2016,"Corey Kluber","CLE","Corey Kluber","CLE",2016,215,3189,0.26395349,"Corey Kluber",2429,446372
2016,"Jhoulys Chacín","- - -","Jhoulys Chacín","- - -",2016,144,2389,0.18829114,"Jhoulys Chacin",2608,468504
2016,"Rick Porcello","BOS","Rick Porcello","BOS",2016,223,3410,0.21235955,"Rick Porcello",2717,519144
2016,"Jeff Locke","PIT","Jeff Locke","PIT",2016,127.1,2096,0.12943262,"Jeff Locke",2929,502046
2016,"Max Scherzer","WSN","Max Scherzer","WSN",2016,228.1,3563,0.31485588,"Max Scherzer",3137,453286
2016,"David Price","BOS","David Price","BOS",2016,230,3595,0.23974763,"David Price",3184,456034
2016,"Ervin Santana","MIN","Ervin Santana","MIN",2016,181.1,2931,0.19919786,"Ervin Santana",3200,429722
2016,"Francisco Liriano","- - -","Francisco Liriano","- - -",2016,163,2793,0.22982216,"Francisco Liriano",3201,434538
2016,"Jeff Samardzija","SFG","Jeff Samardzija","SFG",2016,203.1,3190,0.20144753,"Jeff Samardzija",3254,502188
2016,"Aníbal Sánchez","DET","Aníbal Sánchez","DET",2016,153.1,2577,0.20209581,"Anibal Sanchez",3284,434671
2016,"Matt Garza","MIL","Matt Garza","MIL",2016,101.2,1717,0.15184382,"Matt Garza",3340,490063
2016,"Ubaldo Jiménez","BAL","Ubaldo Jiménez","BAL",2016,142.1,2492,0.19592476,"Ubaldo Jimenez",3374,434622
2016,"Danny Duffy","KCR","Danny Duffy","KCR",2016,179.2,2707,0.25718194,"Danny Duffy",3542,518633
2016,"Clay Buchholz","BOS","Clay Buchholz","BOS",2016,139.1,2226,0.15816327,"Clay Buchholz",3543,453329
2016,"Ricky Nolasco","- - -","Ricky Nolasco","- - -",2016,197.2,3127,0.17625459,"Ricky Nolasco",3830,445060
2016,"Edinson Volquez","KCR","Edinson Volquez","KCR",2016,189.1,3232,0.16295428,"Edinson Volquez",3990,450172
2016,"Héctor Santiago","- - -","Héctor Santiago","- - -",2016,182,3172,0.18343949,"Hector Santiago",4026,502327
2016,"Derek Holland","TEX","Derek Holland","TEX",2016,107.1,1828,0.14533623,"Derek Holland",4141,502706
2016,"Jake Arrieta","CHC","Jake Arrieta","CHC",2016,197.1,3124,0.23899371,"Jake Arrieta",4153,453562
2016,"Jered Weaver","LAA","Jered Weaver","LAA",2016,178,2835,0.13428944,"Jered Weaver",4235,450308
2016,"Tyler Chatwood","COL","Tyler Chatwood","COL",2016,158,2546,0.17488789,"Tyler Chatwood",4338,543022
2016,"Jeremy Hellickson","PHI","Jeremy Hellickson","PHI",2016,189,2925,0.19948187,"Jeremy Hellickson",4371,476451
2016,"Jonathon Niese","- - -","Jonathon Niese","- - -",2016,121,2010,0.16117216,"Jonathon Niese",4424,477003
2016,"Jordan Zimmermann","DET","Jordan Zimmermann","DET",2016,105.1,1707,0.14666667,"Jordan Zimmermann",4505,519455
2016,"Jason Hammel","CHC","Jason Hammel","CHC",2016,166.2,2623,0.20809249,"Jason Hammel",4538,434628
2016,"Félix Hernández","SEA","Félix Hernández","SEA",2016,153.1,2453,0.18625954,"Felix Hernandez",4772,433587
2016,"Matt Shoemaker","LAA","Matt Shoemaker","LAA",2016,160,2476,0.21407186,"Matt Shoemaker",4776,533167
2016,"Rich Hill","- - -","Rich Hill","- - -",2016,110.1,1819,0.29384966,"Rich Hill",4806,448179
2016,"Mike Montgomery","- - -","Mike Montgomery","- - -",2016,100,1513,0.22222222,"Mike Montgomery",4869,543557
2016,"Scott Kazmir","LAD","Scott Kazmir","LAD",2016,136.1,2392,0.22711864,"Scott Kazmir",4897,431148
2016,"Jon Lester","CHC","Jon Lester","CHC",2016,202.2,3161,0.24748744,"Jon Lester",4930,452657
2016,"Cole Hamels","TEX","Cole Hamels","TEX",2016,200.2,3253,0.23584906,"Cole Hamels",4972,430935
2016,"Mike Pelfrey","DET","Mike Pelfrey","DET",2016,119,2054,0.10351201,"Mike Pelfrey",5203,460059
2016,"Chris Tillman","BAL","Chris Tillman","BAL",2016,172,2936,0.1958042,"Chris Tillman",5279,501957
2016,"Michael Pineda","NYY","Michael Pineda","NYY",2016,175.2,3017,0.27380952,"Michael Pineda",5372,501381
2016,"Madison Bumgarner","SFG","Madison Bumgarner","SFG",2016,226.2,3571,0.2752193,"Madison Bumgarner",5524,518516
2016,"Junior Guerra","MIL","Junior Guerra","MIL",2016,121.2,1866,0.20325203,"Junior Guerra",5702,448855
2016,"Danny Salazar","CLE","Danny Salazar","CLE",2016,137.1,2404,0.27568493,"Danny Salazar",5867,517593
2016,"Chris Archer","TBR","Chris Archer","TBR",2016,201.1,3409,0.27411765,"Chris Archer",6345,502042
2016,"Jake Odorizzi","TBR","Jake Odorizzi","TBR",2016,187.2,3308,0.21474774,"Jake Odorizzi",6397,543606
2016,"Tom Koehler","MIA","Tom Koehler","MIA",2016,176.2,3089,0.18992248,"Tom Koehler",6570,543408
2016,"Carlos Carrasco","CLE","Carlos Carrasco","CLE",2016,146.1,2247,0.25041736,"Carlos Carrasco",6632,471911
2016,"Julio Teheran","ATL","Julio Teheran","ATL",2016,188,2971,0.22031662,"Julio Teheran",6797,527054
2016,"Johnny Cueto","SFG","Johnny Cueto","SFG",2016,219.2,3299,0.22474461,"Johnny Cueto",6893,456501
2016,"Chase Anderson","MIL","Chase Anderson","MIL",2016,151.2,2639,0.18547141,"Chase Anderson",6895,502624
2016,"Martín Pérez","TEX","Martín Pérez","TEX",2016,198.2,3078,0.12046784,"Martin Perez",6902,527048
2016,"Ian Kennedy","KCR","Ian Kennedy","KCR",2016,195.2,3378,0.22493888,"Ian Kennedy",6986,453178
2016,"Miguel González","CHW","Miguel González","CHW",2016,135,2100,0.16784452,"Miguel Gonzalez",7024,456068
2016,"James Shields","- - -","James Shields","- - -",2016,181.2,3133,0.16423358,"James Shields",7059,448306
2016,"Dillon Gee","KCR","Dillon Gee","KCR",2016,125,2047,0.1615245,"Dillon Gee",7396,518716
2016,"J.A. Happ","TOR","J.A. Happ","TOR",2016,195,3033,0.20477387,"J.A. Happ",7410,457918
2016,"Gio Gonzalez","WSN","Gio Gonzalez","WSN",2016,177.1,3116,0.22352941,"Gio Gonzalez",7448,461829
2016,"Collin McHugh","HOU","Collin McHugh","HOU",2016,184.2,3159,0.22236181,"Collin McHugh",7531,543521
2016,"Juan Nicasio","PIT","Juan Nicasio","PIT",2016,118,2165,0.26900585,"Juan Nicasio",7731,504379
2016,"Wily Peralta","MIL","Wily Peralta","MIL",2016,127.2,2132,0.16787004,"Wily Peralta",7738,503449
2016,"Mike Fiers","HOU","Mike Fiers","HOU",2016,168.2,2771,0.18508287,"Mike Fiers",7754,571666
2016,"Christian Friedrich","SDP","Christian Friedrich","SDP",2016,129.1,2139,0.17636684,"Christian Friedrich",7942,543184
2016,"Jaime García","STL","Jaime García","STL",2016,171.2,2578,0.20242915,"Jaime Garcia",8137,448802
2016,"Yovani Gallardo","BAL","Yovani Gallardo","BAL",2016,118,2107,0.16159696,"Yovani Gallardo",8173,451596
2016,"Steven Wright","BOS","Steven Wright","BOS",2016,156.2,2496,0.19359756,"Steven Wright",8185,453214
2016,"Justin Verlander","DET","Justin Verlander","DET",2016,227.2,3668,0.28128461,"Justin Verlander",8700,434378
2016,"Tanner Roark","WSN","Tanner Roark","WSN",2016,210,3355,0.20116959,"Tanner Roark",8753,543699
2016,"Wade Miley","- - -","Wade Miley","- - -",2016,166,2732,0.19268636,"Wade Miley",8779,489119
2016,"Andrew Cashner","- - -","Andrew Cashner","- - -",2016,132,2370,0.19047619,"Andrew Cashner",8782,488768
2016,"Nathan Eovaldi","NYY","Nathan Eovaldi","NYY",2016,124.2,2064,0.1847619,"Nathan Eovaldi",9132,543135
2016,"Patrick Corbin","ARI","Patrick Corbin","ARI",2016,155.2,2539,0.18687589,"Patrick Corbin",9323,571578
2016,"Josh Tomlin","CLE","Josh Tomlin","CLE",2016,174,2612,0.16275862,"Josh Tomlin",9388,458708
2016,"Doug Fister","HOU","Doug Fister","HOU",2016,180.1,3000,0.14762516,"Doug Fister",9425,450729
2016,"Dallas Keuchel","HOU","Dallas Keuchel","HOU",2016,168,2670,0.20542083,"Dallas Keuchel",9434,572971
2016,"Dan Straily","CIN","Dan Straily","CIN",2016,191.1,3061,0.20454545,"Dan Straily",9460,573185
2016,"Bud Norris","- - -","Bud Norris","- - -",2016,113,2001,0.20606061,"Bud Norris",9492,502032
2016,"Kyle Gibson","MIN","Kyle Gibson","MIN",2016,147.1,2468,0.15926493,"Kyle Gibson",10123,502043
2016,"Mike Leake","STL","Mike Leake","STL",2016,176.2,2659,0.1651255,"Mike Leake",10130,502190
2016,"Stephen Strasburg","WSN","Stephen Strasburg","WSN",2016,147.2,2385,0.30602007,"Stephen Strasburg",10131,544931
2016,"Shelby Miller","ARI","Shelby Miller","ARI",2016,101,1740,0.15217391,"Shelby Miller",10197,571946
2016,"Jimmy Nelson","MIL","Jimmy Nelson","MIL",2016,179.1,2984,0.17348203,"Jimmy Nelson",10547,519076
2016,"Chad Bettis","COL","Chad Bettis","COL",2016,186,3055,0.16953317,"Chad Bettis",10587,518452
2016,"Chris Sale","CHW","Chris Sale","CHW",2016,226.2,3431,0.25689085,"Chris Sale",10603,519242
2016,"Mike Foltynewicz","ATL","Mike Foltynewicz","ATL",2016,123.1,2120,0.21142857,"Mike Foltynewicz",10811,592314
2016,"Jacob deGrom","NYM","Jacob deGrom","NYM",2016,148,2353,0.23675497,"Jacob deGrom",10954,594798
2016,"A.J. Griffin","TEX","A.J. Griffin","TEX",2016,119,2063,0.21021611,"A.J. Griffin",11132,456167
2016,"Vince Velasquez","PHI","Vince Velasquez","PHI",2016,131,2213,0.27586207,"Vince Velasquez",11189,592826
2016,"Jose Quintana","CHW","Jose Quintana","CHW",2016,208,3282,0.21624851,"Jose Quintana",11423,500779
2016,"Drew Pomeranz","- - -","Drew Pomeranz","- - -",2016,170.2,2841,0.26458037,"Drew Pomeranz",11426,519141
2016,"Robbie Ray","ARI","Robbie Ray","ARI",2016,174.1,3176,0.28092784,"Robbie Ray",11486,592662
2016,"Aaron Sanchez","TOR","Aaron Sanchez","TOR",2016,192,2919,0.20379747,"Aaron Sanchez",11490,592717
2016,"José Fernández","MIA","José Fernández","MIA",2016,182.1,2940,0.34328358,"Jose Fernandez",11530,605228
2016,"Jameson Taillon","PIT","Jameson Taillon","PIT",2016,104,1550,0.20334928,"Jameson Taillon",11674,592791
2016,"Carlos Martinez","STL","Carlos Martinez","STL",2016,195.1,3028,0.21508035,"Carlos Martinez",11682,593372
2016,"Drew Smyly","TBR","Drew Smyly","TBR",2016,175.1,2893,0.22628726,"Drew Smyly",11760,592767
2016,"Noah Syndergaard","NYM","Noah Syndergaard","NYM",2016,183.2,2935,0.29301075,"Noah Syndergaard",11762,592789
2016,"James Paxton","SEA","James Paxton","SEA",2016,121,1950,0.22896282,"James Paxton",11828,572020
2016,"Taijuan Walker","SEA","Taijuan Walker","SEA",2016,134.1,2311,0.20767888,"Taijuan Walker",11836,592836
2016,"Yordano Ventura","KCR","Yordano Ventura","KCR",2016,186,3048,0.17647059,"Yordano Ventura",11855,570649
2016,"Matt Andriese","TBR","Matt Andriese","TBR",2016,127.2,1983,0.20683112,"Matt Andriese",12022,542882
2016,"Kyle Hendricks","CHC","Kyle Hendricks","CHC",2016,190,2888,0.22818792,"Kyle Hendricks",12049,543294
2016,"Colin Rea","- - -","Colin Rea","- - -",2016,102.2,1761,0.17621145,"Colin Rea",12317,607067
2016,"Adam Morgan","PHI","Adam Morgan","PHI",2016,113.1,1947,0.18774704,"Adam Morgan",12580,605388
2016,"Jerad Eickhoff","PHI","Jerad Eickhoff","PHI",2016,197.1,3028,0.20591862,"Jerad Eickhoff",12664,595191
2016,"Trevor Bauer","CLE","Trevor Bauer","CLE",2016,190,3092,0.20715166,"Trevor Bauer",12703,545333
2016,"Chris Devenski","HOU","Chris Devenski","HOU",2016,108.1,1577,0.25490196,"Chris Devenski",12763,606965
2016,"Sonny Gray","OAK","Sonny Gray","OAK",2016,117,1947,0.18181818,"Sonny Gray",12768,543243
2016,"Matt Wisler","ATL","Matt Wisler","ATL",2016,156.2,2438,0.17138599,"Matt Wisler",12804,605538
2016,"Tyler Anderson","COL","Tyler Anderson","COL",2016,114.1,1793,0.20711297,"Tyler Anderson",12880,542881
2016,"Dylan Bundy","BAL","Dylan Bundy","BAL",2016,109.2,1951,0.21940928,"Dylan Bundy",12917,605164
2016,"Archie Bradley","ARI","Archie Bradley","ARI",2016,141.2,2576,0.22413793,"Archie Bradley",12918,605151
2016,"Joe Ross","WSN","Joe Ross","WSN",2016,105,1708,0.20805369,"Joe Ross",12972,605452
2016,"Hisashi Iwakuma","SEA","Hisashi Iwakuma","SEA",2016,199,2981,0.17583732,"Hisashi Iwakuma",13048,547874
2016,"Anthony DeSclafani","CIN","Anthony DeSclafani","CIN",2016,123.1,1968,0.20710059,"Anthony DeSclafani",13050,543101
2016,"Wei-Yin Chen","MIA","Wei-Yin Chen","MIA",2016,123.1,1918,0.19230769,"Wei-Yin Chen",13071,612672
2016,"Yu Darvish","TEX","Yu Darvish","TEX",2016,100.1,1579,0.31730769,"Yu Darvish",13074,506433
2016,"Gerrit Cole","PIT","Gerrit Cole","PIT",2016,116,1939,0.19367589,"Gerrit Cole",13125,543037
2016,"Eduardo Rodriguez","BOS","Eduardo Rodriguez","BOS",2016,107,1854,0.21834061,"Eduardo Rodriguez",13164,593958
2016,"Zach Davies","MIL","Zach Davies","MIL",2016,163.1,2588,0.19794721,"Zach Davies",13183,605200
2016,"Michael Fulmer","DET","Michael Fulmer","DET",2016,159,2473,0.20401855,"Michael Fulmer",13218,605242
2016,"Ross Stripling","LAD","Ross Stripling","LAD",2016,100,1590,0.17661098,"Ross Stripling",13273,548389
2016,"Steven Matz","NYM","Steven Matz","NYM",2016,132.1,2153,0.23583181,"Steven Matz",13361,571927
2016,"Marcus Stroman","TOR","Marcus Stroman","TOR",2016,204,3102,0.19415205,"Marcus Stroman",13431,573186
2016,"Tyler Duffey","MIN","Tyler Duffey","MIN",2016,133,2278,0.19127517,"Tyler Duffey",13758,608648
2016,"Michael Wacha","STL","Michael Wacha","STL",2016,138,2324,0.18811881,"Michael Wacha",14078,608379
2016,"Kevin Gausman","BAL","Kevin Gausman","BAL",2016,179.2,3113,0.22985469,"Kevin Gausman",14107,592332
2016,"Adam Conley","MIA","Adam Conley","MIA",2016,133.1,2274,0.21232877,"Adam Conley",14457,543045
2016,"Luis Perdomo","SDP","Luis Perdomo","SDP",2016,146.2,2371,0.15861027,"Luis Perdomo",14682,606131
2016,"Jon Gray","COL","Jon Gray","COL",2016,168,2793,0.25983146,"Jon Gray",14916,592351
2016,"Kendall Graveman","OAK","Kendall Graveman","OAK",2016,186,2832,0.13740458,"Kendall Graveman",15514,608665
2016,"Masahiro Tanaka","NYY","Masahiro Tanaka","NYY",2016,199.2,2935,0.20496894,"Masahiro Tanaka",15764,547888
2016,"Sean Manaea","OAK","Sean Manaea","OAK",2016,144.2,2169,0.20875421,"Sean Manaea",15873,640455
2016,"Carlos Rodón","CHW","Carlos Rodón","CHW",2016,165,2795,0.23496503,"Carlos Rodon",16137,607074
2016,"Aaron Nola","PHI","Aaron Nola","PHI",2016,111,1796,0.2505176,"Aaron Nola",16149,605400
2016,"Brandon Finnegan","CIN","Brandon Finnegan","CIN",2016,172,2884,0.19754768,"Brandon Finnegan",16208,605232
2016,"Kenta Maeda","LAD","Kenta Maeda","LAD",2016,175.2,2930,0.25,"Kenta Maeda",18498,628317
2017,"Bartolo Colon","- - -","Bartolo Colon","- - -",2017,143,2286,0.13734568,"Bartolo Colon",375,112526
2017,"CC Sabathia","NYY","CC Sabathia","NYY",2017,148.2,2340,0.19261637,"CC Sabathia",404,282332
2017,"Marco Estrada","TOR","Marco Estrada","TOR",2017,186,3246,0.21836228,"Marco Estrada",1118,462136
2017,"R.A. Dickey","ATL","R.A. Dickey","ATL",2017,190,2924,0.16687117,"R.A. Dickey",1245,285079
2017,"John Lackey","CHC","John Lackey","CHC",2017,170.2,2772,0.20383037,"John Lackey",1507,407793
2017,"Matt Moore","SFG","Matt Moore","SFG",2017,174.1,2875,0.18734177,"Matt Moore",1890,519043
2017,"Zack Greinke","ARI","Zack Greinke","ARI",2017,202.1,3163,0.26841448,"Zack Greinke",1943,425844
2017,"Iván Nova","PIT","Iván Nova","PIT",2017,187,2677,0.16687898,"Ivan Nova",1994,467100
2017,"Clayton Kershaw","LAD","Clayton Kershaw","LAD",2017,175,2521,0.29749632,"Clayton Kershaw",2036,477132
2017,"Adam Wainwright","STL","Adam Wainwright","STL",2017,123.1,2155,0.17582418,"Adam Wainwright",2233,425794
2017,"Corey Kluber","CLE","Corey Kluber","CLE",2017,203.2,2945,0.34105534,"Corey Kluber",2429,446372
2017,"Lance Lynn","STL","Lance Lynn","STL",2017,186.1,3151,0.19716495,"Lance Lynn",2520,458681
2017,"Jhoulys Chacín","SDP","Jhoulys Chacín","SDP",2017,180.1,2937,0.2,"Jhoulys Chacin",2608,468504
2017,"Rick Porcello","BOS","Rick Porcello","BOS",2017,203.1,3383,0.20451977,"Rick Porcello",2717,519144
2017,"Max Scherzer","WSN","Max Scherzer","WSN",2017,200.2,3111,0.34358974,"Max Scherzer",3137,453286
2017,"Ervin Santana","MIN","Ervin Santana","MIN",2017,211.1,3235,0.19328704,"Ervin Santana",3200,429722
2017,"Jeff Samardzija","SFG","Jeff Samardzija","SFG",2017,207.2,3273,0.2420307,"Jeff Samardzija",3254,502188
2017,"Aníbal Sánchez","DET","Aníbal Sánchez","DET",2017,105.1,1855,0.21576763,"Anibal Sanchez",3284,434671
2017,"Matt Garza","MIL","Matt Garza","MIL",2017,114.2,1910,0.15674603,"Matt Garza",3340,490063
2017,"Ubaldo Jiménez","BAL","Ubaldo Jiménez","BAL",2017,142.2,2587,0.21450617,"Ubaldo Jimenez",3374,434622
2017,"Danny Duffy","KCR","Danny Duffy","KCR",2017,146.1,2277,0.2134647,"Danny Duffy",3542,518633
2017,"Clayton Richard","SDP","Clayton Richard","SDP",2017,197.1,3045,0.17599068,"Clayton Richard",3551,453385
2017,"Ricky Nolasco","LAA","Ricky Nolasco","LAA",2017,181,3091,0.18170267,"Ricky Nolasco",3830,445060
2017,"Derek Holland","CHW","Derek Holland","CHW",2017,135,2460,0.16613419,"Derek Holland",4141,502706
2017,"Jake Arrieta","CHC","Jake Arrieta","CHC",2017,168.1,2743,0.23055163,"Jake Arrieta",4153,453562
2017,"Tyler Chatwood","COL","Tyler Chatwood","COL",2017,147.2,2461,0.19017433,"Tyler Chatwood",4338,543022
2017,"Jeremy Hellickson","- - -","Jeremy Hellickson","- - -",2017,164,2618,0.1381295,"Jeremy Hellickson",4371,476451
2017,"Jordan Zimmermann","DET","Jordan Zimmermann","DET",2017,160,2644,0.14446003,"Jordan Zimmermann",4505,519455
2017,"Jason Hammel","KCR","Jason Hammel","KCR",2017,180.1,3029,0.18034826,"Jason Hammel",4538,434628
2017,"Charlie Morton","HOU","Charlie Morton","HOU",2017,146.2,2387,0.26418152,"Charlie Morton",4676,450203
2017,"Matt Cain","SFG","Matt Cain","SFG",2017,124.1,2083,0.13204225,"Matt Cain",4732,430912
2017,"Rich Hill","LAD","Rich Hill","LAD",2017,135.2,2224,0.30072464,"Rich Hill",4806,448179
2017,"Mike Montgomery","CHC","Mike Montgomery","CHC",2017,130.2,2075,0.18518519,"Mike Montgomery",4869,543557
2017,"Jon Lester","CHC","Jon Lester","CHC",2017,180.2,3131,0.23591088,"Jon Lester",4930,452657
2017,"Cole Hamels","TEX","Cole Hamels","TEX",2017,148,2312,0.17100977,"Cole Hamels",4972,430935
2017,"Mike Pelfrey","CHW","Mike Pelfrey","CHW",2017,120,2291,0.14468864,"Mike Pelfrey",5203,460059
2017,"Brad Peacock","HOU","Brad Peacock","HOU",2017,132,2248,0.29487179,"Brad Peacock",5401,502748
2017,"Jesse Chavez","LAA","Jesse Chavez","LAA",2017,138,2312,0.20307167,"Jesse Chavez",5448,445926
2017,"Madison Bumgarner","SFG","Madison Bumgarner","SFG",2017,111,1666,0.22444444,"Madison Bumgarner",5524,518516
2017,"Danny Salazar","CLE","Danny Salazar","CLE",2017,103,1814,0.33029613,"Danny Salazar",5867,517593
2017,"Scott Feldman","CIN","Scott Feldman","CIN",2017,111.1,1909,0.1970339,"Scott Feldman",6283,444857
2017,"Chris Archer","TBR","Chris Archer","TBR",2017,201,3406,0.29225352,"Chris Archer",6345,502042
2017,"Jake Odorizzi","TBR","Jake Odorizzi","TBR",2017,143.1,2627,0.2102649,"Jake Odorizzi",6397,543606
2017,"Alex Cobb","TBR","Alex Cobb","TBR",2017,179.1,2849,0.17250674,"Alex Cobb",6562,502171
2017,"Carlos Carrasco","CLE","Carlos Carrasco","CLE",2017,200,3058,0.28320802,"Carlos Carrasco",6632,471911
2017,"Julio Teheran","ATL","Julio Teheran","ATL",2017,188.1,3074,0.18596059,"Julio Teheran",6797,527054
2017,"Johnny Cueto","SFG","Johnny Cueto","SFG",2017,147.1,2533,0.20987654,"Johnny Cueto",6893,456501
2017,"Chase Anderson","MIL","Chase Anderson","MIL",2017,141.1,2254,0.23374341,"Chase Anderson",6895,502624
2017,"Martín Pérez","TEX","Martín Pérez","TEX",2017,185,3097,0.14180025,"Martin Perez",6902,527048
2017,"Ian Kennedy","KCR","Ian Kennedy","KCR",2017,154,2641,0.2,"Ian Kennedy",6986,453178
2017,"Miguel González","- - -","Miguel González","- - -",2017,156,2531,0.14619883,"Miguel Gonzalez",7024,456068
2017,"James Shields","CHW","James Shields","CHW",2017,117,2016,0.1996124,"James Shields",7059,448306
2017,"J.A. Happ","TOR","J.A. Happ","TOR",2017,145.1,2487,0.22683706,"J.A. Happ",7410,457918
2017,"Gio Gonzalez","WSN","Gio Gonzalez","WSN",2017,201,3364,0.22732769,"Gio Gonzalez",7448,461829
2017,"Mike Fiers","HOU","Mike Fiers","HOU",2017,153.1,2630,0.21758569,"Mike Fiers",7754,571666
2017,"Jason Vargas","KCR","Jason Vargas","KCR",2017,179.2,2925,0.17724868,"Jason Vargas",8044,450306
2017,"Jaime García","- - -","Jaime García","- - -",2017,157,2430,0.19167905,"Jaime Garcia",8137,448802
2017,"Yovani Gallardo","SEA","Yovani Gallardo","SEA",2017,130.2,2291,0.16262976,"Yovani Gallardo",8173,451596
2017,"JC Ramírez","LAA","JC Ramírez","LAA",2017,147.1,2303,0.16935484,"JC Ramirez",8302,500724
2017,"Justin Verlander","- - -","Justin Verlander","- - -",2017,206,3531,0.25795053,"Justin Verlander",8700,434378
2017,"Tanner Roark","WSN","Tanner Roark","WSN",2017,181.1,3216,0.21391753,"Tanner Roark",8753,543699
2017,"Wade Miley","BAL","Wade Miley","BAL",2017,157.1,3054,0.19505495,"Wade Miley",8779,489119
2017,"Andrew Cashner","TEX","Andrew Cashner","TEX",2017,166.2,2636,0.12215909,"Andrew Cashner",8782,488768
2017,"Patrick Corbin","ARI","Patrick Corbin","ARI",2017,189.2,3084,0.21549637,"Patrick Corbin",9323,571578
2017,"Josh Tomlin","CLE","Josh Tomlin","CLE",2017,141,2088,0.18632479,"Josh Tomlin",9388,458708
2017,"Dallas Keuchel","HOU","Dallas Keuchel","HOU",2017,145.2,2194,0.2140411,"Dallas Keuchel",9434,572971
2017,"Dan Straily","MIA","Dan Straily","MIA",2017,181.2,3085,0.22106632,"Dan Straily",9460,573185
2017,"Kyle Gibson","MIN","Kyle Gibson","MIN",2017,158,2610,0.17460317,"Kyle Gibson",10123,502043
2017,"Mike Leake","- - -","Mike Leake","- - -",2017,186,2779,0.16624041,"Mike Leake",10130,502190
2017,"Stephen Strasburg","WSN","Stephen Strasburg","WSN",2017,175.1,2742,0.29101284,"Stephen Strasburg",10131,544931
2017,"Erasmo Ramírez","- - -","Erasmo Ramírez","- - -",2017,131.1,1998,0.20222635,"Erasmo Ramirez",10314,541640
2017,"Jimmy Nelson","MIL","Jimmy Nelson","MIL",2017,175.1,2752,0.27335165,"Jimmy Nelson",10547,519076
2017,"Chris Sale","BOS","Chris Sale","BOS",2017,214.1,3428,0.36192714,"Chris Sale",10603,519242
2017,"Mike Foltynewicz","ATL","Mike Foltynewicz","ATL",2017,154,2770,0.2066474,"Mike Foltynewicz",10811,592314
2017,"Jacob deGrom","NYM","Jacob deGrom","NYM",2017,201.1,3168,0.28899637,"Jacob deGrom",10954,594798
2017,"Tim Adleman","CIN","Tim Adleman","CIN",2017,122.1,2088,0.20338983,"Tim Adleman",10968,534947
2017,"Jose Quintana","- - -","Jose Quintana","- - -",2017,188.2,3176,0.26202532,"Jose Quintana",11423,500779
2017,"Drew Pomeranz","BOS","Drew Pomeranz","BOS",2017,173.2,3080,0.23513514,"Drew Pomeranz",11426,519141
2017,"Robbie Ray","ARI","Robbie Ray","ARI",2017,162,2715,0.32781955,"Robbie Ray",11486,592662
2017,"Parker Bridwell","LAA","Parker Bridwell","LAA",2017,121,1759,0.14837398,"Parker Bridwell",11502,592170
2017,"José Ureña","MIA","José Ureña","MIA",2017,169.2,2882,0.15607735,"Jose Urena",11589,570632
2017,"Jameson Taillon","PIT","Jameson Taillon","PIT",2017,133.2,2322,0.21294719,"Jameson Taillon",11674,592791
2017,"Carlos Martinez","STL","Carlos Martinez","STL",2017,205,3132,0.25291375,"Carlos Martinez",11682,593372
2017,"James Paxton","SEA","James Paxton","SEA",2017,136,2268,0.2826087,"James Paxton",11828,572020
2017,"Taijuan Walker","ARI","Taijuan Walker","ARI",2017,157.1,2743,0.21345029,"Taijuan Walker",11836,592836
2017,"Kyle Hendricks","CHC","Kyle Hendricks","CHC",2017,139.2,2276,0.21578947,"Kyle Hendricks",12049,543294
2017,"Seth Lugo","NYM","Seth Lugo","NYM",2017,101.1,1641,0.19495413,"Seth Lugo",12447,607625
2017,"Jerad Eickhoff","PHI","Jerad Eickhoff","PHI",2017,128,2133,0.20486111,"Jerad Eickhoff",12664,595191
2017,"Trevor Bauer","CLE","Trevor Bauer","CLE",2017,176.1,3148,0.26168224,"Trevor Bauer",12703,545333
2017,"Nick Martinez","TEX","Nick Martinez","TEX",2017,111.1,1815,0.14016736,"Nick Martinez",12730,607259
2017,"Rafael Montero","NYM","Rafael Montero","NYM",2017,119,2219,0.20727273,"Rafael Montero",12760,606160
2017,"Sonny Gray","- - -","Sonny Gray","- - -",2017,162.1,2664,0.22566372,"Sonny Gray",12768,543243
2017,"Mike Clevinger","CLE","Mike Clevinger","CLE",2017,121.2,2105,0.27290837,"Mike Clevinger",12808,605182
2017,"Dylan Bundy","BAL","Dylan Bundy","BAL",2017,169.2,2819,0.21776504,"Dylan Bundy",12917,605164
2017,"Joe Musgrove","HOU","Joe Musgrove","HOU",2017,109.1,1760,0.21212121,"Joe Musgrove",12970,605397
2017,"Yu Darvish","- - -","Yu Darvish","- - -",2017,186.2,3054,0.27284595,"Yu Darvish",13074,506433
2017,"Gerrit Cole","PIT","Gerrit Cole","PIT",2017,203,3298,0.23085984,"Gerrit Cole",13125,543037
2017,"Eduardo Rodriguez","BOS","Eduardo Rodriguez","BOS",2017,137.1,2462,0.25773196,"Eduardo Rodriguez",13164,593958
2017,"Zach Davies","MIL","Zach Davies","MIL",2017,191.1,3089,0.15177479,"Zach Davies",13183,605200
2017,"Joe Biagini","TOR","Joe Biagini","TOR",2017,119.2,1936,0.18762089,"Joe Biagini",13194,607352
2017,"Michael Fulmer","DET","Michael Fulmer","DET",2017,164.2,2479,0.16863905,"Michael Fulmer",13218,605242
2017,"Marcus Stroman","TOR","Marcus Stroman","TOR",2017,201,3143,0.19664269,"Marcus Stroman",13431,573186
2017,"Daniel Norris","DET","Daniel Norris","DET",2017,101.2,1827,0.18695652,"Daniel Norris",13475,596057
2017,"Blake Snell","TBR","Blake Snell","TBR",2017,129.1,2278,0.21755027,"Blake Snell",13543,605483
2017,"Jharel Cotton","OAK","Jharel Cotton","OAK",2017,129,2173,0.18551237,"Jharel Cotton",13654,605194
2017,"Robert Gsellman","NYM","Robert Gsellman","NYM",2017,119.2,2049,0.14936248,"Robert Gsellman",13696,607229
2017,"Alex Wood","LAD","Alex Wood","LAD",2017,152.1,2260,0.24592834,"Alex Wood",13781,622072
2017,"Michael Wacha","STL","Michael Wacha","STL",2017,165.2,2690,0.2253923,"Michael Wacha",14078,608379
2017,"Kevin Gausman","BAL","Kevin Gausman","BAL",2017,186.2,3357,0.21936275,"Kevin Gausman",14107,592332
2017,"Lance McCullers Jr.","HOU","Lance McCullers Jr.","HOU",2017,118.2,2014,0.2578125,"Lance McCullers Jr.",14120,621121
2017,"José Berríos","MIN","José Berríos","MIN",2017,145.2,2388,0.22564935,"Jose Berrios",14168,621244
2017,"Ty Blach","SFG","Ty Blach","SFG",2017,163.2,2519,0.10549133,"Ty Blach",14361,621389
2017,"Hyun Jin Ryu","LAD","Hyun Jin Ryu","LAD",2017,126.2,2128,0.21441774,"Hyun Jin Ryu",14444,547943
2017,"Adam Conley","MIA","Adam Conley","MIA",2017,102.2,1723,0.15550756,"Adam Conley",14457,543045
2017,"Luis Perdomo","SDP","Luis Perdomo","SDP",2017,163.2,2558,0.16480447,"Luis Perdomo",14682,606131
2017,"Zack Godley","ARI","Zack Godley","ARI",2017,155,2436,0.26315789,"Zack Godley",14862,643327
2017,"Jon Gray","COL","Jon Gray","COL",2017,110.1,1833,0.24295011,"Jon Gray",14916,592351
2017,"Chad Kuhl","PIT","Chad Kuhl","PIT",2017,157.1,2687,0.20882353,"Chad Kuhl",14975,641771
2017,"Germán Márquez","COL","Germán Márquez","COL",2017,162,2661,0.20970043,"German Marquez",15038,608566
2017,"Matthew Boyd","DET","Matthew Boyd","DET",2017,135,2356,0.18181818,"Matthew Boyd",15440,571510
2017,"Nick Pivetta","PHI","Nick Pivetta","PHI",2017,133,2439,0.23972603,"Nick Pivetta",15454,601713
2017,"Antonio Senzatela","COL","Antonio Senzatela","COL",2017,134.2,2217,0.18085106,"Antonio Senzatela",15488,622608
2017,"Kendall Graveman","OAK","Kendall Graveman","OAK",2017,105.1,1675,0.15765766,"Kendall Graveman",15514,608665
2017,"Masahiro Tanaka","NYY","Masahiro Tanaka","NYY",2017,178.1,2810,0.25797872,"Masahiro Tanaka",15764,547888
2017,"Sean Manaea","OAK","Sean Manaea","OAK",2017,158.2,2688,0.20231214,"Sean Manaea",15873,640455
2017,"Luis Severino","NYY","Luis Severino","NYY",2017,193.1,3082,0.29374202,"Luis Severino",15890,622663
2017,"Aaron Nola","PHI","Aaron Nola","PHI",2017,168,2665,0.26551227,"Aaron Nola",16149,605400
2017,"Kyle Freeland","COL","Kyle Freeland","COL",2017,156,2573,0.15552326,"Kyle Freeland",16256,607536
2017,"Jordan Montgomery","NYY","Jordan Montgomery","NYY",2017,155.1,2527,0.22187982,"Jordan Montgomery",16511,656756
2017,"Sean Newcomb","ATL","Sean Newcomb","ATL",2017,100,1831,0.23684211,"Sean Newcomb",16943,656794
2017,"Trevor Williams","PIT","Trevor Williams","PIT",2017,150.1,2423,0.18224299,"Trevor Williams",16977,592866
2017,"Dinelson Lamet","SDP","Dinelson Lamet","SDP",2017,114.1,1941,0.28659794,"Dinelson Lamet",17186,659275
2017,"Aríel Miranda","SEA","Aríel Miranda","SEA",2017,160,2662,0.2020649,"Ariel Miranda",17526,664641
2017,"Kenta Maeda","LAD","Kenta Maeda","LAD",2017,134.1,2181,0.2513465,"Kenta Maeda",18498,628317
2018,"Bartolo Colon","TEX","Bartolo Colon","TEX",2018,146.1,2228,0.12898089,"Bartolo Colon",375,112526
2018,"CC Sabathia","NYY","CC Sabathia","NYY",2018,153,2507,0.21052632,"CC Sabathia",404,282332
2018,"Marco Estrada","TOR","Marco Estrada","TOR",2018,143.2,2500,0.16427432,"Marco Estrada",1118,462136
2018,"Matt Moore","TEX","Matt Moore","TEX",2018,102,1792,0.18259023,"Matt Moore",1890,519043
2018,"Zack Greinke","ARI","Zack Greinke","ARI",2018,207.2,3212,0.23718713,"Zack Greinke",1943,425844
2018,"Iván Nova","PIT","Iván Nova","PIT",2018,161,2529,0.16691069,"Ivan Nova",1994,467100
2018,"Clayton Kershaw","LAD","Clayton Kershaw","LAD",2018,161.1,2364,0.23846154,"Clayton Kershaw",2036,477132
2018,"Corey Kluber","CLE","Corey Kluber","CLE",2018,215,3181,0.26365796,"Corey Kluber",2429,446372
2018,"Lance Lynn","- - -","Lance Lynn","- - -",2018,156.2,2942,0.23,"Lance Lynn",2520,458681
2018,"Jhoulys Chacín","MIL","Jhoulys Chacín","MIL",2018,192.2,3008,0.1959799,"Jhoulys Chacin",2608,468504
2018,"Rick Porcello","BOS","Rick Porcello","BOS",2018,191.1,3096,0.23514851,"Rick Porcello",2717,519144
2018,"Max Scherzer","WSN","Max Scherzer","WSN",2018,220.2,3493,0.34642032,"Max Scherzer",3137,453286
2018,"David Price","BOS","David Price","BOS",2018,176,2716,0.24515235,"David Price",3184,456034
2018,"Francisco Liriano","DET","Francisco Liriano","DET",2018,133.2,2265,0.18771331,"Francisco Liriano",3201,434538
2018,"Aníbal Sánchez","ATL","Aníbal Sánchez","ATL",2018,136.2,2130,0.24412297,"Anibal Sanchez",3284,434671
2018,"Danny Duffy","KCR","Danny Duffy","KCR",2018,155,2785,0.20375723,"Danny Duffy",3542,518633
2018,"Clayton Richard","SDP","Clayton Richard","SDP",2018,158.2,2387,0.15835777,"Clayton Richard",3551,453385
2018,"Héctor Santiago","CHW","Héctor Santiago","CHW",2018,102,1963,0.22391304,"Hector Santiago",4026,502327
2018,"Derek Holland","SFG","Derek Holland","SFG",2018,171.1,2908,0.23246217,"Derek Holland",4141,502706
2018,"Jake Arrieta","PHI","Jake Arrieta","PHI",2018,172.2,2760,0.19060773,"Jake Arrieta",4153,453562
2018,"Tyler Chatwood","CHC","Tyler Chatwood","CHC",2018,103.2,1950,0.17489712,"Tyler Chatwood",4338,543022
2018,"Jordan Zimmermann","DET","Jordan Zimmermann","DET",2018,131.1,2076,0.19964029,"Jordan Zimmermann",4505,519455
2018,"Jason Hammel","KCR","Jason Hammel","KCR",2018,127,2073,0.15780446,"Jason Hammel",4538,434628
2018,"Charlie Morton","HOU","Charlie Morton","HOU",2018,167,2688,0.28920863,"Charlie Morton",4676,450203
2018,"Félix Hernández","SEA","Félix Hernández","SEA",2018,155.2,2565,0.18248175,"Felix Hernandez",4772,433587
2018,"Rich Hill","LAD","Rich Hill","LAD",2018,132.2,2104,0.27422303,"Rich Hill",4806,448179
2018,"Mike Montgomery","CHC","Mike Montgomery","CHC",2018,124,1947,0.16104869,"Mike Montgomery",4869,543557
2018,"Jon Lester","CHC","Jon Lester","CHC",2018,181.2,3121,0.19579501,"Jon Lester",4930,452657
2018,"Cole Hamels","- - -","Cole Hamels","- - -",2018,190.2,3061,0.23325062,"Cole Hamels",4972,430935
2018,"Wade LeBlanc","SEA","Wade LeBlanc","SEA",2018,162,2448,0.19637462,"Wade LeBlanc",5221,453281
2018,"Madison Bumgarner","SFG","Madison Bumgarner","SFG",2018,129.2,2053,0.19782214,"Madison Bumgarner",5524,518516
2018,"Junior Guerra","MIL","Junior Guerra","MIL",2018,141,2306,0.22258592,"Junior Guerra",5702,448855
2018,"Trevor Cahill","OAK","Trevor Cahill","OAK",2018,110,1791,0.22222222,"Trevor Cahill",6249,502239
2018,"Chris Archer","- - -","Chris Archer","- - -",2018,148.1,2505,0.2539185,"Chris Archer",6345,502042
2018,"Jake Odorizzi","MIN","Jake Odorizzi","MIN",2018,164.1,3077,0.2278481,"Jake Odorizzi",6397,543606
2018,"Alex Cobb","BAL","Alex Cobb","BAL",2018,152.1,2437,0.15431165,"Alex Cobb",6562,502171
2018,"Carlos Carrasco","CLE","Carlos Carrasco","CLE",2018,192,2970,0.29464286,"Carlos Carrasco",6632,471911
2018,"Julio Teheran","ATL","Julio Teheran","ATL",2018,175.2,2802,0.22375691,"Julio Teheran",6797,527054
2018,"Chase Anderson","MIL","Chase Anderson","MIL",2018,158,2602,0.19875776,"Chase Anderson",6895,502624
2018,"Ian Kennedy","KCR","Ian Kennedy","KCR",2018,119.2,2060,0.2027027,"Ian Kennedy",6986,453178
2018,"James Shields","CHW","James Shields","CHW",2018,204.2,3306,0.17680827,"James Shields",7059,448306
2018,"J.A. Happ","- - -","J.A. Happ","- - -",2018,177.2,3051,0.2633015,"J.A. Happ",7410,457918
2018,"Gio Gonzalez","- - -","Gio Gonzalez","- - -",2018,171,3022,0.19839142,"Gio Gonzalez",7448,461829
2018,"Mike Fiers","- - -","Mike Fiers","- - -",2018,172,2683,0.19467787,"Mike Fiers",7754,571666
2018,"Tyson Ross","- - -","Tyson Ross","- - -",2018,149.2,2499,0.19242902,"Tyson Ross",7872,475115
2018,"Homer Bailey","CIN","Homer Bailey","CIN",2018,106.1,1789,0.15182186,"Homer Bailey",8362,456701
2018,"Justin Verlander","HOU","Justin Verlander","HOU",2018,214,3427,0.34813926,"Justin Verlander",8700,434378
2018,"Tanner Roark","WSN","Tanner Roark","WSN",2018,180.1,2958,0.19210526,"Tanner Roark",8753,543699
2018,"Andrew Cashner","BAL","Andrew Cashner","BAL",2018,153,2649,0.14537445,"Andrew Cashner",8782,488768
2018,"Nathan Eovaldi","- - -","Nathan Eovaldi","- - -",2018,111,1795,0.22197802,"Nathan Eovaldi",9132,543135
2018,"Patrick Corbin","ARI","Patrick Corbin","ARI",2018,200,3142,0.3075,"Patrick Corbin",9323,571578
2018,"Dallas Keuchel","HOU","Dallas Keuchel","HOU",2018,204.2,3310,0.17505721,"Dallas Keuchel",9434,572971
2018,"Dan Straily","MIA","Dan Straily","MIA",2018,122.1,2136,0.19111969,"Dan Straily",9460,573185
2018,"Miles Mikolas","STL","Miles Mikolas","STL",2018,200.2,3004,0.18069307,"Miles Mikolas",9803,571945
2018,"Mike Minor","TEX","Mike Minor","TEX",2018,157,2552,0.20625,"Mike Minor",10021,501985
2018,"Kyle Gibson","MIN","Kyle Gibson","MIN",2018,196.2,3243,0.21670702,"Kyle Gibson",10123,502043
2018,"Mike Leake","SEA","Mike Leake","SEA",2018,185.2,2798,0.15178571,"Mike Leake",10130,502190
2018,"Stephen Strasburg","WSN","Stephen Strasburg","WSN",2018,130,2161,0.28676471,"Stephen Strasburg",10131,544931
2018,"Tyler Skaggs","LAA","Tyler Skaggs","LAA",2018,125.1,2166,0.24202627,"Tyler Skaggs",10190,572140
2018,"Zack Wheeler","NYM","Zack Wheeler","NYM",2018,182.1,2883,0.2405914,"Zack Wheeler",10310,554430
2018,"Robbie Erlin","SDP","Robbie Erlin","SDP",2018,109,1593,0.20045558,"Robbie Erlin",10354,572362
2018,"Chad Bettis","COL","Chad Bettis","COL",2018,120.1,1926,0.15444015,"Chad Bettis",10587,518452
2018,"Chris Sale","BOS","Chris Sale","BOS",2018,158,2525,0.38411669,"Chris Sale",10603,519242
2018,"Mike Foltynewicz","ATL","Mike Foltynewicz","ATL",2018,183,3041,0.27150538,"Mike Foltynewicz",10811,592314
2018,"Jacob deGrom","NYM","Jacob deGrom","NYM",2018,217,3212,0.32215569,"Jacob deGrom",10954,594798
2018,"Vince Velasquez","PHI","Vince Velasquez","PHI",2018,146.2,2471,0.25555556,"Vince Velasquez",11189,592826
2018,"Jose Quintana","CHC","Jose Quintana","CHC",2018,174.1,2908,0.21380244,"Jose Quintana",11423,500779
2018,"Robbie Ray","ARI","Robbie Ray","ARI",2018,123.2,2287,0.31368821,"Robbie Ray",11486,592662
2018,"Aaron Sanchez","TOR","Aaron Sanchez","TOR",2018,105,1794,0.1814346,"Aaron Sanchez",11490,592717
2018,"José Ureña","MIA","José Ureña","MIA",2018,174,2776,0.18258427,"Jose Urena",11589,570632
2018,"Jameson Taillon","PIT","Jameson Taillon","PIT",2018,191,2960,0.22802548,"Jameson Taillon",11674,592791
2018,"Carlos Martinez","STL","Carlos Martinez","STL",2018,118.2,1974,0.22456814,"Carlos Martinez",11682,593372
2018,"Matt Harvey","- - -","Matt Harvey","- - -",2018,155,2535,0.19758673,"Matt Harvey",11713,518774
2018,"Noah Syndergaard","NYM","Noah Syndergaard","NYM",2018,154.1,2412,0.24068323,"Noah Syndergaard",11762,592789
2018,"James Paxton","SEA","James Paxton","SEA",2018,160.1,2603,0.32248062,"James Paxton",11828,572020
2018,"Kyle Hendricks","CHC","Kyle Hendricks","CHC",2018,199,3051,0.19827586,"Kyle Hendricks",12049,543294
2018,"Seth Lugo","NYM","Seth Lugo","NYM",2018,101.1,1614,0.25121951,"Seth Lugo",12447,607625
2018,"Trevor Bauer","CLE","Trevor Bauer","CLE",2018,175.1,2853,0.30822873,"Trevor Bauer",12703,545333
2018,"Sonny Gray","NYY","Sonny Gray","NYY",2018,130.1,2249,0.21134021,"Sonny Gray",12768,543243
2018,"Sam Gaviglio","TOR","Sam Gaviglio","TOR",2018,123.2,2041,0.19160584,"Sam Gaviglio",12778,543208
2018,"Mike Clevinger","CLE","Mike Clevinger","CLE",2018,200,3265,0.25555556,"Mike Clevinger",12808,605182
2018,"Tyler Anderson","COL","Tyler Anderson","COL",2018,176,2853,0.22252374,"Tyler Anderson",12880,542881
2018,"Dylan Bundy","BAL","Dylan Bundy","BAL",2018,171.2,2844,0.24533333,"Dylan Bundy",12917,605164
2018,"Joe Musgrove","PIT","Joe Musgrove","PIT",2018,115.1,1628,0.20576132,"Joe Musgrove",12970,605397
2018,"Anthony DeSclafani","CIN","Anthony DeSclafani","CIN",2018,115,1792,0.2231405,"Anthony DeSclafani",13050,543101
2018,"Wei-Yin Chen","MIA","Wei-Yin Chen","MIA",2018,133.1,2224,0.19405594,"Wei-Yin Chen",13071,612672
2018,"Gerrit Cole","HOU","Gerrit Cole","HOU",2018,200.1,3257,0.34543179,"Gerrit Cole",13125,543037
2018,"Eduardo Rodriguez","BOS","Eduardo Rodriguez","BOS",2018,129.2,2313,0.26401447,"Eduardo Rodriguez",13164,593958
2018,"Michael Fulmer","DET","Michael Fulmer","DET",2018,132.1,2152,0.19713262,"Michael Fulmer",13218,605242
2018,"Ross Stripling","LAD","Ross Stripling","LAD",2018,122,1999,0.27037773,"Ross Stripling",13273,548389
2018,"Steven Matz","NYM","Steven Matz","NYM",2018,154,2693,0.2324159,"Steven Matz",13361,571927
2018,"Marcus Stroman","TOR","Marcus Stroman","TOR",2018,102.1,1707,0.1714922,"Marcus Stroman",13431,573186
2018,"Blake Snell","TBR","Blake Snell","TBR",2018,180.2,2918,0.31571429,"Blake Snell",13543,605483
2018,"Jakob Junis","KCR","Jakob Junis","KCR",2018,177,2838,0.21635884,"Jakob Junis",13619,596001
2018,"John Gant","STL","John Gant","STL",2018,114,1875,0.19507187,"John Gant",13684,607231
2018,"Sal Romano","CIN","Sal Romano","CIN",2018,145.2,2404,0.16304348,"Sal Romano",13690,607219
2018,"Chris Stratton","SFG","Chris Stratton","SFG",2018,145,2455,0.1792,"Chris Stratton",13761,608717
2018,"Zach Eflin","PHI","Zach Eflin","PHI",2018,128,2040,0.22445255,"Zach Eflin",13774,621107
2018,"Alex Wood","LAD","Alex Wood","LAD",2018,151.2,2443,0.21193093,"Alex Wood",13781,622072
2018,"Brent Suter","MIL","Brent Suter","MIL",2018,101.1,1638,0.19811321,"Brent Suter",13942,608718
2018,"Kevin Gausman","- - -","Kevin Gausman","- - -",2018,183.2,3004,0.19072165,"Kevin Gausman",14107,592332
2018,"Lance McCullers Jr.","HOU","Lance McCullers Jr.","HOU",2018,128.1,2108,0.26944972,"Lance McCullers Jr.",14120,621121
2018,"José Berríos","MIN","José Berríos","MIN",2018,192.1,3068,0.25345044,"Jose Berrios",14168,621244
2018,"Ty Blach","SFG","Ty Blach","SFG",2018,118.2,1879,0.14648438,"Ty Blach",14361,621389
2018,"Tyler Glasnow","- - -","Tyler Glasnow","- - -",2018,111.2,1855,0.29059829,"Tyler Glasnow",14374,607192
2018,"Dereck Rodríguez","SFG","Dereck Rodríguez","SFG",2018,118.1,1863,0.18275154,"Dereck Rodriguez",14509,605446
2018,"Dylan Covey","CHW","Dylan Covey","CHW",2018,121.2,2053,0.16789668,"Dylan Covey",14825,592229
2018,"Zack Godley","ARI","Zack Godley","ARI",2018,178.1,3008,0.23388116,"Zack Godley",14862,643327
2018,"Jon Gray","COL","Jon Gray","COL",2018,172.1,2800,0.24629879,"Jon Gray",14916,592351
2018,"Germán Márquez","COL","Germán Márquez","COL",2018,196,3121,0.28151775,"German Marquez",15038,608566
2018,"Andrew Heaney","LAA","Andrew Heaney","LAA",2018,180,2755,0.24032043,"Andrew Heaney",15423,571760
2018,"Matthew Boyd","DET","Matthew Boyd","DET",2018,170.1,2860,0.22425952,"Matthew Boyd",15440,571510
2018,"Nick Pivetta","PHI","Nick Pivetta","PHI",2018,164,2846,0.27089337,"Nick Pivetta",15454,601713
2018,"Marco Gonzales","SEA","Marco Gonzales","SEA",2018,166.2,2564,0.21137026,"Marco Gonzales",15467,594835
2018,"Lucas Giolito","CHW","Lucas Giolito","CHW",2018,173.1,3007,0.16129032,"Lucas Giolito",15474,608337
2018,"Luis Castillo","CIN","Luis Castillo","CIN",2018,169.2,2778,0.23305085,"Luis Castillo",15689,622491
2018,"Brad Keller","KCR","Brad Keller","KCR",2018,140.1,2234,0.16466552,"Brad Keller",15734,641745
2018,"Masahiro Tanaka","NYY","Masahiro Tanaka","NYY",2018,156,2398,0.2503937,"Masahiro Tanaka",15764,547888
2018,"Sean Manaea","OAK","Sean Manaea","OAK",2018,160.2,2371,0.16513761,"Sean Manaea",15873,640455
2018,"Luis Severino","NYY","Luis Severino","NYY",2018,191.1,3152,0.28205128,"Luis Severino",15890,622663
2018,"David Hess","BAL","David Hess","BAL",2018,103.1,1752,0.16299559,"David Hess",16130,605276
2018,"Carlos Rodón","CHW","Carlos Rodón","CHW",2018,120.2,1966,0.17612524,"Carlos Rodon",16137,607074
2018,"Aaron Nola","PHI","Aaron Nola","PHI",2018,212.1,3212,0.26955475,"Aaron Nola",16149,605400
2018,"Kyle Freeland","COL","Kyle Freeland","COL",2018,202.1,3250,0.2049763,"Kyle Freeland",16256,607536
2018,"Tyler Mahle","CIN","Tyler Mahle","CIN",2018,112,2071,0.21696252,"Tyler Mahle",16358,641816
2018,"Reynaldo López","CHW","Reynaldo López","CHW",2018,188.2,3084,0.18898623,"Reynaldo Lopez",16400,625643
2018,"Ryan Yarbrough","TBR","Ryan Yarbrough","TBR",2018,147.1,2398,0.20382166,"Ryan Yarbrough",16502,642232
2018,"Luke Weaver","STL","Luke Weaver","STL",2018,136.1,2386,0.19868637,"Luke Weaver",16918,596133
2018,"Sean Newcomb","ATL","Sean Newcomb","ATL",2018,164,2921,0.22988506,"Sean Newcomb",16943,656794
2018,"Trevor Williams","PIT","Trevor Williams","PIT",2018,170.2,2723,0.17974322,"Trevor Williams",16977,592866
2018,"Daniel Mengden","OAK","Daniel Mengden","OAK",2018,115.2,1775,0.1512605,"Daniel Mengden",16980,596043
2018,"Jack Flaherty","STL","Jack Flaherty","STL",2018,151,2587,0.29593496,"Jack Flaherty",17479,656427
2018,"Andrew Suárez","SFG","Andrew Suárez","SFG",2018,160.1,2492,0.19548872,"Andrew Suarez",18300,605498
2018,"Jaime Barria","LAA","Jaime Barria","LAA",2018,129.1,2171,0.18249534,"Jaime Barria",18356,642545
2018,"Kenta Maeda","LAD","Kenta Maeda","LAD",2018,125.1,2051,0.28759398,"Kenta Maeda",18498,628317
2018,"Trevor Richards","MIA","Trevor Richards","MIA",2018,126.1,2232,0.23765996,"Trevor Richards",19309,670950
2018,"Eric Lauer","SDP","Eric Lauer","SDP",2018,112,2026,0.1984127,"Eric Lauer",19316,641778
2018,"Joey Lucchesi","SDP","Joey Lucchesi","SDP",2018,130,2158,0.26459854,"Joey Lucchesi",19320,664192
2018,"Walker Buehler","LAD","Walker Buehler","LAD",2018,137.1,2173,0.27911275,"Walker Buehler",19374,621111
2018,"Shane Bieber","CLE","Shane Bieber","CLE",2018,114.2,1805,0.24329897,"Shane Bieber",19427,669456
2019,"CC Sabathia","NYY","CC Sabathia","NYY",2019,107.1,1729,0.22863248,"CC Sabathia",404,282332
2019,"Zack Greinke","- - -","Zack Greinke","- - -",2019,208.2,3113,0.2308642,"Zack Greinke",1943,425844
2019,"Iván Nova","CHW","Iván Nova","CHW",2019,187,3005,0.14143921,"Ivan Nova",1994,467100
2019,"Clayton Kershaw","LAD","Clayton Kershaw","LAD",2019,178.1,2672,0.26770538,"Clayton Kershaw",2036,477132
2019,"Adam Wainwright","STL","Adam Wainwright","STL",2019,171.2,2876,0.20536913,"Adam Wainwright",2233,425794
2019,"Lance Lynn","TEX","Lance Lynn","TEX",2019,208.1,3553,0.28114286,"Lance Lynn",2520,458681
2019,"Jhoulys Chacín","- - -","Jhoulys Chacín","- - -",2019,103.1,1945,0.21489362,"Jhoulys Chacin",2608,468504
2019,"Rick Porcello","BOS","Rick Porcello","BOS",2019,174.1,2960,0.18619792,"Rick Porcello",2717,519144
2019,"Max Scherzer","WSN","Max Scherzer","WSN",2019,172.1,2770,0.35064935,"Max Scherzer",3137,453286
2019,"David Price","BOS","David Price","BOS",2019,107.1,1862,0.27947598,"David Price",3184,456034
2019,"Jeff Samardzija","SFG","Jeff Samardzija","SFG",2019,181.1,3006,0.18918919,"Jeff Samardzija",3254,502188
2019,"Aníbal Sánchez","WSN","Aníbal Sánchez","WSN",2019,166,2690,0.18820225,"Anibal Sanchez",3284,434671
2019,"Danny Duffy","KCR","Danny Duffy","KCR",2019,130.2,2161,0.20720721,"Danny Duffy",3542,518633
2019,"Jake Arrieta","PHI","Jake Arrieta","PHI",2019,135.2,2192,0.18518519,"Jake Arrieta",4153,453562
2019,"Jordan Zimmermann","DET","Jordan Zimmermann","DET",2019,112,1866,0.16269841,"Jordan Zimmermann",4505,519455
2019,"Charlie Morton","TBR","Charlie Morton","TBR",2019,194.2,3139,0.30379747,"Charlie Morton",4676,450203
2019,"Jon Lester","CHC","Jon Lester","CHC",2019,171.2,3043,0.21596859,"Jon Lester",4930,452657
2019,"Cole Hamels","CHC","Cole Hamels","CHC",2019,141.2,2394,0.23176661,"Cole Hamels",4972,430935
2019,"Wade LeBlanc","SEA","Wade LeBlanc","SEA",2019,121.1,1955,0.17293233,"Wade LeBlanc",5221,453281
2019,"Michael Pineda","MIN","Michael Pineda","MIN",2019,146,2278,0.23333333,"Michael Pineda",5372,501381
2019,"Madison Bumgarner","SFG","Madison Bumgarner","SFG",2019,207.2,3244,0.24052133,"Madison Bumgarner",5524,518516
2019,"Trevor Cahill","LAA","Trevor Cahill","LAA",2019,102.1,1788,0.17802198,"Trevor Cahill",6249,502239
2019,"Chris Archer","PIT","Chris Archer","PIT",2019,119.2,2098,0.27186312,"Chris Archer",6345,502042
2019,"Jake Odorizzi","MIN","Jake Odorizzi","MIN",2019,159,2787,0.27051672,"Jake Odorizzi",6397,543606
2019,"Julio Teheran","ATL","Julio Teheran","ATL",2019,174.2,3036,0.21485411,"Julio Teheran",6797,527054
2019,"Chase Anderson","MIL","Chase Anderson","MIL",2019,139,2392,0.20945946,"Chase Anderson",6895,502624
2019,"Martín Pérez","MIN","Martín Pérez","MIN",2019,165.1,2772,0.18317503,"Martin Perez",6902,527048
2019,"J.A. Happ","NYY","J.A. Happ","NYY",2019,161.1,2696,0.20648968,"J.A. Happ",7410,457918
2019,"Jordan Lyles","- - -","Jordan Lyles","- - -",2019,141,2456,0.24373957,"Jordan Lyles",7593,543475
2019,"Tommy Milone","SEA","Tommy Milone","SEA",2019,111.2,1750,0.20750552,"Tommy Milone",7608,543548
2019,"Mike Fiers","OAK","Mike Fiers","OAK",2019,184.2,2899,0.16710875,"Mike Fiers",7754,571666
2019,"Jason Vargas","- - -","Jason Vargas","- - -",2019,149.2,2505,0.19106317,"Jason Vargas",8044,450306
2019,"Brett Anderson","OAK","Brett Anderson","OAK",2019,176,2659,0.12113055,"Brett Anderson",8223,474463
2019,"Homer Bailey","- - -","Homer Bailey","- - -",2019,163.1,2836,0.21408046,"Homer Bailey",8362,456701
2019,"Justin Verlander","HOU","Justin Verlander","HOU",2019,223,3448,0.35419126,"Justin Verlander",8700,434378
2019,"Tanner Roark","- - -","Tanner Roark","- - -",2019,165.1,2992,0.21883657,"Tanner Roark",8753,543699
2019,"Wade Miley","HOU","Wade Miley","HOU",2019,167.1,2968,0.19444444,"Wade Miley",8779,489119
2019,"Andrew Cashner","- - -","Andrew Cashner","- - -",2019,150,2511,0.16981132,"Andrew Cashner",8782,488768
2019,"Patrick Corbin","WSN","Patrick Corbin","WSN",2019,202,3299,0.28502994,"Patrick Corbin",9323,571578
2019,"Dallas Keuchel","ATL","Dallas Keuchel","ATL",2019,112.2,1864,0.18685832,"Dallas Keuchel",9434,572971
2019,"Miles Mikolas","STL","Miles Mikolas","STL",2019,184,2867,0.18848168,"Miles Mikolas",9803,571945
2019,"Mike Minor","TEX","Mike Minor","TEX",2019,208.1,3358,0.23174971,"Mike Minor",10021,501985
2019,"Kyle Gibson","MIN","Kyle Gibson","MIN",2019,160,2764,0.2266289,"Kyle Gibson",10123,502043
2019,"Mike Leake","- - -","Mike Leake","- - -",2019,197,2975,0.15209581,"Mike Leake",10130,502190
2019,"Stephen Strasburg","WSN","Stephen Strasburg","WSN",2019,209,3384,0.29845422,"Stephen Strasburg",10131,544931
2019,"Zack Wheeler","NYM","Zack Wheeler","NYM",2019,195.1,3159,0.23550725,"Zack Wheeler",10310,554430
2019,"Chris Sale","BOS","Chris Sale","BOS",2019,147.1,2466,0.35620915,"Chris Sale",10603,519242
2019,"Mike Foltynewicz","ATL","Mike Foltynewicz","ATL",2019,117,1888,0.21384929,"Mike Foltynewicz",10811,592314
2019,"Jacob deGrom","NYM","Jacob deGrom","NYM",2019,204,3297,0.31716418,"Jacob deGrom",10954,594798
2019,"Merrill Kelly","ARI","Merrill Kelly","ARI",2019,183.1,2962,0.2033462,"Merrill Kelly",11156,518876
2019,"Vince Velasquez","PHI","Vince Velasquez","PHI",2019,117.1,2120,0.25193798,"Vince Velasquez",11189,592826
2019,"Jose Quintana","CHC","Jose Quintana","CHC",2019,171,2826,0.20402685,"Jose Quintana",11423,500779
2019,"Drew Pomeranz","- - -","Drew Pomeranz","- - -",2019,104,1956,0.3010989,"Drew Pomeranz",11426,519141
2019,"Robbie Ray","ARI","Robbie Ray","ARI",2019,174.1,3064,0.3145917,"Robbie Ray",11486,592662
2019,"Aaron Sanchez","- - -","Aaron Sanchez","- - -",2019,131.1,2305,0.19008264,"Aaron Sanchez",11490,592717
2019,"Drew Smyly","- - -","Drew Smyly","- - -",2019,114,2130,0.23346304,"Drew Smyly",11760,592767
2019,"Noah Syndergaard","NYM","Noah Syndergaard","NYM",2019,197.2,3095,0.24484848,"Noah Syndergaard",11762,592789
2019,"James Paxton","NYY","James Paxton","NYY",2019,150.2,2665,0.29383886,"James Paxton",11828,572020
2019,"Kyle Hendricks","CHC","Kyle Hendricks","CHC",2019,177,2698,0.20547945,"Kyle Hendricks",12049,543294
2019,"Aaron Brooks","- - -","Aaron Brooks","- - -",2019,110,1899,0.17012448,"Aaron Brooks",12272,605156
2019,"Chris Bassitt","OAK","Chris Bassitt","OAK",2019,144,2430,0.23039216,"Chris Bassitt",12304,605135
2019,"Trevor Bauer","- - -","Trevor Bauer","- - -",2019,213,3687,0.27771679,"Trevor Bauer",12703,545333
2019,"Adrian Houser","MIL","Adrian Houser","MIL",2019,111.1,1810,0.25324675,"Adrian Houser",12718,605288
2019,"Sonny Gray","CIN","Sonny Gray","CIN",2019,175.1,2909,0.28954802,"Sonny Gray",12768,543243
2019,"Mike Clevinger","CLE","Mike Clevinger","CLE",2019,126,2090,0.33867735,"Mike Clevinger",12808,605182
2019,"Dylan Bundy","BAL","Dylan Bundy","BAL",2019,161.2,2778,0.23142857,"Dylan Bundy",12917,605164
2019,"Gabriel Ynoa","BAL","Gabriel Ynoa","BAL",2019,110.2,1815,0.13958333,"Gabriel Ynoa",12938,593679
2019,"Joe Musgrove","PIT","Joe Musgrove","PIT",2019,170.1,2657,0.21866295,"Joe Musgrove",12970,605397
2019,"Anthony DeSclafani","CIN","Anthony DeSclafani","CIN",2019,166.2,2668,0.23994253,"Anthony DeSclafani",13050,543101
2019,"Yu Darvish","CHC","Yu Darvish","CHC",2019,178.2,2848,0.31326949,"Yu Darvish",13074,506433
2019,"Gerrit Cole","HOU","Gerrit Cole","HOU",2019,212.1,3362,0.39902081,"Gerrit Cole",13125,543037
2019,"Eduardo Rodriguez","BOS","Eduardo Rodriguez","BOS",2019,203.1,3495,0.24796275,"Eduardo Rodriguez",13164,593958
2019,"Zach Davies","MIL","Zach Davies","MIL",2019,159.2,2680,0.15178571,"Zach Davies",13183,605200
2019,"Adrian Sampson","TEX","Adrian Sampson","TEX",2019,125.1,2056,0.17939609,"Adrian Sampson",13339,592716
2019,"Steven Matz","NYM","Steven Matz","NYM",2019,160.1,2702,0.22141823,"Steven Matz",13361,571927
2019,"Marcus Stroman","- - -","Marcus Stroman","- - -",2019,184.1,3047,0.20542636,"Marcus Stroman",13431,573186
2019,"Daniel Norris","DET","Daniel Norris","DET",2019,144.1,2361,0.20491803,"Daniel Norris",13475,596057
2019,"Blake Snell","TBR","Blake Snell","TBR",2019,107,1891,0.33333333,"Blake Snell",13543,605483
2019,"Jakob Junis","KCR","Jakob Junis","KCR",2019,175.1,2926,0.21271077,"Jakob Junis",13619,596001
2019,"Max Fried","ATL","Max Fried","ATL",2019,165.2,2670,0.24643875,"Max Fried",13743,608331
2019,"Zach Eflin","PHI","Zach Eflin","PHI",2019,163.1,2571,0.18297872,"Zach Eflin",13774,621107
2019,"Matt Strahm","SDP","Matt Strahm","SDP",2019,114.2,1789,0.24229979,"Matt Strahm",13799,621381
2019,"Michael Wacha","STL","Michael Wacha","STL",2019,126.2,2199,0.18505338,"Michael Wacha",14078,608379
2019,"Kevin Gausman","- - -","Kevin Gausman","- - -",2019,102.1,1671,0.25277162,"Kevin Gausman",14107,592332
2019,"José Berríos","MIN","José Berríos","MIN",2019,200.1,3132,0.23159145,"Jose Berrios",14168,621244
2019,"Hyun Jin Ryu","LAD","Hyun Jin Ryu","LAD",2019,182.2,2706,0.22544952,"Hyun Jin Ryu",14444,547943
2019,"Jorge López","KCR","Jorge López","KCR",2019,123.2,2060,0.19890511,"Jorge Lopez",14527,605347
2019,"Caleb Smith","MIA","Caleb Smith","MIA",2019,153.1,2661,0.26006192,"Caleb Smith",14875,592761
2019,"Jon Gray","COL","Jon Gray","COL",2019,150,2373,0.23547881,"Jon Gray",14916,592351
2019,"Germán Márquez","COL","Germán Márquez","COL",2019,174,2616,0.24271845,"German Marquez",15038,608566
2019,"Glenn Sparkman","KCR","Glenn Sparkman","KCR",2019,136,2275,0.13366337,"Glenn Sparkman",15200,642098
2019,"Steven Brault","PIT","Steven Brault","PIT",2019,113.1,2001,0.1980198,"Steven Brault",15291,643230
2019,"Matthew Boyd","DET","Matthew Boyd","DET",2019,185.1,3118,0.30203046,"Matthew Boyd",15440,571510
2019,"Marco Gonzales","SEA","Marco Gonzales","SEA",2019,203,3232,0.16974596,"Marco Gonzales",15467,594835
2019,"Lucas Giolito","CHW","Lucas Giolito","CHW",2019,176.2,2814,0.32340426,"Lucas Giolito",15474,608337
2019,"Antonio Senzatela","COL","Antonio Senzatela","COL",2019,124.2,2237,0.13058419,"Antonio Senzatela",15488,622608
2019,"Luis Castillo","CIN","Luis Castillo","CIN",2019,190.2,3158,0.2893726,"Luis Castillo",15689,622491
2019,"Brad Keller","KCR","Brad Keller","KCR",2019,165.1,2711,0.17207334,"Brad Keller",15734,641745
2019,"Masahiro Tanaka","NYY","Masahiro Tanaka","NYY",2019,182,2787,0.19631094,"Masahiro Tanaka",15764,547888
2019,"Adam Plutko","CLE","Adam Plutko","CLE",2019,109.1,1794,0.16883117,"Adam Plutko",15846,592644
2019,"Aaron Nola","PHI","Aaron Nola","PHI",2019,202.1,3332,0.26877934,"Aaron Nola",16149,605400
2019,"Brandon Woodruff","MIL","Brandon Woodruff","MIL",2019,121.2,1979,0.29006085,"Brandon Woodruff",16162,605540
2019,"Spencer Turnbull","DET","Spencer Turnbull","DET",2019,148.1,2661,0.22256098,"Spencer Turnbull",16207,605513
2019,"Kyle Freeland","COL","Kyle Freeland","COL",2019,104.1,1780,0.16701903,"Kyle Freeland",16256,607536
2019,"John Means","BAL","John Means","BAL",2019,155,2681,0.1899529,"John Means",16269,607644
2019,"Tyler Mahle","CIN","Tyler Mahle","CIN",2019,129.2,2211,0.23201439,"Tyler Mahle",16358,641816
2019,"Reynaldo López","CHW","Reynaldo López","CHW",2019,184,3163,0.20889988,"Reynaldo Lopez",16400,625643
2019,"Yonny Chirinos","TBR","Yonny Chirinos","TBR",2019,133.1,1985,0.21509434,"Yonny Chirinos",16401,630023
2019,"Ryan Yarbrough","TBR","Ryan Yarbrough","TBR",2019,141.2,2057,0.20781528,"Ryan Yarbrough",16502,642232
2019,"Trevor Williams","PIT","Trevor Williams","PIT",2019,145.2,2327,0.17767296,"Trevor Williams",16977,592866
2019,"Tyler Beede","SFG","Tyler Beede","SFG",2019,117,2028,0.21606119,"Tyler Beede",16981,595881
2019,"Ariel Jurado","TEX","Ariel Jurado","TEX",2019,122.1,2047,0.14972274,"Ariel Jurado",17030,642558
2019,"Pablo López","MIA","Pablo López","MIA",2019,111.1,1796,0.20255864,"Pablo Lopez",17085,641154
2019,"Domingo Germán","NYY","Domingo Germán","NYY",2019,143,2247,0.25757576,"Domingo German",17149,593334
2019,"Jalen Beeks","TBR","Jalen Beeks","TBR",2019,104.1,1821,0.19181034,"Jalen Beeks",17192,656222
2019,"Jack Flaherty","STL","Jack Flaherty","STL",2019,196.1,3179,0.2992228,"Jack Flaherty",17479,656427
2019,"Trent Thornton","TOR","Trent Thornton","TOR",2019,154.1,2759,0.22008863,"Trent Thornton",17948,663423
2019,"Michael Soroka","ATL","Michael Soroka","ATL",2019,174.2,2557,0.20256776,"Michael Soroka",18383,647336
2019,"Kenta Maeda","LAD","Kenta Maeda","LAD",2019,153.2,2433,0.27083333,"Kenta Maeda",18498,628317
2019,"Sandy Alcantara","MIA","Sandy Alcantara","MIA",2019,197.1,3091,0.18019093,"Sandy Alcantara",18684,645261
2019,"Dakota Hudson","STL","Dakota Hudson","STL",2019,174.2,2848,0.17965654,"Dakota Hudson",19206,641712
2019,"Trevor Richards","- - -","Trevor Richards","- - -",2019,135.1,2290,0.21896552,"Trevor Richards",19309,670950
2019,"Cal Quantrill","SDP","Cal Quantrill","SDP",2019,103,1781,0.20090293,"Cal Quantrill",19312,615698
2019,"Eric Lauer","SDP","Eric Lauer","SDP",2019,149.2,2510,0.21198157,"Eric Lauer",19316,641778
2019,"Joey Lucchesi","SDP","Joey Lucchesi","SDP",2019,163.2,2643,0.2303207,"Joey Lucchesi",19320,664192
2019,"Walker Buehler","LAD","Walker Buehler","LAD",2019,182.1,2838,0.2917232,"Walker Buehler",19374,621111
2019,"Shane Bieber","CLE","Shane Bieber","CLE",2019,214.1,3332,0.30151339,"Shane Bieber",19427,669456
2019,"Zach Plesac","CLE","Zach Plesac","CLE",2019,115.2,1892,0.18526316,"Zach Plesac",19979,668676
2019,"Chris Paddack","SDP","Chris Paddack","SDP",2019,140.2,2280,0.2693662,"Chris Paddack",20099,663978
2019,"Yusei Kikuchi","SEA","Yusei Kikuchi","SEA",2019,161.2,2721,0.16088766,"Yusei Kikuchi",20633,579328
2021,"Zack Greinke","HOU","Zack Greinke","HOU",2021,171,2577,0.17216643,"Zack Greinke",1943,425844
2021,"Clayton Kershaw","LAD","Clayton Kershaw","LAD",2021,121.2,1806,0.29508197,"Clayton Kershaw",2036,477132
2021,"Adam Wainwright","STL","Adam Wainwright","STL",2021,206.1,3068,0.21014493,"Adam Wainwright",2233,425794
2021,"Lance Lynn","CHW","Lance Lynn","CHW",2021,157,2608,0.27457098,"Lance Lynn",2520,458681
2021,"Max Scherzer","- - -","Max Scherzer","- - -",2021,179.1,2821,0.34054834,"Max Scherzer",3137,453286
2021,"Charlie Morton","ATL","Charlie Morton","ATL",2021,185.2,2987,0.28571429,"Charlie Morton",4676,450203
2021,"Rich Hill","- - -","Rich Hill","- - -",2021,158.2,2496,0.2269289,"Rich Hill",4806,448179
2021,"Jon Lester","- - -","Jon Lester","- - -",2021,141.1,2380,0.14513557,"Jon Lester",4930,452657
2021,"Michael Pineda","MIN","Michael Pineda","MIN",2021,109.1,1707,0.19213974,"Michael Pineda",5372,501381
2021,"Madison Bumgarner","ARI","Madison Bumgarner","ARI",2021,146.1,2294,0.20228385,"Madison Bumgarner",5524,518516
2021,"Jake Odorizzi","HOU","Jake Odorizzi","HOU",2021,104.2,1847,0.20634921,"Jake Odorizzi",6397,543606
2021,"Johnny Cueto","SFG","Johnny Cueto","SFG",2021,114.2,1878,0.2,"Johnny Cueto",6893,456501
2021,"Martín Pérez","BOS","Martín Pérez","BOS",2021,114,1860,0.19056974,"Martin Perez",6902,527048
2021,"J.A. Happ","- - -","J.A. Happ","- - -",2021,152.1,2674,0.18181818,"J.A. Happ",7410,457918
2021,"Jordan Lyles","TEX","Jordan Lyles","TEX",2021,180,2964,0.18985696,"Jordan Lyles",7593,543475
2021,"Paolo Espino","WSN","Paolo Espino","WSN",2021,109.2,1735,0.2021978,"Paolo Espino",8246,502179
2021,"Wade Miley","CIN","Wade Miley","CIN",2021,163,2592,0.18115942,"Wade Miley",8779,489119
2021,"Nathan Eovaldi","BOS","Nathan Eovaldi","BOS",2021,182.1,2927,0.2552356,"Nathan Eovaldi",9132,543135
2021,"Patrick Corbin","WSN","Patrick Corbin","WSN",2021,171.2,2750,0.19041278,"Patrick Corbin",9323,571578
2021,"Dallas Keuchel","CHW","Dallas Keuchel","CHW",2021,162,2726,0.13194444,"Dallas Keuchel",9434,572971
2021,"Garrett Richards","BOS","Garrett Richards","BOS",2021,136.2,2331,0.18638574,"Garrett Richards",9784,572070
2021,"Mike Minor","KCR","Mike Minor","KCR",2021,158.2,2621,0.22272048,"Mike Minor",10021,501985
2021,"Kyle Gibson","- - -","Kyle Gibson","- - -",2021,182,2881,0.20557029,"Kyle Gibson",10123,502043
2021,"Zack Wheeler","PHI","Zack Wheeler","PHI",2021,213.1,3205,0.29093051,"Zack Wheeler",10310,554430
2021,"Mike Foltynewicz","TEX","Mike Foltynewicz","TEX",2021,139,2236,0.16552901,"Mike Foltynewicz",10811,592314
2021,"Merrill Kelly","ARI","Merrill Kelly","ARI",2021,158,2425,0.19490255,"Merrill Kelly",11156,518876
2021,"Robbie Ray","TOR","Robbie Ray","TOR",2021,193.1,3141,0.32082794,"Robbie Ray",11486,592662
2021,"José Ureña","DET","José Ureña","DET",2021,100.2,1695,0.14692982,"Jose Urena",11589,570632
2021,"Jameson Taillon","NYY","Jameson Taillon","NYY",2021,144.1,2372,0.23217247,"Jameson Taillon",11674,592791
2021,"Matt Harvey","BAL","Matt Harvey","BAL",2021,127.2,2232,0.16323024,"Matt Harvey",11713,518774
2021,"Drew Smyly","ATL","Drew Smyly","ATL",2021,126.2,2139,0.21428571,"Drew Smyly",11760,592767
2021,"Taijuan Walker","NYM","Taijuan Walker","NYM",2021,159,2547,0.22324159,"Taijuan Walker",11836,592836
2021,"Kyle Hendricks","CHC","Kyle Hendricks","CHC",2021,181,2809,0.16687898,"Kyle Hendricks",12049,543294
2021,"Chris Bassitt","OAK","Chris Bassitt","OAK",2021,157.1,2381,0.24960754,"Chris Bassitt",12304,605135
2021,"Trevor Bauer","LAD","Trevor Bauer","LAD",2021,107.2,1787,0.31712963,"Trevor Bauer",12703,545333
2021,"Adrian Houser","MIL","Adrian Houser","MIL",2021,142.1,2352,0.17529215,"Adrian Houser",12718,605288
2021,"Sonny Gray","CIN","Sonny Gray","CIN",2021,135.1,2228,0.26956522,"Sonny Gray",12768,543243
2021,"Tyler Anderson","- - -","Tyler Anderson","- - -",2021,167,2602,0.19061166,"Tyler Anderson",12880,542881
2021,"Joe Musgrove","SDP","Joe Musgrove","SDP",2021,181.1,2938,0.27139037,"Joe Musgrove",12970,605397
2021,"Joe Ross","WSN","Joe Ross","WSN",2021,108,1700,0.23695652,"Joe Ross",12972,605452
2021,"Anthony DeSclafani","SFG","Anthony DeSclafani","SFG",2021,167.2,2558,0.22485207,"Anthony DeSclafani",13050,543101
2021,"Yu Darvish","SDP","Yu Darvish","SDP",2021,166.1,2769,0.29221733,"Yu Darvish",13074,506433
2021,"Gerrit Cole","NYY","Gerrit Cole","NYY",2021,181.1,2969,0.33471074,"Gerrit Cole",13125,543037
2021,"Eduardo Rodriguez","BOS","Eduardo Rodriguez","BOS",2021,157.2,2721,0.27407407,"Eduardo Rodriguez",13164,593958
2021,"Zach Davies","CHC","Zach Davies","CHC",2021,148,2577,0.17065868,"Zach Davies",13183,605200
2021,"Ross Stripling","TOR","Ross Stripling","TOR",2021,101.1,1686,0.21809745,"Ross Stripling",13273,548389
2021,"Steven Matz","TOR","Steven Matz","TOR",2021,150.2,2557,0.22256569,"Steven Matz",13361,571927
2021,"Marcus Stroman","NYM","Marcus Stroman","NYM",2021,179,2741,0.21643836,"Marcus Stroman",13431,573186
2021,"Blake Snell","SDP","Blake Snell","SDP",2021,128.2,2347,0.30909091,"Blake Snell",13543,605483
2021,"John Gant","- - -","John Gant","- - -",2021,110,1975,0.18737271,"John Gant",13684,607231
2021,"Max Fried","ATL","Max Fried","ATL",2021,165.2,2558,0.23688156,"Max Fried",13743,608331
2021,"Zach Eflin","PHI","Zach Eflin","PHI",2021,105.2,1615,0.2239819,"Zach Eflin",13774,621107
2021,"Alex Wood","SFG","Alex Wood","SFG",2021,138.2,2195,0.25982906,"Alex Wood",13781,622072
2021,"Alec Mills","CHC","Alec Mills","CHC",2021,119,1936,0.16827853,"Alec Mills",13834,621219
2021,"Chris Flexen","SEA","Chris Flexen","SEA",2021,179.2,2811,0.16869096,"Chris Flexen",13896,623167
2021,"Michael Wacha","TBR","Michael Wacha","TBR",2021,124.2,1974,0.22916667,"Michael Wacha",14078,608379
2021,"Kevin Gausman","SFG","Kevin Gausman","SFG",2021,192,3002,0.29290323,"Kevin Gausman",14107,592332
2021,"Lance McCullers Jr.","HOU","Lance McCullers Jr.","HOU",2021,162.1,2788,0.27046784,"Lance McCullers Jr.",14120,621121
2021,"José Berríos","- - -","José Berríos","- - -",2021,192,3043,0.26120359,"Jose Berrios",14168,621244
2021,"Frankie Montas","OAK","Frankie Montas","OAK",2021,187,3028,0.26606684,"Frankie Montas",14309,593423
2021,"Hyun Jin Ryu","TOR","Hyun Jin Ryu","TOR",2021,169,2689,0.20399429,"Hyun Jin Ryu",14444,547943
2021,"Jorge López","BAL","Jorge López","BAL",2021,121.2,2166,0.2018018,"Jorge Lopez",14527,605347
2021,"Chi Chi González","COL","Chi Chi González","COL",2021,101.2,1635,0.125,"Chi Chi Gonzalez",14663,592346
2021,"Julio Urías","LAD","Julio Urías","LAD",2021,185.2,2786,0.26174497,"Julio Urias",14765,628711
2021,"Caleb Smith","ARI","Caleb Smith","ARI",2021,113.2,2067,0.248,"Caleb Smith",14875,592761
2021,"Jon Gray","COL","Jon Gray","COL",2021,149,2537,0.24378882,"Jon Gray",14916,592351
2021,"Germán Márquez","COL","Germán Márquez","COL",2021,180,2788,0.23280423,"German Marquez",15038,608566
2021,"Andrew Heaney","- - -","Andrew Heaney","- - -",2021,129.2,2330,0.2688172,"Andrew Heaney",15423,571760
2021,"Nick Pivetta","BOS","Nick Pivetta","BOS",2021,155,2745,0.26475038,"Nick Pivetta",15454,601713
2021,"Marco Gonzales","SEA","Marco Gonzales","SEA",2021,143.1,2324,0.18461538,"Marco Gonzales",15467,594835
2021,"Lucas Giolito","CHW","Lucas Giolito","CHW",2021,178.2,2970,0.27916667,"Lucas Giolito",15474,608337
2021,"Antonio Senzatela","COL","Antonio Senzatela","COL",2021,156.2,2405,0.15671642,"Antonio Senzatela",15488,622608
2021,"Luis Castillo","CIN","Luis Castillo","CIN",2021,187.2,3164,0.23910336,"Luis Castillo",15689,622491
2021,"Brad Keller","KCR","Brad Keller","KCR",2021,133.2,2348,0.19575856,"Brad Keller",15734,641745
2021,"Sean Manaea","OAK","Sean Manaea","OAK",2021,179.1,2980,0.25729443,"Sean Manaea",15873,640455
2021,"Carlos Rodón","CHW","Carlos Rodón","CHW",2021,132.2,2219,0.34644195,"Carlos Rodon",16137,607074
2021,"Aaron Nola","PHI","Aaron Nola","PHI",2021,180.2,2971,0.29773031,"Aaron Nola",16149,605400
2021,"Brandon Woodruff","MIL","Brandon Woodruff","MIL",2021,179.1,2810,0.2980226,"Brandon Woodruff",16162,605540
2021,"Kyle Freeland","COL","Kyle Freeland","COL",2021,120.2,1886,0.2038835,"Kyle Freeland",16256,607536
2021,"John Means","BAL","John Means","BAL",2021,146.2,2328,0.22711864,"John Means",16269,607644
2021,"Tyler Mahle","CIN","Tyler Mahle","CIN",2021,180,3196,0.27667984,"Tyler Mahle",16358,641816
2021,"Ryan Yarbrough","TBR","Ryan Yarbrough","TBR",2021,155,2488,0.17917305,"Ryan Yarbrough",16502,642232
2021,"Jordan Montgomery","NYY","Jordan Montgomery","NYY",2021,157.1,2570,0.24508321,"Jordan Montgomery",16511,656756
2021,"Austin Gomber","COL","Austin Gomber","COL",2021,115.1,1851,0.23155738,"Austin Gomber",16561,596295
2021,"Pablo López","MIA","Pablo López","MIA",2021,102.2,1669,0.27511962,"Pablo Lopez",17085,641154
2021,"Ranger Suarez","PHI","Ranger Suarez","PHI",2021,106,1614,0.25598086,"Ranger Suarez",17277,624133
2021,"Framber Valdez","HOU","Framber Valdez","HOU",2021,134.2,2090,0.21853147,"Framber Valdez",17295,664285
2021,"Erick Fedde","WSN","Erick Fedde","WSN",2021,133.1,2410,0.21694915,"Erick Fedde",17425,607200
2021,"JT Brubaker","PIT","JT Brubaker","PIT",2021,124.1,1944,0.23977695,"JT Brubaker",17578,664141
2021,"Mitch Keller","PIT","Mitch Keller","PIT",2021,100.2,1858,0.19574468,"Mitch Keller",17594,656605
2021,"Cristian Javier","HOU","Cristian Javier","HOU",2021,101.1,1792,0.30660377,"Cristian Javier",17606,664299
2021,"Tyler Alexander","DET","Tyler Alexander","DET",2021,106.1,1640,0.19290466,"Tyler Alexander",17735,641302
2021,"Adbert Alzolay","CHC","Adbert Alzolay","CHC",2021,125.2,1955,0.24662813,"Adbert Alzolay",17859,640470
2021,"Logan Webb","SFG","Logan Webb","SFG",2021,148.1,2214,0.26510067,"Logan Webb",17995,657277
2021,"Triston McKenzie","CLE","Triston McKenzie","CLE",2021,120,1975,0.27474747,"Triston McKenzie",18000,663474
2021,"Taylor Hearn","TEX","Taylor Hearn","TEX",2021,104.1,1726,0.20861678,"Taylor Hearn",18325,621368
2021,"James Kaprielian","OAK","James Kaprielian","OAK",2021,119.1,2024,0.24501992,"James Kaprielian",18331,621076
2021,"José Urquidy","HOU","José Urquidy","HOU",2021,107,1631,0.21276596,"Jose Urquidy",18413,664353
2021,"Kenta Maeda","MIN","Kenta Maeda","MIN",2021,106.1,1775,0.24944812,"Kenta Maeda",18498,628317
2021,"Dylan Cease","CHW","Dylan Cease","CHW",2021,165.2,2957,0.31920904,"Dylan Cease",18525,656302
2021,"Freddy Peralta","MIL","Freddy Peralta","MIL",2021,144.1,2356,0.3362069,"Freddy Peralta",18679,642547
2021,"Sandy Alcantara","MIA","Sandy Alcantara","MIA",2021,205.2,3095,0.24014337,"Sandy Alcantara",18684,645261
2021,"Kolby Allard","TEX","Kolby Allard","TEX",2021,124.2,2054,0.19475655,"Kolby Allard",18694,663465
2021,"Cole Irvin","OAK","Cole Irvin","OAK",2021,178.1,2682,0.16276042,"Cole Irvin",19244,608344
2021,"Vladimir Gutierrez","CIN","Vladimir Gutierrez","CIN",2021,114,1831,0.17741935,"Vladimir Gutierrez",19278,661269
2021,"Zac Gallen","ARI","Zac Gallen","ARI",2021,121.1,2102,0.26577438,"Zac Gallen",19291,668678
2021,"Cal Quantrill","CLE","Cal Quantrill","CLE",2021,149.2,2357,0.19642857,"Cal Quantrill",19312,615698
2021,"Eric Lauer","MIL","Eric Lauer","MIL",2021,118.2,1956,0.2392638,"Eric Lauer",19316,641778
2021,"Corbin Burnes","MIL","Corbin Burnes","MIL",2021,167,2594,0.35616438,"Corbin Burnes",19361,669203
2021,"Walker Buehler","LAD","Walker Buehler","LAD",2021,207.2,3152,0.2601227,"Walker Buehler",19374,621111
2021,"Dane Dunning","TEX","Dane Dunning","TEX",2021,117.2,1909,0.22309198,"Dane Dunning",19409,641540
2021,"Aaron Civale","CLE","Aaron Civale","CLE",2021,124.1,1909,0.19879518,"Aaron Civale",19479,650644
2021,"Shohei Ohtani","LAA","Shohei Ohtani","LAA",2021,130.1,2027,0.29268293,"Shohei Ohtani",19755,660271
2021,"Wil Crowe","PIT","Wil Crowe","PIT",2021,116.2,2171,0.21183206,"Wil Crowe",19800,640444
2021,"Ian Anderson","ATL","Ian Anderson","ATL",2021,128.1,2175,0.2317757,"Ian Anderson",19951,666120
2021,"Zach Plesac","CLE","Zach Plesac","CLE",2021,142.2,2205,0.16722408,"Zach Plesac",19979,668676
2021,"Chris Paddack","SDP","Chris Paddack","SDP",2021,108.1,1869,0.21568627,"Chris Paddack",20099,663978
2021,"Josh Fleming","TBR","Josh Fleming","TBR",2021,104.1,1629,0.14508929,"Josh Fleming",20418,676596
2021,"Casey Mize","DET","Casey Mize","DET",2021,150.1,2357,0.19281046,"Casey Mize",20492,663554
2021,"Yusei Kikuchi","SEA","Yusei Kikuchi","SEA",2021,157,2562,0.24474474,"Yusei Kikuchi",20633,579328
2021,"Kris Bubic","KCR","Kris Bubic","KCR",2021,130,2202,0.20503597,"Kris Bubic",21455,663460
2021,"Shane McClanahan","TBR","Shane McClanahan","TBR",2021,123.1,1954,0.27272727,"Shane McClanahan",21483,663556
2021,"Logan Gilbert","SEA","Logan Gilbert","SEA",2021,119.1,2125,0.25447316,"Logan Gilbert",22250,669302
2021,"Tarik Skubal","DET","Tarik Skubal","DET",2021,149.1,2547,0.25867508,"Tarik Skubal",22267,669373
2021,"Trevor Rogers","MIA","Trevor Rogers","MIA",2021,133,2169,0.28545455,"Trevor Rogers",22286,669432
2021,"Luis Garcia","HOU","Luis Garcia","HOU",2021,155.1,2502,0.26382306,"Luis Garcia",23735,677651
2021,"Brady Singer","KCR","Brady Singer","KCR",2021,128.1,2287,0.22354949,"Brady Singer",25377,663903
2021,"Alek Manoah","TOR","Alek Manoah","TOR",2021,111.2,1845,0.27668845,"Alek Manoah",26410,666201
2021,"Kwang Hyun Kim","STL","Kwang Hyun Kim","STL",2021,106.2,1784,0.17699115,"Kwang Hyun Kim",27458,547942
2022,"Zack Greinke","KCR","Zack Greinke","KCR",2022,137,2272,0.12478632,"Zack Greinke",1943,425844
2022,"Clayton Kershaw","LAD","Clayton Kershaw","LAD",2022,126.1,1842,0.27789047,"Clayton Kershaw",2036,477132
2022,"Adam Wainwright","STL","Adam Wainwright","STL",2022,191.2,3133,0.17808219,"Adam Wainwright",2233,425794
2022,"Corey Kluber","TBR","Corey Kluber","TBR",2022,164,2454,0.20174165,"Corey Kluber",2429,446372
2022,"Lance Lynn","CHW","Lance Lynn","CHW",2022,121.2,2022,0.2421875,"Lance Lynn",2520,458681
2022,"Max Scherzer","NYM","Max Scherzer","NYM",2022,145.1,2167,0.30619469,"Max Scherzer",3137,453286
2022,"Charlie Morton","ATL","Charlie Morton","ATL",2022,172,2903,0.28159341,"Charlie Morton",4676,450203
2022,"Rich Hill","BOS","Rich Hill","BOS",2022,124.1,1990,0.20722433,"Rich Hill",4806,448179
2022,"Madison Bumgarner","ARI","Madison Bumgarner","ARI",2022,158.2,2715,0.16045845,"Madison Bumgarner",5524,518516
2022,"Chris Archer","MIN","Chris Archer","MIN",2022,102.2,1787,0.19221968,"Chris Archer",6345,502042
2022,"Jake Odorizzi","- - -","Jake Odorizzi","- - -",2022,106.1,1798,0.18984547,"Jake Odorizzi",6397,543606
2022,"Alex Cobb","SFG","Alex Cobb","SFG",2022,149.2,2418,0.23930269,"Alex Cobb",6562,502171
2022,"Carlos Carrasco","NYM","Carlos Carrasco","NYM",2022,152,2412,0.23565891,"Carlos Carrasco",6632,471911
2022,"Johnny Cueto","CHW","Johnny Cueto","CHW",2022,158.1,2372,0.15668203,"Johnny Cueto",6893,456501
2022,"Martín Pérez","TEX","Martín Pérez","TEX",2022,196.1,2979,0.20584653,"Martin Perez",6902,527048
2022,"Jordan Lyles","BAL","Jordan Lyles","BAL",2022,179,2988,0.18604651,"Jordan Lyles",7593,543475
2022,"Paolo Espino","WSN","Paolo Espino","WSN",2022,113.1,1873,0.1889117,"Paolo Espino",8246,502179
2022,"Justin Verlander","HOU","Justin Verlander","HOU",2022,175,2607,0.27777778,"Justin Verlander",8700,434378
2022,"Nathan Eovaldi","BOS","Nathan Eovaldi","BOS",2022,109.1,1739,0.22391304,"Nathan Eovaldi",9132,543135
2022,"Patrick Corbin","WSN","Patrick Corbin","WSN",2022,152.2,2623,0.17952314,"Patrick Corbin",9323,571578
2022,"Miles Mikolas","STL","Miles Mikolas","STL",2022,202.1,3152,0.19006211,"Miles Mikolas",9803,571945
2022,"Kyle Gibson","PHI","Kyle Gibson","PHI",2022,167.2,2739,0.2005571,"Kyle Gibson",10123,502043
2022,"Zack Wheeler","PHI","Zack Wheeler","PHI",2022,153,2358,0.26853377,"Zack Wheeler",10310,554430
2022,"Drew Hutchison","DET","Drew Hutchison","DET",2022,105.1,1759,0.14655172,"Drew Hutchison",10732,571800
2022,"Merrill Kelly","ARI","Merrill Kelly","ARI",2022,200.1,3071,0.22014925,"Merrill Kelly",11156,518876
2022,"Jose Quintana","- - -","Jose Quintana","- - -",2022,165.2,2724,0.2017673,"Jose Quintana",11423,500779
2022,"Robbie Ray","SEA","Robbie Ray","SEA",2022,189,3047,0.27354839,"Robbie Ray",11486,592662
2022,"Jameson Taillon","NYY","Jameson Taillon","NYY",2022,177.1,2805,0.20741758,"Jameson Taillon",11674,592791
2022,"Drew Smyly","CHC","Drew Smyly","CHC",2022,106.1,1814,0.20357942,"Drew Smyly",11760,592767
2022,"Noah Syndergaard","- - -","Noah Syndergaard","- - -",2022,134.2,2026,0.16814159,"Noah Syndergaard",11762,592789
2022,"Taijuan Walker","NYM","Taijuan Walker","NYM",2022,157.1,2500,0.20338983,"Taijuan Walker",11836,592836
2022,"Chris Bassitt","NYM","Chris Bassitt","NYM",2022,181.2,2886,0.22416107,"Chris Bassitt",12304,605135
2022,"Adrian Houser","MIL","Adrian Houser","MIL",2022,102.2,1848,0.15164835,"Adrian Houser",12718,605288
2022,"Nick Martinez","SDP","Nick Martinez","SDP",2022,106.1,1720,0.21205357,"Nick Martinez",12730,607259
2022,"Sonny Gray","MIN","Sonny Gray","MIN",2022,119.2,1872,0.2397541,"Sonny Gray",12768,543243
2022,"Mike Clevinger","SDP","Mike Clevinger","SDP",2022,114.1,1931,0.18762887,"Mike Clevinger",12808,605182
2022,"Tyler Anderson","LAD","Tyler Anderson","LAD",2022,178.2,2576,0.19519095,"Tyler Anderson",12880,542881
2022,"Dylan Bundy","MIN","Dylan Bundy","MIN",2022,140,2180,0.15798319,"Dylan Bundy",12917,605164
2022,"Joe Musgrove","SDP","Joe Musgrove","SDP",2022,181,2835,0.24864865,"Joe Musgrove",12970,605397
2022,"Yu Darvish","SDP","Yu Darvish","SDP",2022,194.2,2971,0.25551232,"Yu Darvish",13074,506433
2022,"Gerrit Cole","NYY","Gerrit Cole","NYY",2022,200.2,3274,0.32408575,"Gerrit Cole",13125,543037
2022,"Zach Davies","ARI","Zach Davies","ARI",2022,134.1,2292,0.17894737,"Zach Davies",13183,605200
2022,"Ross Stripling","TOR","Ross Stripling","TOR",2022,134.1,2033,0.20708955,"Ross Stripling",13273,548389
2022,"Adrian Sampson","CHC","Adrian Sampson","CHC",2022,104.1,1694,0.17056075,"Adrian Sampson",13339,592716
2022,"Marcus Stroman","CHC","Marcus Stroman","CHC",2022,138.2,2181,0.20913884,"Marcus Stroman",13431,573186
2022,"Blake Snell","SDP","Blake Snell","SDP",2022,128,2341,0.31962617,"Blake Snell",13543,605483
2022,"Jakob Junis","SFG","Jakob Junis","SFG",2022,112,1802,0.20502092,"Jakob Junis",13619,596001
2022,"Max Fried","ATL","Max Fried","ATL",2022,185.1,2818,0.2319236,"Max Fried",13743,608331
2022,"Alex Wood","SFG","Alex Wood","SFG",2022,130.2,2239,0.23603604,"Alex Wood",13781,622072
2022,"Chris Flexen","SEA","Chris Flexen","SEA",2022,137.2,2204,0.16101695,"Chris Flexen",13896,623167
2022,"Michael Wacha","BOS","Michael Wacha","BOS",2022,127.1,1949,0.20194175,"Michael Wacha",14078,608379
2022,"Kevin Gausman","TOR","Kevin Gausman","TOR",2022,174.2,2783,0.28275862,"Kevin Gausman",14107,592332
2022,"José Berríos","TOR","José Berríos","TOR",2022,172,2721,0.19787517,"Jose Berrios",14168,621244
2022,"Frankie Montas","- - -","Frankie Montas","- - -",2022,144.1,2327,0.23355263,"Frankie Montas",14309,593423
2022,"Paul Blackburn","OAK","Paul Blackburn","OAK",2022,111.1,1762,0.19057816,"Paul Blackburn",14739,621112
2022,"Julio Urías","LAD","Julio Urías","LAD",2022,175,2622,0.24092888,"Julio Urias",14765,628711
2022,"Jon Gray","TEX","Jon Gray","TEX",2022,127.1,2062,0.2571977,"Jon Gray",14916,592351
2022,"Chad Kuhl","COL","Chad Kuhl","COL",2022,137,2375,0.17828201,"Chad Kuhl",14975,641771
2022,"Germán Márquez","COL","Germán Márquez","COL",2022,181.2,2839,0.19255456,"German Marquez",15038,608566
2022,"Austin Voth","- - -","Austin Voth","- - -",2022,101.2,1762,0.20361991,"Austin Voth",15047,608723
2022,"Nick Pivetta","BOS","Nick Pivetta","BOS",2022,179.2,3082,0.22639069,"Nick Pivetta",15454,601713
2022,"Marco Gonzales","SEA","Marco Gonzales","SEA",2022,183,2838,0.13154534,"Marco Gonzales",15467,594835
2022,"Lucas Giolito","CHW","Lucas Giolito","CHW",2022,161.2,2753,0.25358166,"Lucas Giolito",15474,608337
2022,"Luis Castillo","- - -","Luis Castillo","- - -",2022,150.1,2506,0.27154472,"Luis Castillo",15689,622491
2022,"Brad Keller","KCR","Brad Keller","KCR",2022,139.2,2275,0.16531605,"Brad Keller",15734,641745
2022,"Sean Manaea","SDP","Sean Manaea","SDP",2022,158,2482,0.23248882,"Sean Manaea",15873,640455
2022,"Luis Severino","NYY","Luis Severino","NYY",2022,102,1639,0.27654321,"Luis Severino",15890,622663
2022,"Zach Thompson","PIT","Zach Thompson","PIT",2022,121.2,2080,0.16574586,"Zach Thompson",16094,605507
2022,"Carlos Rodón","SFG","Carlos Rodón","SFG",2022,178,2985,0.33380282,"Carlos Rodon",16137,607074
2022,"Aaron Nola","PHI","Aaron Nola","PHI",2022,205,3039,0.29120198,"Aaron Nola",16149,605400
2022,"Brandon Woodruff","MIL","Brandon Woodruff","MIL",2022,153.1,2538,0.30645161,"Brandon Woodruff",16162,605540
2022,"Kyle Freeland","COL","Kyle Freeland","COL",2022,174.2,2839,0.17101828,"Kyle Freeland",16256,607536
2022,"Tyler Mahle","- - -","Tyler Mahle","- - -",2022,120.2,2101,0.25049702,"Tyler Mahle",16358,641816
2022,"Jordan Montgomery","- - -","Jordan Montgomery","- - -",2022,178.1,2715,0.21823204,"Jordan Montgomery",16511,656756
2022,"Austin Gomber","COL","Austin Gomber","COL",2022,124.2,2059,0.17958412,"Austin Gomber",16561,596295
2022,"Pablo López","MIA","Pablo López","MIA",2022,180,2910,0.23641304,"Pablo Lopez",17085,641154
2022,"Ranger Suarez","PHI","Ranger Suarez","PHI",2022,155.1,2564,0.19486405,"Ranger Suarez",17277,624133
2022,"Michael Kopech","CHW","Michael Kopech","CHW",2022,119.1,2011,0.21255061,"Michael Kopech",17282,656629
2022,"Framber Valdez","HOU","Framber Valdez","HOU",2022,201.1,3018,0.23458283,"Framber Valdez",17295,664285
2022,"Justin Steele","CHC","Justin Steele","CHC",2022,119,2032,0.24609375,"Justin Steele",17312,657006
2022,"Erick Fedde","WSN","Erick Fedde","WSN",2022,127,2420,0.16404887,"Erick Fedde",17425,607200
2022,"Spenser Watkins","BAL","Spenser Watkins","BAL",2022,105.1,1642,0.1372549,"Spenser Watkins",17489,657093
2022,"JT Brubaker","PIT","JT Brubaker","PIT",2022,144,2382,0.22755418,"JT Brubaker",17578,664141
2022,"Mitch Keller","PIT","Mitch Keller","PIT",2022,159,2661,0.20087336,"Mitch Keller",17594,656605
2022,"Cristian Javier","HOU","Cristian Javier","HOU",2022,148.2,2554,0.33162393,"Cristian Javier",17606,664299
2022,"Jeffrey Springs","TBR","Jeffrey Springs","TBR",2022,135.1,2149,0.26229508,"Jeffrey Springs",17677,605488
2022,"Tyler Alexander","DET","Tyler Alexander","DET",2022,101,1591,0.14285714,"Tyler Alexander",17735,641302
2022,"Nestor Cortes","NYY","Nestor Cortes","NYY",2022,158.1,2465,0.26504065,"Nestor Cortes",17874,641482
2022,"Logan Webb","SFG","Logan Webb","SFG",2022,192.1,3006,0.20711563,"Logan Webb",17995,657277
2022,"Triston McKenzie","CLE","Triston McKenzie","CLE",2022,191.1,2807,0.25641026,"Triston McKenzie",18000,663474
2022,"Taylor Hearn","TEX","Taylor Hearn","TEX",2022,100,1787,0.21603563,"Taylor Hearn",18325,621368
2022,"James Kaprielian","OAK","James Kaprielian","OAK",2022,134,2230,0.16984402,"James Kaprielian",18331,621076
2022,"José Urquidy","HOU","José Urquidy","HOU",2022,164.1,2640,0.19676946,"Jose Urquidy",18413,664353
2022,"Dylan Cease","CHW","Dylan Cease","CHW",2022,184,3120,0.3038822,"Dylan Cease",18525,656302
2022,"Sandy Alcantara","MIA","Sandy Alcantara","MIA",2022,228.2,3248,0.23363431,"Sandy Alcantara",18684,645261
2022,"Dakota Hudson","STL","Dakota Hudson","STL",2022,139.2,2253,0.13087248,"Dakota Hudson",19206,641712
2022,"Cole Irvin","OAK","Cole Irvin","OAK",2022,181,2610,0.17273954,"Cole Irvin",19244,608344
2022,"Zac Gallen","ARI","Zac Gallen","ARI",2022,184,2935,0.26890756,"Zac Gallen",19291,668678
2022,"Cal Quantrill","CLE","Cal Quantrill","CLE",2022,186.1,2920,0.16623377,"Cal Quantrill",19312,615698
2022,"Eric Lauer","MIL","Eric Lauer","MIL",2022,158.2,2676,0.23751891,"Eric Lauer",19316,641778
2022,"Dean Kremer","BAL","Dean Kremer","BAL",2022,125.1,1947,0.16992188,"Dean Kremer",19350,665152
2022,"Corbin Burnes","MIL","Corbin Burnes","MIL",2022,202,3274,0.30489335,"Corbin Burnes",19361,669203
2022,"Tony Gonsolin","LAD","Tony Gonsolin","LAD",2022,130.1,2015,0.23895582,"Tony Gonsolin",19388,664062
2022,"Dane Dunning","TEX","Dane Dunning","TEX",2022,153.1,2548,0.20417288,"Dane Dunning",19409,641540
2022,"Shane Bieber","CLE","Shane Bieber","CLE",2022,200,2875,0.25031606,"Shane Bieber",19427,669456
2022,"Patrick Sandoval","LAA","Patrick Sandoval","LAA",2022,148.2,2455,0.23667712,"Patrick Sandoval",19447,663776
2022,"Kyle Wright","ATL","Kyle Wright","ATL",2022,180.1,2697,0.23577236,"Kyle Wright",19665,657140
2022,"Shohei Ohtani","LAA","Shohei Ohtani","LAA",2022,166,2629,0.33181818,"Shohei Ohtani",19755,660271
2022,"Keegan Thompson","CHC","Keegan Thompson","CHC",2022,115,1878,0.22268041,"Keegan Thompson",19795,624522
2022,"José Suarez","LAA","José Suarez","LAA",2022,109,1783,0.22294372,"Jose Suarez",19911,660761
2022,"Ian Anderson","ATL","Ian Anderson","ATL",2022,111.2,2005,0.19675456,"Ian Anderson",19951,666120
2022,"Jesús Luzardo","MIA","Jesús Luzardo","MIA",2022,100.1,1644,0.3,"Jesus Luzardo",19959,666200
2022,"Zach Plesac","CLE","Zach Plesac","CLE",2022,131.2,2153,0.17605634,"Zach Plesac",19979,668676
2022,"Bryse Wilson","PIT","Bryse Wilson","PIT",2022,115.2,1823,0.15520629,"Bryse Wilson",19990,669060
2022,"Tyler Wells","BAL","Tyler Wells","BAL",2022,103.2,1649,0.17966903,"Tyler Wells",20000,669330
2022,"David Peterson","NYM","David Peterson","NYM",2022,105.2,1889,0.27753304,"David Peterson",20302,656849
2022,"Yusei Kikuchi","TOR","Yusei Kikuchi","TOR",2022,100.2,1844,0.27312775,"Yusei Kikuchi",20633,579328
2022,"Glenn Otto Jr.","TEX","Glenn Otto Jr.","TEX",2022,135.2,2229,0.18228279,"Glenn Otto Jr.",21366,657248
2022,"Joe Ryan","MIN","Joe Ryan","MIN",2022,147,2391,0.25,"Joe Ryan",21390,657746
2022,"Kris Bubic","KCR","Kris Bubic","KCR",2022,129,2262,0.18739353,"Kris Bubic",21455,663460
2022,"Shane McClanahan","TBR","Shane McClanahan","TBR",2022,166.1,2463,0.30265211,"Shane McClanahan",21483,663556
2022,"Daniel Lynch IV","KCR","Daniel Lynch IV","KCR",2022,131.2,2435,0.20333333,"Daniel Lynch IV",21537,663738
2022,"Hunter Greene","CIN","Hunter Greene","CIN",2022,125.2,2200,0.30885122,"Hunter Greene",22182,668881
2022,"Jonathan Heasley","KCR","Jonathan Heasley","KCR",2022,104,1796,0.15053763,"Jonathan Heasley",22224,669169
2022,"Logan Gilbert","SEA","Logan Gilbert","SEA",2022,185.2,3015,0.22715405,"Logan Gilbert",22250,669302
2022,"Tarik Skubal","DET","Tarik Skubal","DET",2022,117.2,1914,0.24528302,"Tarik Skubal",22267,669373
2022,"Trevor Rogers","MIA","Trevor Rogers","MIA",2022,107,1940,0.22222222,"Trevor Rogers",22286,669432
2022,"Aaron Ashby","MIL","Aaron Ashby","MIL",2022,107.1,1878,0.26526316,"Aaron Ashby",23550,676879
2022,"Luis Garcia","HOU","Luis Garcia","HOU",2022,157.1,2468,0.24416796,"Luis Garcia",23735,677651
2022,"Josiah Gray","WSN","Josiah Gray","WSN",2022,148.2,2597,0.23728814,"Josiah Gray",24580,680686
2022,"Kyle Bradish","BAL","Kyle Bradish","BAL",2022,117.2,1993,0.21807466,"Kyle Bradish",24586,680694
2022,"Brady Singer","KCR","Brady Singer","KCR",2022,153.1,2376,0.24154589,"Brady Singer",25377,663903
2022,"Drew Rasmussen","TBR","Drew Rasmussen","TBR",2022,146,2239,0.2140411,"Drew Rasmussen",25385,656876
2022,"George Kirby","SEA","George Kirby","SEA",2022,130,2092,0.24538745,"George Kirby",25436,669923
2022,"Andre Pallante","STL","Andre Pallante","STL",2022,108,1753,0.15973742,"Andre Pallante",26108,669467
2022,"Nick Lodolo","CIN","Nick Lodolo","CIN",2022,103.1,1779,0.29705215,"Nick Lodolo",26378,666157
2022,"Alek Manoah","TOR","Alek Manoah","TOR",2022,196.2,2949,0.22900763,"Alek Manoah",26410,666201
2022,"Reid Detmers","LAA","Reid Detmers","LAA",2022,129,2181,0.22634508,"Reid Detmers",27468,672282
2022,"Spencer Strider","ATL","Spencer Strider","ATL",2022,131.2,2277,0.38257576,"Spencer Strider",27498,675911
2022,"Graham Ashcraft","CIN","Graham Ashcraft","CIN",2022,105,1756,0.15301724,"Graham Ashcraft",27552,668933
2023,"Zack Greinke","KCR","Zack Greinke","KCR",2023,142.1,2221,0.16357504,"Zack Greinke",1943,425844
2023,"Clayton Kershaw","LAD","Clayton Kershaw","LAD",2023,131.2,2029,0.26195029,"Clayton Kershaw",2036,477132
2023,"Adam Wainwright","STL","Adam Wainwright","STL",2023,101,1792,0.11363636,"Adam Wainwright",2233,425794
2023,"Lance Lynn","- - -","Lance Lynn","- - -",2023,183.2,3170,0.23638614,"Lance Lynn",2520,458681
2023,"Max Scherzer","- - -","Max Scherzer","- - -",2023,152.2,2469,0.28019324,"Max Scherzer",3137,453286
2023,"Charlie Morton","ATL","Charlie Morton","ATL",2023,163.1,2853,0.25558659,"Charlie Morton",4676,450203
2023,"Rich Hill","- - -","Rich Hill","- - -",2023,146.1,2536,0.19545455,"Rich Hill",4806,448179
2023,"Alex Cobb","SFG","Alex Cobb","SFG",2023,151.1,2509,0.20278638,"Alex Cobb",6562,502171
2023,"Martín Pérez","TEX","Martín Pérez","TEX",2023,141.2,2226,0.15296053,"Martin Perez",6902,527048
2023,"Jordan Lyles","KCR","Jordan Lyles","KCR",2023,177.2,2821,0.16042781,"Jordan Lyles",7593,543475
2023,"Justin Verlander","- - -","Justin Verlander","- - -",2023,162.1,2605,0.21524664,"Justin Verlander",8700,434378
2023,"Wade Miley","MIL","Wade Miley","MIL",2023,120.1,1876,0.16122449,"Wade Miley",8779,489119
2023,"Nathan Eovaldi","TEX","Nathan Eovaldi","TEX",2023,144,2235,0.2287695,"Nathan Eovaldi",9132,543135
2023,"Patrick Corbin","WSN","Patrick Corbin","WSN",2023,180,2925,0.15696203,"Patrick Corbin",9323,571578
2023,"Miles Mikolas","STL","Miles Mikolas","STL",2023,201.1,3198,0.15930233,"Miles Mikolas",9803,571945
2023,"Kyle Gibson","BAL","Kyle Gibson","BAL",2023,192,3039,0.19454771,"Kyle Gibson",10123,502043
2023,"Zack Wheeler","PHI","Zack Wheeler","PHI",2023,192,3158,0.26937738,"Zack Wheeler",10310,554430
2023,"Chris Sale","BOS","Chris Sale","BOS",2023,102.2,1672,0.29411765,"Chris Sale",10603,519242
2023,"Merrill Kelly","ARI","Merrill Kelly","ARI",2023,177.2,2810,0.25900277,"Merrill Kelly",11156,518876
2023,"Jameson Taillon","CHC","Jameson Taillon","CHC",2023,154.1,2534,0.21374046,"Jameson Taillon",11674,592791
2023,"Drew Smyly","CHC","Drew Smyly","CHC",2023,142.1,2406,0.22523962,"Drew Smyly",11760,592767
2023,"Taijuan Walker","PHI","Taijuan Walker","PHI",2023,172.2,2839,0.18826739,"Taijuan Walker",11836,592836
2023,"Kyle Hendricks","CHC","Kyle Hendricks","CHC",2023,137,2112,0.16089965,"Kyle Hendricks",12049,543294
2023,"Chris Bassitt","TOR","Chris Bassitt","TOR",2023,200,3152,0.2251816,"Chris Bassitt",12304,605135
2023,"Colin Rea","MIL","Colin Rea","MIL",2023,124.2,2021,0.21276596,"Colin Rea",12317,607067
2023,"Seth Lugo","SDP","Seth Lugo","SDP",2023,146.1,2378,0.23178808,"Seth Lugo",12447,607625
2023,"Adrian Houser","MIL","Adrian Houser","MIL",2023,111.1,1859,0.1995842,"Adrian Houser",12718,605288
2023,"Nick Martinez","SDP","Nick Martinez","SDP",2023,110.1,1753,0.22993492,"Nick Martinez",12730,607259
2023,"Sonny Gray","MIN","Sonny Gray","MIN",2023,184,2827,0.24270557,"Sonny Gray",12768,543243
2023,"Mike Clevinger","CHW","Mike Clevinger","CHW",2023,131.1,2105,0.2003643,"Mike Clevinger",12808,605182
2023,"Tyler Anderson","LAA","Tyler Anderson","LAA",2023,141,2431,0.18918919,"Tyler Anderson",12880,542881
2023,"Yu Darvish","SDP","Yu Darvish","SDP",2023,136.1,2219,0.2456446,"Yu Darvish",13074,506433
2023,"Gerrit Cole","NYY","Gerrit Cole","NYY",2023,209,3286,0.27040195,"Gerrit Cole",13125,543037
2023,"Eduardo Rodriguez","DET","Eduardo Rodriguez","DET",2023,152.2,2449,0.23027375,"Eduardo Rodriguez",13164,593958
2023,"Steven Matz","STL","Steven Matz","STL",2023,105,1867,0.21826281,"Steven Matz",13361,571927
2023,"Marcus Stroman","CHC","Marcus Stroman","CHC",2023,136.2,2208,0.20695652,"Marcus Stroman",13431,573186
2023,"Blake Snell","SDP","Blake Snell","SDP",2023,180,3170,0.31536388,"Blake Snell",13543,605483
2023,"Zach Eflin","TBR","Zach Eflin","TBR",2023,177.2,2579,0.26458037,"Zach Eflin",13774,621107
2023,"Chris Flexen","- - -","Chris Flexen","- - -",2023,102.1,1755,0.15879828,"Chris Flexen",13896,623167
2023,"Michael Wacha","SDP","Michael Wacha","SDP",2023,134.1,2225,0.22423146,"Michael Wacha",14078,608379
2023,"Kevin Gausman","TOR","Kevin Gausman","TOR",2023,185,3071,0.31061599,"Kevin Gausman",14107,592332
2023,"José Berríos","TOR","José Berríos","TOR",2023,189.2,2939,0.23529412,"Jose Berrios",14168,621244
2023,"Tyler Glasnow","TBR","Tyler Glasnow","TBR",2023,120,1903,0.33402062,"Tyler Glasnow",14374,607192
2023,"Paul Blackburn","OAK","Paul Blackburn","OAK",2023,103.2,1876,0.22413793,"Paul Blackburn",14739,621112
2023,"Julio Urías","LAD","Julio Urías","LAD",2023,117.1,1853,0.24273859,"Julio Urias",14765,628711
2023,"Michael Lorenzen","- - -","Michael Lorenzen","- - -",2023,153,2369,0.17788462,"Michael Lorenzen",14843,547179
2023,"Jon Gray","TEX","Jon Gray","TEX",2023,157.1,2402,0.21646341,"Jon Gray",14916,592351
2023,"Andrew Heaney","TEX","Andrew Heaney","TEX",2023,147.1,2605,0.23556942,"Andrew Heaney",15423,571760
2023,"Nick Pivetta","BOS","Nick Pivetta","BOS",2023,142.2,2383,0.31175468,"Nick Pivetta",15454,601713
2023,"Lucas Giolito","- - -","Lucas Giolito","- - -",2023,184.1,3199,0.25692695,"Lucas Giolito",15474,608337
2023,"Luis Castillo","SEA","Luis Castillo","SEA",2023,197,3209,0.27306733,"Luis Castillo",15689,622491
2023,"Sean Manaea","SFG","Sean Manaea","SFG",2023,117.2,2053,0.25651303,"Sean Manaea",15873,640455
2023,"Aaron Nola","PHI","Aaron Nola","PHI",2023,193.2,3094,0.25472888,"Aaron Nola",16149,605400
2023,"Kyle Freeland","COL","Kyle Freeland","COL",2023,155.2,2419,0.13884786,"Kyle Freeland",16256,607536
2023,"Jordan Montgomery","- - -","Jordan Montgomery","- - -",2023,188.2,2923,0.21364221,"Jordan Montgomery",16511,656756
2023,"Austin Gomber","COL","Austin Gomber","COL",2023,139,2163,0.14427861,"Austin Gomber",16561,596295
2023,"Luke Weaver","- - -","Luke Weaver","- - -",2023,123.2,2260,0.19360568,"Luke Weaver",16918,596133
2023,"Trevor Williams","WSN","Trevor Williams","WSN",2023,144.1,2625,0.16843703,"Trevor Williams",16977,592866
2023,"Pablo López","MIN","Pablo López","MIN",2023,194,3028,0.29213483,"Pablo Lopez",17085,641154
2023,"Domingo Germán","NYY","Domingo Germán","NYY",2023,108.2,1657,0.25675676,"Domingo German",17149,593334
2023,"Ranger Suarez","PHI","Ranger Suarez","PHI",2023,125,2024,0.22037037,"Ranger Suarez",17277,624133
2023,"Michael Kopech","CHW","Michael Kopech","CHW",2023,129.1,2432,0.22673435,"Michael Kopech",17282,656629
2023,"Framber Valdez","HOU","Framber Valdez","HOU",2023,198,2962,0.24752475,"Framber Valdez",17295,664285
2023,"Justin Steele","CHC","Justin Steele","CHC",2023,173.1,2682,0.24581006,"Justin Steele",17312,657006
2023,"Jack Flaherty","- - -","Jack Flaherty","- - -",2023,144.1,2635,0.22769231,"Jack Flaherty",17479,656427
2023,"Mitch Keller","PIT","Mitch Keller","PIT",2023,194.1,3122,0.25454545,"Mitch Keller",17594,656605
2023,"Cristian Javier","HOU","Cristian Javier","HOU",2023,162,2886,0.23144105,"Cristian Javier",17606,664299
2023,"Logan Webb","SFG","Logan Webb","SFG",2023,216,3184,0.22823529,"Logan Webb",17995,657277
2023,"Kenta Maeda","MIN","Kenta Maeda","MIN",2023,104.1,1702,0.27336449,"Kenta Maeda",18498,628317
2023,"Dylan Cease","CHW","Dylan Cease","CHW",2023,177,3263,0.27295918,"Dylan Cease",18525,656302
2023,"Freddy Peralta","MIL","Freddy Peralta","MIL",2023,165.2,2839,0.30882353,"Freddy Peralta",18679,642547
2023,"Sandy Alcantara","MIA","Sandy Alcantara","MIA",2023,184.2,2726,0.19816273,"Sandy Alcantara",18684,645261
2023,"Zac Gallen","ARI","Zac Gallen","ARI",2023,210,3252,0.26004728,"Zac Gallen",19291,668678
2023,"Dean Kremer","BAL","Dean Kremer","BAL",2023,172.2,2933,0.21360544,"Dean Kremer",19350,665152
2023,"Corbin Burnes","MIL","Corbin Burnes","MIL",2023,193.2,3081,0.25510204,"Corbin Burnes",19361,669203
2023,"Tony Gonsolin","LAD","Tony Gonsolin","LAD",2023,103,1666,0.18850575,"Tony Gonsolin",19388,664062
2023,"Dane Dunning","TEX","Dane Dunning","TEX",2023,172.2,2698,0.19390582,"Dane Dunning",19409,641540
2023,"Shane Bieber","CLE","Shane Bieber","CLE",2023,128,1957,0.20075047,"Shane Bieber",19427,669456
2023,"Patrick Sandoval","LAA","Patrick Sandoval","LAA",2023,144.2,2625,0.19631902,"Patrick Sandoval",19447,663776
2023,"Aaron Civale","- - -","Aaron Civale","- - -",2023,122.1,2010,0.23015873,"Aaron Civale",19479,650644
2023,"Shohei Ohtani","LAA","Shohei Ohtani","LAA",2023,132,2097,0.31450094,"Shohei Ohtani",19755,660271
2023,"Michael King","NYY","Michael King","NYY",2023,104.2,1682,0.29466357,"Michael King",19853,650633
2023,"Griffin Canning","LAA","Griffin Canning","LAA",2023,127,2180,0.25932836,"Griffin Canning",19867,656288
2023,"Tanner Houck","BOS","Tanner Houck","BOS",2023,106,1742,0.21382289,"Tanner Houck",19879,656557
2023,"Clarke Schmidt","NYY","Clarke Schmidt","NYY",2023,159,2714,0.21469741,"Clarke Schmidt",19899,657376
2023,"Jesús Luzardo","MIA","Jesús Luzardo","MIA",2023,178.2,2990,0.28070175,"Jesus Luzardo",19959,666200
2023,"Joey Wentz","DET","Joey Wentz","DET",2023,105.2,1931,0.19918699,"Joey Wentz",19962,666214
2023,"Tyler Wells","BAL","Tyler Wells","BAL",2023,118.2,1905,0.24893617,"Tyler Wells",20000,669330
2023,"David Peterson","NYM","David Peterson","NYM",2023,111,1969,0.2601626,"David Peterson",20302,656849
2023,"Kutter Crawford","BOS","Kutter Crawford","BOS",2023,129.1,2100,0.25616698,"Kutter Crawford",20531,676710
2023,"Yusei Kikuchi","TOR","Yusei Kikuchi","TOR",2023,167.2,2818,0.25857143,"Yusei Kikuchi",20633,579328
2023,"J.P. France","HOU","J.P. France","HOU",2023,136.1,2206,0.17383821,"J.P. France",21212,641585
2023,"Bailey Ober","MIN","Bailey Ober","MIN",2023,144.1,2327,0.25303293,"Bailey Ober",21224,641927
2023,"Tylor Megill","NYM","Tylor Megill","NYM",2023,126.1,2237,0.18518519,"Tylor Megill",21318,656731
2023,"Joe Ryan","MIN","Joe Ryan","MIN",2023,161.2,2685,0.29315476,"Joe Ryan",21390,657746
2023,"Shane McClanahan","TBR","Shane McClanahan","TBR",2023,115,1822,0.25799574,"Shane McClanahan",21483,663556
2023,"Jake Irvin","WSN","Jake Irvin","WSN",2023,121,2149,0.18679245,"Jake Irvin",21504,663623
2023,"Luis Medina","OAK","Luis Medina","OAK",2023,109.2,1950,0.21414141,"Luis Medina",21649,665622
2023,"Javier Assad","CHC","Javier Assad","CHC",2023,109.1,1712,0.20935412,"Javier Assad",21741,665871
2023,"Braxton Garrett","MIA","Braxton Garrett","MIA",2023,159.2,2486,0.23672231,"Braxton Garrett",21844,666129
2023,"Hunter Greene","CIN","Hunter Greene","CIN",2023,112,2093,0.30522088,"Hunter Greene",22182,668881
2023,"MacKenzie Gore","WSN","MacKenzie Gore","WSN",2023,136.1,2462,0.25945017,"MacKenzie Gore",22201,669022
2023,"Logan Gilbert","SEA","Logan Gilbert","SEA",2023,190.2,2924,0.24545455,"Logan Gilbert",22250,669302
2023,"Johan Oviedo","PIT","Johan Oviedo","PIT",2023,177.2,2991,0.20230474,"Johan Oviedo",22487,670912
2023,"Taj Bradley","TBR","Taj Bradley","TBR",2023,104.2,1822,0.28043478,"Taj Bradley",22543,671737
2023,"JP Sears","OAK","JP Sears","OAK",2023,172.1,2869,0.21904762,"JP Sears",23429,676664
2023,"Brayan Bello","BOS","Brayan Bello","BOS",2023,157,2622,0.19760479,"Brayan Bello",23920,678394
2023,"Grayson Rodriguez","BAL","Grayson Rodriguez","BAL",2023,122,2104,0.25048544,"Grayson Rodriguez",24492,680570
2023,"Josiah Gray","WSN","Josiah Gray","WSN",2023,159,2814,0.20487106,"Josiah Gray",24580,680686
2023,"Kyle Bradish","BAL","Kyle Bradish","BAL",2023,168.2,2642,0.25037258,"Kyle Bradish",24586,680694
2023,"Reese Olson","DET","Reese Olson","DET",2023,103.2,1744,0.24407583,"Reese Olson",24968,681857
2023,"Brady Singer","KCR","Brady Singer","KCR",2023,159.2,2615,0.18945869,"Brady Singer",25377,663903
2023,"George Kirby","SEA","George Kirby","SEA",2023,190.2,2825,0.22721268,"George Kirby",25436,669923
2023,"Brandon Williamson","CIN","Brandon Williamson","CIN",2023,117,1940,0.19959267,"Brandon Williamson",25463,682227
2023,"Hunter Brown","HOU","Hunter Brown","HOU",2023,155.2,2725,0.26766917,"Hunter Brown",25880,686613
2023,"Ryne Nelson","ARI","Ryne Nelson","ARI",2023,144,2358,0.15508885,"Ryne Nelson",26253,669194
2023,"Reid Detmers","LAA","Reid Detmers","LAA",2023,148.2,2602,0.26086957,"Reid Detmers",27468,672282
2023,"Bobby Miller","LAD","Bobby Miller","LAD",2023,124.1,1962,0.23564356,"Bobby Miller",27483,676272
2023,"Spencer Strider","ATL","Spencer Strider","ATL",2023,186.2,3100,0.36828309,"Spencer Strider",27498,675911
2023,"Graham Ashcraft","CIN","Graham Ashcraft","CIN",2023,145.2,2326,0.17788462,"Graham Ashcraft",27552,668933
2023,"Logan Allen","CLE","Logan Allen","CLE",2023,125.1,2134,0.22160149,"Logan Allen",27589,671106
2023,"Ken Waldichuk","OAK","Ken Waldichuk","OAK",2023,141,2554,0.20657277,"Ken Waldichuk",27681,686610
2023,"Bryce Elder","ATL","Bryce Elder","ATL",2023,174.2,2851,0.17486339,"Bryce Elder",27779,693821
2023,"Bryce Miller","SEA","Bryce Miller","SEA",2023,131.1,2095,0.22160149,"Bryce Miller",29837,682243
2023,"Andrew Abbott","CIN","Andrew Abbott","CIN",2023,109.1,1898,0.26143791,"Andrew Abbott",29911,671096
2023,"Tanner Bibee","CLE","Tanner Bibee","CLE",2023,142,2326,0.24102564,"Tanner Bibee",30134,676440
2023,"Kodai Senga","NYM","Kodai Senga","NYM",2023,166.1,2803,0.29106628,"Kodai Senga",31838,673540
2024,"Lance Lynn","STL","Lance Lynn","STL",2024,117.1,2040,0.21330724,"Lance Lynn",2520,458681
2024,"Charlie Morton","ATL","Charlie Morton","ATL",2024,165.1,2795,0.2382311,"Charlie Morton",4676,450203
2024,"Albert Suárez","BAL","Albert Suárez","BAL",2024,133.2,2238,0.19115044,"Albert Suarez",6175,544150
2024,"Carlos Carrasco","CLE","Carlos Carrasco","CLE",2024,103.2,1693,0.19910515,"Carlos Carrasco",6632,471911
2024,"Martín Pérez","- - -","Martín Pérez","- - -",2024,135,2208,0.18135593,"Martin Perez",6902,527048
2024,"Nathan Eovaldi","TEX","Nathan Eovaldi","TEX",2024,170.2,2623,0.23850575,"Nathan Eovaldi",9132,543135
2024,"Patrick Corbin","WSN","Patrick Corbin","WSN",2024,174.2,2888,0.18193717,"Patrick Corbin",9323,571578
2024,"Miles Mikolas","STL","Miles Mikolas","STL",2024,171.2,2705,0.16944444,"Miles Mikolas",9803,571945
2024,"Kyle Gibson","STL","Kyle Gibson","STL",2024,169.2,2764,0.20914127,"Kyle Gibson",10123,502043
2024,"Zack Wheeler","PHI","Zack Wheeler","PHI",2024,200,3136,0.28462516,"Zack Wheeler",10310,554430
2024,"Chris Sale","ATL","Chris Sale","ATL",2024,177.2,2818,0.32051282,"Chris Sale",10603,519242
2024,"Jose Quintana","NYM","Jose Quintana","NYM",2024,170.1,2826,0.18828452,"Jose Quintana",11423,500779
2024,"José Ureña","TEX","José Ureña","TEX",2024,109,1761,0.1511879,"Jose Urena",11589,570632
2024,"Jameson Taillon","CHC","Jameson Taillon","CHC",2024,165.1,2483,0.18518519,"Jameson Taillon",11674,592791
2024,"James Paxton","- - -","James Paxton","- - -",2024,100.1,1708,0.16704805,"James Paxton",11828,572020
2024,"Kyle Hendricks","CHC","Kyle Hendricks","CHC",2024,130.2,2135,0.15343915,"Kyle Hendricks",12049,543294
2024,"Chris Bassitt","TOR","Chris Bassitt","TOR",2024,171,2968,0.22163588,"Chris Bassitt",12304,605135
2024,"Colin Rea","MIL","Colin Rea","MIL",2024,167.2,2652,0.18907563,"Colin Rea",12317,607067
2024,"Seth Lugo","KCR","Seth Lugo","KCR",2024,206.2,3112,0.21650718,"Seth Lugo",12447,607625
2024,"Nick Martinez","CIN","Nick Martinez","CIN",2024,142.1,2126,0.20350877,"Nick Martinez",12730,607259
2024,"Sonny Gray","STL","Sonny Gray","STL",2024,166.1,2486,0.30253353,"Sonny Gray",12768,543243
2024,"Tyler Anderson","LAA","Tyler Anderson","LAA",2024,179.1,2915,0.18562092,"Tyler Anderson",12880,542881
2024,"Marcus Stroman","NYY","Marcus Stroman","NYY",2024,154.2,2668,0.16740741,"Marcus Stroman",13431,573186
2024,"Blake Snell","SFG","Blake Snell","SFG",2024,104,1774,0.34688995,"Blake Snell",13543,605483
2024,"Max Fried","ATL","Max Fried","ATL",2024,174.1,2766,0.232493,"Max Fried",13743,608331
2024,"Zach Eflin","- - -","Zach Eflin","- - -",2024,165.1,2447,0.19590643,"Zach Eflin",13774,621107
2024,"Chris Flexen","CHW","Chris Flexen","CHW",2024,160,2797,0.17397454,"Chris Flexen",13896,623167
2024,"Michael Wacha","KCR","Michael Wacha","KCR",2024,166.2,2603,0.21167883,"Michael Wacha",14078,608379
2024,"Kevin Gausman","TOR","Kevin Gausman","TOR",2024,181,2959,0.21428571,"Kevin Gausman",14107,592332
2024,"José Berríos","TOR","José Berríos","TOR",2024,192.1,2916,0.19465649,"Jose Berrios",14168,621244
2024,"Frankie Montas","- - -","Frankie Montas","- - -",2024,150.2,2638,0.2259542,"Frankie Montas",14309,593423
2024,"Tyler Glasnow","LAD","Tyler Glasnow","LAD",2024,134,2012,0.32183908,"Tyler Glasnow",14374,607192
2024,"Michael Lorenzen","- - -","Michael Lorenzen","- - -",2024,130.1,2093,0.18097015,"Michael Lorenzen",14843,547179
2024,"Jon Gray","TEX","Jon Gray","TEX",2024,102.2,1631,0.19589977,"Jon Gray",14916,592351
2024,"Ben Lively","CLE","Ben Lively","CLE",2024,151,2409,0.18670886,"Ben Lively",14932,594902
2024,"Andrew Heaney","TEX","Andrew Heaney","TEX",2024,160,2735,0.22943723,"Andrew Heaney",15423,571760
2024,"Nick Pivetta","BOS","Nick Pivetta","BOS",2024,145.2,2388,0.28907563,"Nick Pivetta",15454,601713
2024,"Luis Castillo","SEA","Luis Castillo","SEA",2024,175.1,2859,0.2433936,"Luis Castillo",15689,622491
2024,"Zack Littell","TBR","Zack Littell","TBR",2024,156.1,2488,0.21493902,"Zack Littell",15823,641793
2024,"Sean Manaea","NYM","Sean Manaea","NYM",2024,181.2,2997,0.24932249,"Sean Manaea",15873,640455
2024,"Luis Severino","NYM","Luis Severino","NYM",2024,182,2892,0.21156373,"Luis Severino",15890,622663
2024,"Carlos Rodón","NYY","Carlos Rodón","NYY",2024,175,3102,0.26494565,"Carlos Rodon",16137,607074
2024,"Aaron Nola","PHI","Aaron Nola","PHI",2024,199.1,3193,0.2402439,"Aaron Nola",16149,605400
2024,"Kyle Freeland","COL","Kyle Freeland","COL",2024,113.1,1769,0.17346939,"Kyle Freeland",16256,607536
2024,"Reynaldo López","ATL","Reynaldo López","ATL",2024,135.2,2117,0.27255985,"Reynaldo Lopez",16400,625643
2024,"Jordan Montgomery","ARI","Jordan Montgomery","ARI",2024,117,1935,0.15601504,"Jordan Montgomery",16511,656756
2024,"Austin Gomber","COL","Austin Gomber","COL",2024,165,2622,0.16666667,"Austin Gomber",16561,596295
2024,"Pablo López","MIN","Pablo López","MIN",2024,185.1,2986,0.25647668,"Pablo Lopez",17085,641154
2024,"Ranger Suarez","PHI","Ranger Suarez","PHI",2024,150.2,2355,0.23162939,"Ranger Suarez",17277,624133
2024,"Framber Valdez","HOU","Framber Valdez","HOU",2024,176.1,2605,0.24039829,"Framber Valdez",17295,664285
2024,"Justin Steele","CHC","Justin Steele","CHC",2024,134.2,2047,0.24324324,"Justin Steele",17312,657006
2024,"Erick Fedde","- - -","Erick Fedde","- - -",2024,177.1,2895,0.21212121,"Erick Fedde",17425,607200
2024,"Jack Flaherty","- - -","Jack Flaherty","- - -",2024,162,2646,0.29892142,"Jack Flaherty",17479,656427
2024,"Mitch Keller","PIT","Mitch Keller","PIT",2024,178,2852,0.21474774,"Mitch Keller",17594,656605
2024,"Tyler Alexander","TBR","Tyler Alexander","TBR",2024,107.2,1669,0.1978022,"Tyler Alexander",17735,641302
2024,"Nestor Cortes","NYY","Nestor Cortes","NYY",2024,174.1,2851,0.22816901,"Nestor Cortes",17874,641482
2024,"Logan Webb","SFG","Logan Webb","SFG",2024,204.2,3202,0.20451843,"Logan Webb",17995,657277
2024,"Kenta Maeda","DET","Kenta Maeda","DET",2024,112.1,1960,0.19793814,"Kenta Maeda",18498,628317
2024,"Dylan Cease","SDP","Dylan Cease","SDP",2024,189.1,3188,0.29396325,"Dylan Cease",18525,656302
2024,"Freddy Peralta","MIL","Freddy Peralta","MIL",2024,173.2,3070,0.27586207,"Freddy Peralta",18679,642547
2024,"Cole Irvin","- - -","Cole Irvin","- - -",2024,111,1768,0.15853659,"Cole Irvin",19244,608344
2024,"Zac Gallen","ARI","Zac Gallen","ARI",2024,148,2507,0.25120773,"Zac Gallen",19291,668678
2024,"Cal Quantrill","COL","Cal Quantrill","COL",2024,148.1,2645,0.16768293,"Cal Quantrill",19312,615698
2024,"Dean Kremer","BAL","Dean Kremer","BAL",2024,129.2,2171,0.22242315,"Dean Kremer",19350,665152
2024,"Corbin Burnes","BAL","Corbin Burnes","BAL",2024,194.1,2997,0.23086735,"Corbin Burnes",19361,669203
2024,"Ronel Blanco","HOU","Ronel Blanco","HOU",2024,167.1,2753,0.24556213,"Ronel Blanco",19407,669854
2024,"Aaron Civale","- - -","Aaron Civale","- - -",2024,161,2700,0.21625544,"Aaron Civale",19479,650644
2024,"Jordan Hicks","SFG","Jordan Hicks","SFG",2024,109.2,1960,0.1995842,"Jordan Hicks",19618,663855
2024,"Michael King","SDP","Michael King","SDP",2024,173.2,2895,0.2768595,"Michael King",19853,650633
2024,"Griffin Canning","LAA","Griffin Canning","LAA",2024,171.2,2872,0.1759134,"Griffin Canning",19867,656288
2024,"Tanner Houck","BOS","Tanner Houck","BOS",2024,178.2,2736,0.20726783,"Tanner Houck",19879,656557
2024,"Bryse Wilson","MIL","Bryse Wilson","MIL",2024,104.2,1643,0.18552036,"Bryse Wilson",19990,669060
2024,"Bailey Falter","PIT","Bailey Falter","PIT",2024,142.1,2140,0.16468591,"Bailey Falter",20070,663559
2024,"David Peterson","NYM","David Peterson","NYM",2024,121,1875,0.19803922,"David Peterson",20302,656849
2024,"Casey Mize","DET","Casey Mize","DET",2024,102.1,1790,0.17256637,"Casey Mize",20492,663554
2024,"Kutter Crawford","BOS","Kutter Crawford","BOS",2024,183.2,2823,0.23056653,"Kutter Crawford",20531,676710
2024,"Bowden Francis","TOR","Bowden Francis","TOR",2024,103.2,1561,0.2254902,"Bowden Francis",20548,670102
2024,"Yusei Kikuchi","- - -","Yusei Kikuchi","- - -",2024,175.2,2926,0.2798913,"Yusei Kikuchi",20633,579328
2024,"Cristopher Sánchez","PHI","Cristopher Sánchez","PHI",2024,181.2,2798,0.20291777,"Cristopher Sanchez",20778,650911
2024,"Luis Gil","NYY","Luis Gil","NYY",2024,151.2,2666,0.26844584,"Luis Gil",21052,661563
2024,"Bailey Ober","MIN","Bailey Ober","MIN",2024,178.2,2697,0.26939351,"Bailey Ober",21224,641927
2024,"Joe Ryan","MIN","Joe Ryan","MIN",2024,135,2108,0.2732342,"Joe Ryan",21390,657746
2024,"Ryan Feltner","COL","Ryan Feltner","COL",2024,162.1,2580,0.19942197,"Ryan Feltner",21446,663372
2024,"Jake Irvin","WSN","Jake Irvin","WSN",2024,187.2,3046,0.20286086,"Jake Irvin",21504,663623
2024,"Javier Assad","CHC","Javier Assad","CHC",2024,147,2538,0.19435737,"Javier Assad",21741,665871
2024,"Cole Ragans","KCR","Cole Ragans","KCR",2024,186.1,3118,0.29265092,"Cole Ragans",21846,666142
2024,"José Soriano","LAA","José Soriano","LAA",2024,113,1739,0.20726496,"Jose Soriano",22100,667755
2024,"Hunter Greene","CIN","Hunter Greene","CIN",2024,150.1,2563,0.27659574,"Hunter Greene",22182,668881
2024,"Tobias Myers","MIL","Tobias Myers","MIL",2024,138,2153,0.22319859,"Tobias Myers",22191,668964
2024,"MacKenzie Gore","WSN","MacKenzie Gore","WSN",2024,166.1,2995,0.24760602,"MacKenzie Gore",22201,669022
2024,"Logan Gilbert","SEA","Logan Gilbert","SEA",2024,208.2,3042,0.2739726,"Logan Gilbert",22250,669302
2024,"Tarik Skubal","DET","Tarik Skubal","DET",2024,192,2868,0.30278884,"Tarik Skubal",22267,669373
2024,"Trevor Rogers","- - -","Trevor Rogers","- - -",2024,124.1,2243,0.17259786,"Trevor Rogers",22286,669432
2024,"Taj Bradley","TBR","Taj Bradley","TBR",2024,138,2296,0.26643599,"Taj Bradley",22543,671737
2024,"JP Sears","OAK","JP Sears","OAK",2024,180.2,2858,0.18073879,"JP Sears",23429,676664
2024,"Brayan Bello","BOS","Brayan Bello","BOS",2024,162.1,2713,0.21794872,"Brayan Bello",23920,678394
2024,"Grayson Rodriguez","BAL","Grayson Rodriguez","BAL",2024,116.2,1879,0.26476578,"Grayson Rodriguez",24492,680570
2024,"Simeon Woods Richardson","MIN","Simeon Woods Richardson","MIN",2024,133.2,2298,0.2056239,"Simeon Woods Richardson",24494,680573
2024,"Reese Olson","DET","Reese Olson","DET",2024,112.1,1855,0.2172043,"Reese Olson",24968,681857
2024,"Brady Singer","KCR","Brady Singer","KCR",2024,179.2,2969,0.22309711,"Brady Singer",25377,663903
2024,"George Kirby","SEA","George Kirby","SEA",2024,191,2969,0.23007712,"George Kirby",25436,669923
2024,"Matt Waldron","SDP","Matt Waldron","SDP",2024,146.2,2451,0.2128,"Matt Waldron",25550,663362
2024,"Hunter Brown","HOU","Hunter Brown","HOU",2024,170,2890,0.25140449,"Hunter Brown",25880,686613
2024,"Andre Pallante","STL","Andre Pallante","STL",2024,121.1,1981,0.18467583,"Andre Pallante",26108,669467
2024,"Ryan Pepiot","TBR","Ryan Pepiot","TBR",2024,130,2150,0.26345083,"Ryan Pepiot",26221,686752
2024,"Ryne Nelson","ARI","Ryne Nelson","ARI",2024,150.2,2407,0.2,"Ryne Nelson",26253,669194
2024,"Joey Estes","OAK","Joey Estes","OAK",2024,127.2,2027,0.1694291,"Joey Estes",26257,683155
2024,"Nick Lodolo","CIN","Nick Lodolo","CIN",2024,115.1,1865,0.2474645,"Nick Lodolo",26378,666157
2024,"Alec Marsh","KCR","Alec Marsh","KCR",2024,129,2163,0.22445255,"Alec Marsh",27451,679525
2024,"Garrett Crochet","CHW","Garrett Crochet","CHW",2024,146,2395,0.3512605,"Garrett Crochet",27463,676979
2024,"Mitchell Parker","WSN","Mitchell Parker","WSN",2024,151,2404,0.20588235,"Mitchell Parker",27636,680730
2024,"Luis Ortiz","PIT","Luis Ortiz","PIT",2024,135.2,2146,0.19244604,"Luis Ortiz",27646,682847
2024,"Mitch Spence","OAK","Mitch Spence","OAK",2024,151.1,2482,0.19354839,"Mitch Spence",27707,687765
2024,"Kyle Harrison","SFG","Kyle Harrison","SFG",2024,124.1,2078,0.22180451,"Kyle Harrison",27758,690986
2024,"Brandon Pfaadt","ARI","Brandon Pfaadt","ARI",2024,181.2,2797,0.24342105,"Brandon Pfaadt",27782,694297
2024,"Gavin Stone","LAD","Gavin Stone","LAD",2024,140.1,2153,0.2,"Gavin Stone",27792,694813
2024,"Jared Jones","PIT","Jared Jones","PIT",2024,121.2,1912,0.26190476,"Jared Jones",27863,683003
2024,"Bryce Miller","SEA","Bryce Miller","SEA",2024,180.1,2749,0.24289773,"Bryce Miller",29837,682243
2024,"Andrew Abbott","CIN","Andrew Abbott","CIN",2024,138,2333,0.19453925,"Andrew Abbott",29911,671096
2024,"Spencer Arrighetti","HOU","Spencer Arrighetti","HOU",2024,145,2509,0.27056962,"Spencer Arrighetti",29921,681293
2024,"Tanner Bibee","CLE","Tanner Bibee","CLE",2024,173.2,2853,0.26338028,"Tanner Bibee",30134,676440
2024,"Bryan Woo","SEA","Bryan Woo","SEA",2024,121.1,1717,0.21398305,"Bryan Woo",30279,693433
2024,"Jonathan Cannon","CHW","Jonathan Cannon","CHW",2024,124.1,2029,0.1743295,"Jonathan Cannon",31730,686563
2024,"Spencer Schwellenbach","ATL","Spencer Schwellenbach","ATL",2024,123.2,1887,0.254,"Spencer Schwellenbach",31846,680885
2024,"Paul Skenes","PIT","Paul Skenes","PIT",2024,133,2127,0.3307393,"Paul Skenes",33677,694973
2024,"Shota Imanaga","CHC","Shota Imanaga","CHC",2024,173.1,2594,0.25072046,"Shota Imanaga",33829,684007
2025,"Clayton Kershaw","LAD","Clayton Kershaw","LAD",2025,112.2,1772,0.18142549,"Clayton Kershaw",2036,477132
2025,"Charlie Morton","- - -","Charlie Morton","- - -",2025,142,2551,0.22782875,"Charlie Morton",4676,450203
2025,"Justin Verlander","SFG","Justin Verlander","SFG",2025,152,2608,0.20694864,"Justin Verlander",8700,434378
2025,"Nathan Eovaldi","TEX","Nathan Eovaldi","TEX",2025,130,1920,0.26008065,"Nathan Eovaldi",9132,543135
2025,"Patrick Corbin","TEX","Patrick Corbin","TEX",2025,155.1,2589,0.19758673,"Patrick Corbin",9323,571578
2025,"Miles Mikolas","STL","Miles Mikolas","STL",2025,156.1,2483,0.14947683,"Miles Mikolas",9803,571945
2025,"Zack Wheeler","PHI","Zack Wheeler","PHI",2025,149.2,2394,0.33333333,"Zack Wheeler",10310,554430
2025,"Chris Sale","ATL","Chris Sale","ATL",2025,125.2,2031,0.32352941,"Chris Sale",10603,519242
2025,"Jacob deGrom","TEX","Jacob deGrom","TEX",2025,172.2,2617,0.27653214,"Jacob deGrom",10954,594798
2025,"Merrill Kelly","- - -","Merrill Kelly","- - -",2025,184,2835,0.22326203,"Merrill Kelly",11156,518876
2025,"Jose Quintana","MIL","Jose Quintana","MIL",2025,131.2,2177,0.16007194,"Jose Quintana",11423,500779
2025,"Robbie Ray","SFG","Robbie Ray","SFG",2025,182.1,3072,0.24635762,"Robbie Ray",11486,592662
2025,"Jameson Taillon","CHC","Jameson Taillon","CHC",2025,129.2,1979,0.18882466,"Jameson Taillon",11674,592791
2025,"Taijuan Walker","PHI","Taijuan Walker","PHI",2025,123.2,2062,0.1598513,"Taijuan Walker",11836,592836
2025,"Kyle Hendricks","LAA","Kyle Hendricks","LAA",2025,164.2,2574,0.16402878,"Kyle Hendricks",12049,543294
2025,"Chris Bassitt","TOR","Chris Bassitt","TOR",2025,170.1,2836,0.22554348,"Chris Bassitt",12304,605135
2025,"Colin Rea","CHC","Colin Rea","CHC",2025,159.1,2536,0.1918429,"Colin Rea",12317,607067
2025,"Seth Lugo","KCR","Seth Lugo","KCR",2025,145.1,2380,0.20458265,"Seth Lugo",12447,607625
2025,"Adrian Houser","- - -","Adrian Houser","- - -",2025,125,1892,0.17760618,"Adrian Houser",12718,605288
2025,"Nick Martinez","CIN","Nick Martinez","CIN",2025,165.2,2578,0.16983895,"Nick Martinez",12730,607259
2025,"Sonny Gray","STL","Sonny Gray","STL",2025,180.2,2724,0.26693227,"Sonny Gray",12768,543243
2025,"Tyler Anderson","LAA","Tyler Anderson","LAA",2025,136.1,2340,0.1736227,"Tyler Anderson",12880,542881
2025,"Eduardo Rodriguez","ARI","Eduardo Rodriguez","ARI",2025,154.1,2592,0.20605187,"Eduardo Rodriguez",13164,593958
2025,"Clay Holmes","NYM","Clay Holmes","NYM",2025,165.2,2766,0.18220339,"Clay Holmes",13649,605280
2025,"Max Fried","NYY","Max Fried","NYY",2025,195.1,3110,0.23595506,"Max Fried",13743,608331
2025,"Michael Wacha","KCR","Michael Wacha","KCR",2025,172.2,2666,0.17597765,"Michael Wacha",14078,608379
2025,"Kevin Gausman","TOR","Kevin Gausman","TOR",2025,193,3030,0.24387097,"Kevin Gausman",14107,592332
2025,"José Berríos","TOR","José Berríos","TOR",2025,166,2584,0.19770774,"Jose Berrios",14168,621244
2025,"Michael Lorenzen","KCR","Michael Lorenzen","KCR",2025,141.2,2318,0.20957096,"Michael Lorenzen",14843,547179
2025,"Germán Márquez","COL","Germán Márquez","COL",2025,126.1,2087,0.14043993,"German Marquez",15038,608566
2025,"Andrew Heaney","- - -","Andrew Heaney","- - -",2025,122.1,2085,0.16044776,"Andrew Heaney",15423,571760
2025,"Matthew Boyd","CHC","Matthew Boyd","CHC",2025,179.2,2747,0.21448468,"Matthew Boyd",15440,571510
2025,"Nick Pivetta","SDP","Nick Pivetta","SDP",2025,181.2,2852,0.26352288,"Nick Pivetta",15454,601713
2025,"Lucas Giolito","BOS","Lucas Giolito","BOS",2025,145,2372,0.19738989,"Lucas Giolito",15474,608337
2025,"Antonio Senzatela","COL","Antonio Senzatela","COL",2025,130,2286,0.11812298,"Antonio Senzatela",15488,622608
2025,"Luis Castillo","SEA","Luis Castillo","SEA",2025,180.2,2988,0.21744966,"Luis Castillo",15689,622491
2025,"Zack Littell","- - -","Zack Littell","- - -",2025,186.2,2789,0.171278,"Zack Littell",15823,641793
2025,"Luis Severino","ATH","Luis Severino","ATH",2025,162.2,2731,0.17588652,"Luis Severino",15890,622663
2025,"Carlos Rodón","NYY","Carlos Rodón","NYY",2025,195.1,3213,0.25728771,"Carlos Rodon",16137,607074
2025,"Kyle Freeland","COL","Kyle Freeland","COL",2025,162.2,2482,0.17489422,"Kyle Freeland",16256,607536
2025,"Grant Holmes","ATL","Grant Holmes","ATL",2025,115,1966,0.25,"Grant Holmes",16944,656550
2025,"Ranger Suarez","PHI","Ranger Suarez","PHI",2025,157.1,2432,0.23195084,"Ranger Suarez",17277,624133
2025,"Framber Valdez","HOU","Framber Valdez","HOU",2025,192,2898,0.23316708,"Framber Valdez",17295,664285
2025,"Erick Fedde","- - -","Erick Fedde","- - -",2025,141,2372,0.13322632,"Erick Fedde",17425,607200
2025,"Jack Flaherty","DET","Jack Flaherty","DET",2025,161,2831,0.27606461,"Jack Flaherty",17479,656427
2025,"Mitch Keller","PIT","Mitch Keller","PIT",2025,176.1,2871,0.20026702,"Mitch Keller",17594,656605
2025,"Jeffrey Springs","ATH","Jeffrey Springs","ATH",2025,171,2849,0.19354839,"Jeffrey Springs",17677,605488
2025,"Logan Webb","SFG","Logan Webb","SFG",2025,207,3282,0.26168224,"Logan Webb",17995,657277
2025,"Dylan Cease","SDP","Dylan Cease","SDP",2025,168,3046,0.29778393,"Dylan Cease",18525,656302
2025,"Freddy Peralta","MIL","Freddy Peralta","MIL",2025,176.2,3089,0.28215768,"Freddy Peralta",18679,642547
2025,"Sandy Alcantara","MIA","Sandy Alcantara","MIA",2025,174.2,2893,0.19060403,"Sandy Alcantara",18684,645261
2025,"Zac Gallen","ARI","Zac Gallen","ARI",2025,192,3135,0.21525215,"Zac Gallen",19291,668678
2025,"Cal Quantrill","- - -","Cal Quantrill","- - -",2025,117.2,2006,0.16569201,"Cal Quantrill",19312,615698
2025,"Eric Lauer","TOR","Eric Lauer","TOR",2025,104.2,1686,0.23943662,"Eric Lauer",19316,641778
2025,"Dean Kremer","BAL","Dean Kremer","BAL",2025,171.2,2756,0.20056497,"Dean Kremer",19350,665152
2025,"Walker Buehler","- - -","Walker Buehler","- - -",2025,126,2191,0.16283186,"Walker Buehler",19374,621111
2025,"Aaron Civale","- - -","Aaron Civale","- - -",2025,102,1747,0.20229885,"Aaron Civale",19479,650644
2025,"Dustin May","- - -","Dustin May","- - -",2025,132.1,2170,0.21061644,"Dustin May",19716,669160
2025,"Jesús Luzardo","PHI","Jesús Luzardo","PHI",2025,183.2,3015,0.28496042,"Jesus Luzardo",19959,666200
2025,"Bailey Falter","- - -","Bailey Falter","- - -",2025,125.1,1952,0.15637066,"Bailey Falter",20070,663559
2025,"Chris Paddack","- - -","Chris Paddack","- - -",2025,158,2566,0.16716418,"Chris Paddack",20099,663978
2025,"David Peterson","NYM","David Peterson","NYM",2025,168.2,2699,0.20746888,"David Peterson",20302,656849
2025,"Casey Mize","DET","Casey Mize","DET",2025,149,2353,0.22169059,"Casey Mize",20492,663554
2025,"Yusei Kikuchi","LAA","Yusei Kikuchi","LAA",2025,178.1,3097,0.2253886,"Yusei Kikuchi",20633,579328
2025,"Cristopher Sánchez","PHI","Cristopher Sánchez","PHI",2025,202,2897,0.26270136,"Cristopher Sanchez",20778,650911
2025,"Bailey Ober","MIN","Bailey Ober","MIN",2025,146.1,2356,0.19230769,"Bailey Ober",21224,641927
2025,"Joe Ryan","MIN","Joe Ryan","MIN",2025,171,2798,0.28156749,"Joe Ryan",21390,657746
2025,"Davis Martin","CHW","Davis Martin","CHW",2025,142.2,2311,0.17304493,"Davis Martin",21448,663436
2025,"Kris Bubic","KCR","Kris Bubic","KCR",2025,116.1,1795,0.24369748,"Kris Bubic",21455,663460
2025,"Stephen Kolek","- - -","Stephen Kolek","- - -",2025,112.2,1689,0.1670282,"Stephen Kolek",21487,663568
2025,"Jake Irvin","WSN","Jake Irvin","WSN",2025,180,2947,0.15756036,"Jake Irvin",21504,663623
2025,"Edward Cabrera","MIA","Edward Cabrera","MIA",2025,137.2,2253,0.25817556,"Edward Cabrera",21690,665795
2025,"José Soriano","LAA","José Soriano","LAA",2025,169,2784,0.20994475,"Jose Soriano",22100,667755
2025,"Hunter Greene","CIN","Hunter Greene","CIN",2025,107.2,1748,0.31428571,"Hunter Greene",22182,668881
2025,"MacKenzie Gore","WSN","MacKenzie Gore","WSN",2025,159.2,2819,0.27205882,"MacKenzie Gore",22201,669022
2025,"Logan Gilbert","SEA","Logan Gilbert","SEA",2025,131,2156,0.32336449,"Logan Gilbert",22250,669302
2025,"Shane Baz","TBR","Shane Baz","TBR",2025,166.1,2724,0.24753868,"Shane Baz",22264,669358
2025,"Tarik Skubal","DET","Tarik Skubal","DET",2025,195.1,2849,0.32219251,"Tarik Skubal",22267,669373
2025,"Trevor Rogers","BAL","Trevor Rogers","BAL",2025,109.2,1627,0.24349882,"Trevor Rogers",22286,669432
2025,"Matthew Liberatore","STL","Matthew Liberatore","STL",2025,151.2,2390,0.1882716,"Matthew Liberatore",22294,669461
2025,"Taj Bradley","- - -","Taj Bradley","- - -",2025,142.2,2327,0.20991736,"Taj Bradley",22543,671737
2025,"Janson Junk","MIA","Janson Junk","MIA",2025,110,1622,0.17225951,"Janson Junk",23301,676083
2025,"JP Sears","- - -","JP Sears","- - -",2025,135.2,2366,0.20068611,"JP Sears",23429,676664
2025,"Ben Brown","CHC","Ben Brown","CHC",2025,106.1,1759,0.25635593,"Ben Brown",23590,676962
2025,"Brayan Bello","BOS","Brayan Bello","BOS",2025,166.2,2698,0.17714286,"Brayan Bello",23920,678394
2025,"Simeon Woods Richardson","MIN","Simeon Woods Richardson","MIN",2025,111.1,1881,0.22717622,"Simeon Woods Richardson",24494,680573
2025,"Randy Vásquez","SDP","Randy Vásquez","SDP",2025,133.2,2149,0.13684211,"Randy Vasquez",24719,681190
2025,"Brady Singer","CIN","Brady Singer","CIN",2025,169.2,2850,0.22765363,"Brady Singer",25377,663903
2025,"Drew Rasmussen","TBR","Drew Rasmussen","TBR",2025,150,2316,0.21709402,"Drew Rasmussen",25385,656876
2025,"George Kirby","SEA","George Kirby","SEA",2025,126,2087,0.26145038,"George Kirby",25436,669923
2025,"Hunter Brown","HOU","Hunter Brown","HOU",2025,185.1,2964,0.28257888,"Hunter Brown",25880,686613
2025,"Quinn Priester","MIL","Quinn Priester","MIL",2025,157.1,2469,0.20214395,"Quinn Priester",25977,682990
2025,"Andre Pallante","STL","Andre Pallante","STL",2025,162.2,2722,0.15524476,"Andre Pallante",26108,669467
2025,"Ryan Pepiot","TBR","Ryan Pepiot","TBR",2025,167.2,2700,0.24594993,"Ryan Pepiot",26221,686752
2025,"Ryne Nelson","ARI","Ryne Nelson","ARI",2025,154,2467,0.21324717,"Ryne Nelson",26253,669194
2025,"Nick Lodolo","CIN","Nick Lodolo","CIN",2025,156.2,2479,0.24299065,"Nick Lodolo",26378,666157
2025,"Ryan Gusto","- - -","Ryan Gusto","- - -",2025,101.2,1762,0.21412804,"Ryan Gusto",26440,687473
2025,"Garrett Crochet","BOS","Garrett Crochet","BOS",2025,205.1,3151,0.31326781,"Garrett Crochet",27463,676979
2025,"Spencer Strider","ATL","Spencer Strider","ATL",2025,125.1,2111,0.24304267,"Spencer Strider",27498,675911
2025,"Slade Cecconi","CLE","Slade Cecconi","CLE",2025,132,2065,0.2,"Slade Cecconi",27500,677944
2025,"Logan Allen","CLE","Logan Allen","CLE",2025,156.2,2709,0.18047337,"Logan Allen",27589,671106
2025,"Mitchell Parker","WSN","Mitchell Parker","WSN",2025,164.2,2707,0.14206897,"Mitchell Parker",27636,680730
2025,"Jack Kochanowicz","LAA","Jack Kochanowicz","LAA",2025,111,1862,0.140625,"Jack Kochanowicz",27688,686799
2025,"Bryce Elder","ATL","Bryce Elder","ATL",2025,156.1,2515,0.19293078,"Bryce Elder",27779,693821
2025,"Brandon Pfaadt","ARI","Brandon Pfaadt","ARI",2025,176.2,2923,0.1916558,"Brandon Pfaadt",27782,694297
2025,"Sean Burke","CHW","Sean Burke","CHW",2025,134.1,2380,0.22315436,"Sean Burke",29878,680732
2025,"Andrew Abbott","CIN","Andrew Abbott","CIN",2025,166.1,2677,0.21783626,"Andrew Abbott",29911,671096
2025,"Cade Povich","BAL","Cade Povich","BAL",2025,112.1,1971,0.24180328,"Cade Povich",30055,700249
2025,"Landen Roupp","SFG","Landen Roupp","SFG",2025,106.2,1851,0.21428571,"Landen Roupp",30076,694738
2025,"Mike Vasil","CHW","Mike Vasil","CHW",2025,101,1649,0.19385343,"Mike Vasil",30105,678024
2025,"Chad Patrick","MIL","Chad Patrick","MIL",2025,119.2,2011,0.25248509,"Chad Patrick",30113,694477
2025,"Gavin Williams","CLE","Gavin Williams","CLE",2025,167.2,2925,0.24573864,"Gavin Williams",30122,668909
2025,"Tanner Bibee","CLE","Tanner Bibee","CLE",2025,182.1,2971,0.21259843,"Tanner Bibee",30134,676440
2025,"Jack Leiter","TEX","Jack Leiter","TEX",2025,151.2,2585,0.22910217,"Jack Leiter",30146,683004
2025,"Will Warren","NYY","Will Warren","NYY",2025,162.1,2808,0.24050633,"Will Warren",30182,701542
2025,"Noah Cameron","KCR","Noah Cameron","KCR",2025,138.1,2166,0.20503597,"Noah Cameron",30184,702070
2025,"Bryan Woo","SEA","Bryan Woo","SEA",2025,186.2,2714,0.27086183,"Bryan Woo",30279,693433
2025,"Shane Smith","CHW","Shane Smith","CHW",2025,146.1,2419,0.23538961,"Shane Smith",31687,681343
2025,"Jonathan Cannon","CHW","Jonathan Cannon","CHW",2025,103.2,1795,0.18454936,"Jonathan Cannon",31730,686563
2025,"Kodai Senga","NYM","Kodai Senga","NYM",2025,113.1,1908,0.22614108,"Kodai Senga",31838,673540
2025,"Spencer Schwellenbach","ATL","Spencer Schwellenbach","ATL",2025,110.2,1573,0.24884793,"Spencer Schwellenbach",31846,680885
2025,"Cade Horton","CHC","Cade Horton","CHC",2025,118,1790,0.20378151,"Cade Horton",31872,690990
2025,"Brad Lord","WSN","Brad Lord","WSN",2025,130.2,2129,0.1978022,"Brad Lord",31972,695418
2025,"Paul Skenes","PIT","Paul Skenes","PIT",2025,187.2,2997,0.2946794,"Paul Skenes",33677,694973
2025,"Yoshinobu Yamamoto","LAD","Yoshinobu Yamamoto","LAD",2025,173.2,2792,0.29385965,"Yoshinobu Yamamoto",33825,808967
2025,"Shota Imanaga","CHC","Shota Imanaga","CHC",2025,144.2,2178,0.20634921,"Shota Imanaga",33829,684007
2025,"Tomoyuki Sugano","BAL","Tomoyuki Sugano","BAL",2025,157,2568,0.15703704,"Tomoyuki Sugano",35321,608372